PriorityScore,Path,Drive,FileName,Extension,Kind,Family,Categories,CandidateSources,FilenameTerms,ContentTerms,TemporalTerms,LogTerms,ReaderTerms,CausalityTerms,SizeBytes,CreatedUtc,LastWriteUtc,SHA256,HashBytesRead,ExistsVerified,NotTruncatedVerified
33,G:\BACKUPS ONLY\clearbox-ai-studio-v2-main backup 1\tools\diagnostic\probes\temporal_audit.py,G:,temporal_audit.py,.py,source_system,clearbox,temporal;log,content;filename_or_path,temporal,content_match_target_pattern,temporal,audit,,,4835,2026-03-14T12:20:06.568285+00:00,2026-03-02T12:04:59.132745+00:00,7789c784fa5f0bac4dbd6bfcbeaccef2f1c4f08aaf72bd00ce86cfa0a3a4a5bb,4835,true,true
33,G:\BACKUPS ONLY\clearbox-ai-studio-v2-main\tools\diagnostic\probes\temporal_audit.py,G:,temporal_audit.py,.py,source_system,clearbox,temporal;log,content;filename_or_path,temporal,content_match_target_pattern,temporal,audit,,,4835,2026-03-15T12:11:46.214019+00:00,2026-03-02T12:04:59.132745+00:00,7789c784fa5f0bac4dbd6bfcbeaccef2f1c4f08aaf72bd00ce86cfa0a3a4a5bb,4835,true,true
28,C:\Users\mydyi\Desktop\Clearbox-616-Standalone\data\maps\rcpt_20260410_132402_d8de0398.chat_export_conversations_001json_019_temporal_causality_financial_engine.map.json,C:,rcpt_20260410_132402_d8de0398.chat_export_conversations_001json_019_temporal_causality_financial_engine.map.json,.json,data_or_config,clearbox,temporal;causality,content;filename_or_path,causal;temporal,content_match_target_pattern,temporal,,,causal;causality,4431114,2026-04-10T13:24:03.338882+00:00,2026-04-10T13:24:03.348068+00:00,a03e77bcf4153c2edb8d8057871554a374e585f56cf18eeff07fcfa5e6a108b4,4431114,true,true
28,C:\Users\mydyi\Desktop\Clearbox-616-Standalone\data\receipts\rcpt_20260410_132402_d8de0398.chat_export_conversations_001json_019_temporal_causality_financial_engine.receipt.json,C:,rcpt_20260410_132402_d8de0398.chat_export_conversations_001json_019_temporal_causality_financial_engine.receipt.json,.json,data_or_config,clearbox,temporal;causality,content;filename_or_path,causal;temporal,content_match_target_pattern,temporal,,,causal;causality,621,2026-04-10T13:24:03.078013+00:00,2026-04-10T13:24:03.078013+00:00,a47ecd6de8929bb1e4a9de532734be1eed2aefb21606ad7699b0ab57734aaf91,621,true,true
23,C:\Users\mydyi\OneDrive\Documents\Desktop\clearbox-plugins\lakespeak\events\training_logger.py,C:,training_logger.py,.py,source_system,clearbox,log,content;filename_or_path,logger,content_match_target_pattern,,log;logger,,,11738,2026-03-03T21:59:21.304620+00:00,2026-03-03T21:49:39.925704+00:00,93dc98a4fe03f8d4c04b4ad7db10dc6987da8ec686a426c72b3ea34945d1fd8d,11738,true,true
23,C:\Users\mydyi\OneDrive\Documents\Desktop\clearbox-plugins\wolf_engine\evidence\timebase.py,C:,timebase.py,.py,source_system,clearbox,temporal,content;filename_or_path,timebase,content_match_target_pattern,timebase,,,,2719,2026-03-03T21:59:22.276624+00:00,2026-03-03T21:49:41.061258+00:00,f825c1f07a816c9dd01ce95ab3864be80157f0b37e83de4efefbad76011f121f,2719,true,true
23,C:\Users\mydyi\OneDrive\Documents\Desktop\clearbox-plugins\wolf_engine\logging_config.py,C:,logging_config.py,.py,source_system,clearbox,log,content;filename_or_path,logging,content_match_target_pattern,,log;logging,,,1513,2026-03-03T21:59:21.797280+00:00,2026-03-03T21:49:40.586359+00:00,a942db89cba21dfed9944fe73d1904bcb752d121d2322161ab589ea643f6c07c,1513,true,true
23,C:\Users\mydyi\OneDrive\Documents\Desktop\clearbox-plugins\wolf_engine\modules\loggers\ads_detector.py,C:,ads_detector.py,.py,source_system,clearbox,log,content;filename_or_path,logger,content_match_target_pattern,,log;logger,,,5423,2026-03-03T21:59:22.449608+00:00,2026-03-03T21:49:41.359804+00:00,e3541fddfd7aacc63a54a57785710400670d99f94861854aa5530a5c238fec35,5423,true,true
23,C:\Users\mydyi\OneDrive\Documents\Desktop\clearbox-plugins\wolf_engine\modules\loggers\camera_movement.py,C:,camera_movement.py,.py,source_system,clearbox,log,content;filename_or_path,logger,content_match_target_pattern,,log;logger,,,4047,2026-03-03T21:59:22.449608+00:00,2026-03-03T21:49:41.365806+00:00,8590bcd6760f071714f3de7f70ce0e65794a31609f8e78e28fd3722f235c6215,4047,true,true
23,C:\Users\mydyi\OneDrive\Documents\Desktop\clearbox-plugins\wolf_engine\modules\loggers\movement_state.py,C:,movement_state.py,.py,source_system,clearbox,log,content;filename_or_path,logger,content_match_target_pattern,,log;logger,,,4927,2026-03-03T21:59:22.449608+00:00,2026-03-03T21:49:41.384773+00:00,38561ba3f326a5613a694726cabcf99800e078c915868b786ac4a3fbe5be6f72,4927,true,true
23,C:\Users\mydyi\OneDrive\Documents\Desktop\clearbox-plugins\wolf_engine\modules\loggers\trigger_pull.py,C:,trigger_pull.py,.py,source_system,clearbox,log,content;filename_or_path,logger,content_match_target_pattern,,log;logger,,,4709,2026-03-03T21:59:22.465732+00:00,2026-03-03T21:49:41.421759+00:00,6b256169734eeb8583eb329e4944a0cd2f74733f9df06c48a9ff910fdbc74e1e,4709,true,true
23,C:\Users\mydyi\OneDrive\Documents\Desktop\clearbox-plugins\wolf_engine\modules\reasoning\causal.py,C:,causal.py,.py,source_system,clearbox,causality,content;filename_or_path,causal,content_match_target_pattern,,,,causal,1427,2026-03-03T21:59:22.497561+00:00,2026-03-03T21:49:41.492105+00:00,40d7ff8f308cb6cf34247735bfe9e20b4cb3f1fa002319795765b43e106ce9bb,1427,true,true
23,C:\Users\mydyi\OneDrive\Documents\Desktop\clearbox-plugins\wolf_engine\reasoning\causal_analyzer.py,C:,causal_analyzer.py,.py,source_system,clearbox,causality,content;filename_or_path,causal,content_match_target_pattern,,,,causal,4378,2026-03-03T21:59:22.544824+00:00,2026-03-03T21:49:41.604711+00:00,894c2a5967ca1d3f71438fd66b12bb4bc031580551f0e93179ab17e897f16cef,4378,true,true
23,C:\Users\mydyi\OneDrive\Documents\Desktop\clearbox-plugins\wolf_engine\sql\sqlite_reader.py,C:,sqlite_reader.py,.py,source_system,clearbox,reader,content;filename_or_path,reader,content_match_target_pattern,,,reader,,4287,2026-03-03T21:59:22.624948+00:00,2026-03-03T21:49:42.681297+00:00,8725c816d6e7cb559894e59cf045fdbe116039edcf62efd69eaa940e2a961e67,4287,true,true
23,E:\Clearbox-AI-Plugin-Runner-main\Clearbox-AI-Plugin-Runner-main\claude_sandbox\plugins\market_oracle\core\causal_analyzer.py,E:,causal_analyzer.py,.py,source_system,clearbox,causality,content;filename_or_path,causal,content_match_target_pattern,,,,causal,5735,2026-03-11T11:20:56+00:00,2026-03-14T00:12:05.683769+00:00,954c68a2fa4706ccbf1edbbdc0f07889465da43d1cd21b3bca245894c50cb4dc,5735,true,true
23,E:\Clearbox-AI-Plugin-Runner-main\Clearbox-AI-Plugin-Runner-main\plugins\lakespeak\events\training_logger.py,E:,training_logger.py,.py,source_system,clearbox,log,content;filename_or_path,logger,content_match_target_pattern,,log;logger,,,11320,2026-03-11T11:20:56+00:00,2026-03-14T00:12:06.188718+00:00,463bad0622797fc1a332db974a55973de4d2375c598f49393554ec842df651e3,11320,true,true
23,E:\Clearbox-AI-Plugin-Runner-main\Clearbox-AI-Plugin-Runner-main\plugins\wolf_engine\evidence\timebase.py,E:,timebase.py,.py,source_system,clearbox,temporal,content;filename_or_path,timebase,content_match_target_pattern,timebase,,,,2635,2026-03-11T11:20:56+00:00,2026-03-14T00:12:06.559806+00:00,a2219a72cfa9d6f7ee2a7c8ec8f946cb0311fd39152a8e2411490642ea4400e4,2635,true,true
23,E:\Clearbox-AI-Plugin-Runner-main\Clearbox-AI-Plugin-Runner-main\plugins\wolf_engine\logging_config.py,E:,logging_config.py,.py,source_system,clearbox,log,content;filename_or_path,logging,content_match_target_pattern,,log;logging,,,1460,2026-03-11T11:20:56+00:00,2026-03-14T00:12:06.410898+00:00,1cbba764192a55543e748141a28703ccda878fa3d973392561a35ab98e22b32a,1460,true,true
23,E:\Clearbox-AI-Plugin-Runner-main\Clearbox-AI-Plugin-Runner-main\plugins\wolf_engine\modules\loggers\ads_detector.py,E:,ads_detector.py,.py,source_system,clearbox,log,content;filename_or_path,logger,content_match_target_pattern,,log;logger,,,5262,2026-03-11T11:20:56+00:00,2026-03-14T00:12:06.664076+00:00,e1eb0faeea300a6c4d981a257d865717c34b52e46a57d97795d1f1674e93fb6e,5262,true,true
23,E:\Clearbox-AI-Plugin-Runner-main\Clearbox-AI-Plugin-Runner-main\plugins\wolf_engine\modules\loggers\camera_movement.py,E:,camera_movement.py,.py,source_system,clearbox,log,content;filename_or_path,logger,content_match_target_pattern,,log;logger,,,3930,2026-03-11T11:20:56+00:00,2026-03-14T00:12:06.667464+00:00,e0f25297693172032b8295c01c298c2ff49b3763410c1c890d3678328747b166,3930,true,true
23,E:\Clearbox-AI-Plugin-Runner-main\Clearbox-AI-Plugin-Runner-main\plugins\wolf_engine\modules\loggers\movement_state.py,E:,movement_state.py,.py,source_system,clearbox,log,content;filename_or_path,logger,content_match_target_pattern,,log;logger,,,4776,2026-03-11T11:20:56+00:00,2026-03-14T00:12:06.667464+00:00,731659bed267895b92f8d94acd9694eb0a452fbce85bd5540e188ca0cff6fd3b,4776,true,true
23,E:\Clearbox-AI-Plugin-Runner-main\Clearbox-AI-Plugin-Runner-main\plugins\wolf_engine\modules\loggers\trigger_pull.py,E:,trigger_pull.py,.py,source_system,clearbox,log,content;filename_or_path,logger,content_match_target_pattern,,log;logger,,,4571,2026-03-11T11:20:56+00:00,2026-03-14T00:12:06.688626+00:00,cc759c1af0ff5153ed3f08404ba510665b5f1eedc52d9d53f04d5c47528d2930,4571,true,true
23,E:\Clearbox-AI-Plugin-Runner-main\Clearbox-AI-Plugin-Runner-main\plugins\wolf_engine\modules\reasoning\causal.py,E:,causal.py,.py,source_system,clearbox,causality,content;filename_or_path,causal,content_match_target_pattern,,,,causal,1383,2026-03-11T11:20:56+00:00,2026-03-14T00:12:06.717237+00:00,94054d10d889e44d608910eb9510c669e1c231579008915d98c1fc2f2e321591,1383,true,true
23,E:\Clearbox-AI-Plugin-Runner-main\Clearbox-AI-Plugin-Runner-main\plugins\wolf_engine\reasoning\causal_analyzer.py,E:,causal_analyzer.py,.py,source_system,clearbox,causality,content;filename_or_path,causal,content_match_target_pattern,,,,causal,4258,2026-03-11T11:20:56+00:00,2026-03-14T00:12:06.750594+00:00,c10cf2077e85280862a40ef08d2a02433f932faca6c030fbf986c8f8722bdec6,4258,true,true
23,E:\Clearbox-AI-Plugin-Runner-main\Clearbox-AI-Plugin-Runner-main\plugins\wolf_engine\sql\sqlite_reader.py,E:,sqlite_reader.py,.py,source_system,clearbox,reader,content;filename_or_path,reader,content_match_target_pattern,,,reader,,4169,2026-03-11T11:20:56+00:00,2026-03-14T00:12:06.804526+00:00,10ac95d219c82e6dc8031e0d62b854503d03a5d445b1a6dd8ec1a03ee1bed042,4169,true,true
23,E:\clearbox-ai-studio-v2-main\Conversations\threads\daily_logger.py,E:,daily_logger.py,.py,source_system,clearbox,log,content;filename_or_path,daily_logger,content_match_target_pattern,,daily_logger;log;logger,,,12278,2026-03-23T17:21:08.959221+00:00,2026-03-23T17:21:08.959737+00:00,2916c0f384be799a0d2618ed2f50066137103de7d206b619db0bbf591eb4fcaf,12278,true,true
23,E:\clearbox-ai-studio-v2-main\Conversations\threads\history_retriever.py,E:,history_retriever.py,.py,source_system,clearbox,reader,content;filename_or_path,history,content_match_target_pattern,,,retriever,,11835,2026-04-08T10:13:00.348181+00:00,2026-04-08T10:13:00.348181+00:00,85405d4e8f064e13a4d0631a200711c8bcbc400f159cf8b25b8360dcb55b5e4f,11835,true,true
23,E:\clearbox-ai-studio-v2-main\Conversations\threads\reader.py,E:,reader.py,.py,source_system,clearbox,reader,content;filename_or_path,reader,content_match_target_pattern,,,reader,,7864,2026-03-02T12:04:52.998650+00:00,2026-03-16T21:48:40.924520+00:00,884b2aeced37f6e0b66140aec5279be9a6045cf5152bb237b767ff3c0b9508f3,7864,true,true
23,E:\clearbox-ai-studio-v2-main\Conversations\threads\reasoning_log.py,E:,reasoning_log.py,.py,source_system,clearbox,log,content;filename_or_path,reasoning_log,content_match_target_pattern,,log;reasoning_log,,,5470,2026-03-12T19:19:32.206499+00:00,2026-03-16T21:48:40.924520+00:00,dd167786e2ba616eec7ba07388c04c23acbbc8f91bf7190fba1c2a00ddf1c942,5470,true,true
23,E:\clearbox-ai-studio-v2-main\core\lakespeak\events\training_logger.py,E:,training_logger.py,.py,source_system,clearbox,log,content;filename_or_path,logger,content_match_target_pattern,,log;logger,,,11730,2026-03-14T21:18:54.576817+00:00,2026-03-16T21:48:46.589011+00:00,2b71502bb113f6a975111aa656aeb361b0e43dd83b62a51616a361a3a8ace828,11730,true,true
23,E:\clearbox-ai-studio-v2-main\core\observe\reader.py,E:,reader.py,.py,source_system,clearbox,reader,content;filename_or_path,reader,content_match_target_pattern,,,reader,,9213,2026-03-15T10:38:50.686338+00:00,2026-03-16T21:48:46.618087+00:00,41d0d9dd6678ba2dcff2c974aabbce4a091cb5506efcba9e8cf488278ac2457b,9213,true,true
23,E:\clearbox-ai-studio-v2-main\tests\smoke\temporal.py,E:,temporal.py,.py,source_system,clearbox,temporal,content;filename_or_path,temporal,content_match_target_pattern,temporal,,,,4335,2026-03-02T12:04:58.622404+00:00,2026-03-16T21:48:46.975928+00:00,79e57103922a3080a2cb8c3e0fe7ad7728180ec7a13a5b78e006794ea3d1c05e,4335,true,true
23,G:\BACKUPS ONLY\clearbox-ai-studio-v2-main backup 1\bridges\services\logger_streams.py,G:,logger_streams.py,.py,source_system,clearbox,log,content;filename_or_path,logger,content_match_target_pattern,,log;logger,,,5095,2026-03-14T12:17:31.085529+00:00,2026-03-03T15:24:10.583117+00:00,5a0c26ab142e8191eb447adb8298e6af34e029ae86b164a9503511c1b0396dcc,5095,true,true
23,G:\BACKUPS ONLY\clearbox-ai-studio-v2-main backup 1\Conversations\threads\daily_logger.py,G:,daily_logger.py,.py,source_system,clearbox,log,content;filename_or_path,daily_logger,content_match_target_pattern,,daily_logger;log;logger,,,12278,2026-03-14T12:17:32.868953+00:00,2026-03-13T17:30:33.944486+00:00,2916c0f384be799a0d2618ed2f50066137103de7d206b619db0bbf591eb4fcaf,12278,true,true
23,G:\BACKUPS ONLY\clearbox-ai-studio-v2-main backup 1\Conversations\threads\history_retriever.py,G:,history_retriever.py,.py,source_system,clearbox,reader,content;filename_or_path,history,content_match_target_pattern,,,retriever,,11425,2026-03-14T12:17:32.868953+00:00,2026-03-02T12:04:52.969680+00:00,459f9b10181470c8ae167351b57a1c272562b60352c785d97037e7154fdc292e,11425,true,true
23,G:\BACKUPS ONLY\clearbox-ai-studio-v2-main backup 1\Conversations\threads\reader.py,G:,reader.py,.py,source_system,clearbox,reader,content;filename_or_path,reader,content_match_target_pattern,,,reader,,7592,2026-03-14T12:17:32.886349+00:00,2026-03-02T12:04:52.998650+00:00,f6436697246722bd6c748c77bee595a307db7fd1a1f3c2344d93eac6d9bd706c,7592,true,true
23,G:\BACKUPS ONLY\clearbox-ai-studio-v2-main backup 1\Conversations\threads\reasoning_log.py,G:,reasoning_log.py,.py,source_system,clearbox,log,content;filename_or_path,reasoning_log,content_match_target_pattern,,log;reasoning_log,,,5470,2026-03-14T12:17:32.886733+00:00,2026-03-12T19:19:32.207017+00:00,dd167786e2ba616eec7ba07388c04c23acbbc8f91bf7190fba1c2a00ddf1c942,5470,true,true
23,G:\BACKUPS ONLY\clearbox-ai-studio-v2-main backup 1\observe\reader.py,G:,reader.py,.py,source_system,clearbox,reader,content;filename_or_path,reader,content_match_target_pattern,,,reader,,8938,2026-03-14T12:20:00.559628+00:00,2026-03-02T12:04:54.941258+00:00,6068d26dd3fe6adcc9ceb91121ca106c86394fe288aa66a1bac76b0a8676ba53,8938,true,true
23,G:\BACKUPS ONLY\clearbox-ai-studio-v2-main backup 1\plugins\lakespeak\events\training_logger.py,G:,training_logger.py,.py,source_system,clearbox,log,content;filename_or_path,logger,content_match_target_pattern,,log;logger,,,11406,2026-03-14T12:20:01.084975+00:00,2026-03-02T12:04:56.153737+00:00,e9c3dc18c82445ea4e9c67a1ea2ee0dd3389676fd97f86ee8200592369f6cefb,11406,true,true
23,G:\BACKUPS ONLY\clearbox-ai-studio-v2-main backup 1\plugins\wolf_engine\evidence\timebase.py,G:,timebase.py,.py,source_system,clearbox,temporal,content;filename_or_path,timebase,content_match_target_pattern,timebase,,,,2719,2026-03-14T12:20:01.507016+00:00,2026-03-13T22:03:04.975475+00:00,f825c1f07a816c9dd01ce95ab3864be80157f0b37e83de4efefbad76011f121f,2719,true,true
23,G:\BACKUPS ONLY\clearbox-ai-studio-v2-main backup 1\plugins\wolf_engine\logging_config.py,G:,logging_config.py,.py,source_system,clearbox,log,content;filename_or_path,logging,content_match_target_pattern,,log;logging,,,1513,2026-03-14T12:20:01.401039+00:00,2026-03-13T22:03:04.975475+00:00,a942db89cba21dfed9944fe73d1904bcb752d121d2322161ab589ea643f6c07c,1513,true,true
23,G:\BACKUPS ONLY\clearbox-ai-studio-v2-main backup 1\plugins\wolf_engine\modules\loggers\ads_detector.py,G:,ads_detector.py,.py,source_system,clearbox,log,content;filename_or_path,logger,content_match_target_pattern,,log;logger,,,5423,2026-03-14T12:20:01.607111+00:00,2026-03-13T22:03:04.975475+00:00,e3541fddfd7aacc63a54a57785710400670d99f94861854aa5530a5c238fec35,5423,true,true
23,G:\BACKUPS ONLY\clearbox-ai-studio-v2-main backup 1\plugins\wolf_engine\modules\loggers\camera_movement.py,G:,camera_movement.py,.py,source_system,clearbox,log,content;filename_or_path,logger,content_match_target_pattern,,log;logger,,,4047,2026-03-14T12:20:01.607111+00:00,2026-03-13T22:03:04.975475+00:00,8590bcd6760f071714f3de7f70ce0e65794a31609f8e78e28fd3722f235c6215,4047,true,true
23,G:\BACKUPS ONLY\clearbox-ai-studio-v2-main backup 1\plugins\wolf_engine\modules\loggers\movement_state.py,G:,movement_state.py,.py,source_system,clearbox,log,content;filename_or_path,logger,content_match_target_pattern,,log;logger,,,4927,2026-03-14T12:20:01.607111+00:00,2026-03-13T22:03:04.975475+00:00,38561ba3f326a5613a694726cabcf99800e078c915868b786ac4a3fbe5be6f72,4927,true,true
23,G:\BACKUPS ONLY\clearbox-ai-studio-v2-main backup 1\plugins\wolf_engine\modules\loggers\trigger_pull.py,G:,trigger_pull.py,.py,source_system,clearbox,log,content;filename_or_path,logger,content_match_target_pattern,,log;logger,,,4709,2026-03-14T12:20:01.618307+00:00,2026-03-13T22:03:04.975475+00:00,6b256169734eeb8583eb329e4944a0cd2f74733f9df06c48a9ff910fdbc74e1e,4709,true,true
23,G:\BACKUPS ONLY\clearbox-ai-studio-v2-main backup 1\plugins\wolf_engine\modules\reasoning\causal.py,G:,causal.py,.py,source_system,clearbox,causality,content;filename_or_path,causal,content_match_target_pattern,,,,causal,1427,2026-03-14T12:20:01.633029+00:00,2026-03-13T22:03:04.975475+00:00,40d7ff8f308cb6cf34247735bfe9e20b4cb3f1fa002319795765b43e106ce9bb,1427,true,true
23,G:\BACKUPS ONLY\clearbox-ai-studio-v2-main backup 1\plugins\wolf_engine\reasoning\causal_analyzer.py,G:,causal_analyzer.py,.py,source_system,clearbox,causality,content;filename_or_path,causal,content_match_target_pattern,,,,causal,4378,2026-03-14T12:20:01.666206+00:00,2026-03-13T22:03:04.991277+00:00,894c2a5967ca1d3f71438fd66b12bb4bc031580551f0e93179ab17e897f16cef,4378,true,true
23,G:\BACKUPS ONLY\clearbox-ai-studio-v2-main backup 1\plugins\wolf_engine\sql\sqlite_reader.py,G:,sqlite_reader.py,.py,source_system,clearbox,reader,content;filename_or_path,reader,content_match_target_pattern,,,reader,,4287,2026-03-14T12:20:01.716357+00:00,2026-03-13T22:03:04.995577+00:00,8725c816d6e7cb559894e59cf045fdbe116039edcf62efd69eaa940e2a961e67,4287,true,true
23,G:\BACKUPS ONLY\clearbox-ai-studio-v2-main backup 1\security\runtime_log.py,G:,runtime_log.py,.py,source_system,clearbox,log,content;filename_or_path,runtime_log,content_match_target_pattern,,log;runtime_log,,,6462,2026-03-14T12:20:01.901480+00:00,2026-03-02T12:04:57.764956+00:00,5e96a2f3ec2a54bb025ce1fb2a7d8825f53bc8a08d866f25a74df503f1b1bbfc,6462,true,true
23,G:\BACKUPS ONLY\clearbox-ai-studio-v2-main backup 1\tests\archived\test_snapshot.py,G:,test_snapshot.py,.py,source_system,clearbox,temporal,content;filename_or_path,snapshot,content_match_target_pattern,snapshot,,,,2204,2026-03-14T12:20:02.035065+00:00,2026-03-02T12:04:57.865256+00:00,f3cffaddd6fe5a97ee74b8b1894e9c4cb1e2ecea0882a246f1cf90a3c13a530a,2204,true,true
23,G:\BACKUPS ONLY\clearbox-ai-studio-v2-main backup 1\tests\smoke\temporal.py,G:,temporal.py,.py,source_system,clearbox,temporal,content;filename_or_path,temporal,content_match_target_pattern,temporal,,,,4231,2026-03-14T12:20:02.082874+00:00,2026-03-02T12:04:58.622404+00:00,99f8cc3ae2ce0e2246fcb1aeba4843853f80d7545b84ea4cd6f36d2f7439d7bd,4231,true,true
23,G:\BACKUPS ONLY\clearbox-ai-studio-v2-main backup 1\tools\diagnostic\temporal.py,G:,temporal.py,.py,source_system,clearbox,temporal,content;filename_or_path,temporal,content_match_target_pattern,temporal,,,,4340,2026-03-14T12:20:06.549679+00:00,2026-03-02T12:04:59.168536+00:00,03a5f862057009859146d798d0af363c10a8c71b88d347b5b5d538f36b76aae2,4340,true,true
23,G:\BACKUPS ONLY\clearbox-ai-studio-v2-main\bridges\services\logger_streams.py,G:,logger_streams.py,.py,source_system,clearbox,log,content;filename_or_path,logger,content_match_target_pattern,,log;logger,,,5095,2026-03-15T12:09:33.721758+00:00,2026-03-03T15:24:10.583117+00:00,5a0c26ab142e8191eb447adb8298e6af34e029ae86b164a9503511c1b0396dcc,5095,true,true
23,G:\BACKUPS ONLY\clearbox-ai-studio-v2-main\Conversations\threads\daily_logger.py,G:,daily_logger.py,.py,source_system,clearbox,log,content;filename_or_path,daily_logger,content_match_target_pattern,,daily_logger;log;logger,,,12278,2026-03-15T12:09:34.783153+00:00,2026-03-14T21:18:48.071496+00:00,2916c0f384be799a0d2618ed2f50066137103de7d206b619db0bbf591eb4fcaf,12278,true,true
23,G:\BACKUPS ONLY\clearbox-ai-studio-v2-main\Conversations\threads\history_retriever.py,G:,history_retriever.py,.py,source_system,clearbox,reader,content;filename_or_path,history,content_match_target_pattern,,,retriever,,11425,2026-03-15T12:09:34.783153+00:00,2026-03-02T12:04:52.969680+00:00,459f9b10181470c8ae167351b57a1c272562b60352c785d97037e7154fdc292e,11425,true,true
23,G:\BACKUPS ONLY\clearbox-ai-studio-v2-main\Conversations\threads\reader.py,G:,reader.py,.py,source_system,clearbox,reader,content;filename_or_path,reader,content_match_target_pattern,,,reader,,7592,2026-03-15T12:09:34.805077+00:00,2026-03-02T12:04:52.998650+00:00,f6436697246722bd6c748c77bee595a307db7fd1a1f3c2344d93eac6d9bd706c,7592,true,true
23,G:\BACKUPS ONLY\clearbox-ai-studio-v2-main\Conversations\threads\reasoning_log.py,G:,reasoning_log.py,.py,source_system,clearbox,log,content;filename_or_path,reasoning_log,content_match_target_pattern,,log;reasoning_log,,,5470,2026-03-15T12:09:34.805077+00:00,2026-03-12T19:19:32.207017+00:00,dd167786e2ba616eec7ba07388c04c23acbbc8f91bf7190fba1c2a00ddf1c942,5470,true,true
23,G:\BACKUPS ONLY\clearbox-ai-studio-v2-main\core\lakespeak\events\training_logger.py,G:,training_logger.py,.py,source_system,clearbox,log,content;filename_or_path,logger,content_match_target_pattern,,log;logger,,,11730,2026-03-15T12:09:35.089181+00:00,2026-03-14T21:18:54.576817+00:00,2b71502bb113f6a975111aa656aeb361b0e43dd83b62a51616a361a3a8ace828,11730,true,true
23,G:\BACKUPS ONLY\clearbox-ai-studio-v2-main\core\observe\reader.py,G:,reader.py,.py,source_system,clearbox,reader,content;filename_or_path,reader,content_match_target_pattern,,,reader,,8938,2026-03-15T12:09:35.203589+00:00,2026-03-15T10:38:50.686338+00:00,6068d26dd3fe6adcc9ceb91121ca106c86394fe288aa66a1bac76b0a8676ba53,8938,true,true
23,G:\BACKUPS ONLY\clearbox-ai-studio-v2-main\security\runtime_log.py,G:,runtime_log.py,.py,source_system,clearbox,log,content;filename_or_path,runtime_log,content_match_target_pattern,,log;runtime_log,,,6462,2026-03-15T12:11:42.613863+00:00,2026-03-02T12:04:57.764956+00:00,5e96a2f3ec2a54bb025ce1fb2a7d8825f53bc8a08d866f25a74df503f1b1bbfc,6462,true,true
23,G:\BACKUPS ONLY\clearbox-ai-studio-v2-main\tests\archived\test_snapshot.py,G:,test_snapshot.py,.py,source_system,clearbox,temporal,content;filename_or_path,snapshot,content_match_target_pattern,snapshot,,,,2204,2026-03-15T12:11:42.827281+00:00,2026-03-02T12:04:57.865256+00:00,f3cffaddd6fe5a97ee74b8b1894e9c4cb1e2ecea0882a246f1cf90a3c13a530a,2204,true,true
23,G:\BACKUPS ONLY\clearbox-ai-studio-v2-main\tests\smoke\temporal.py,G:,temporal.py,.py,source_system,clearbox,temporal,content;filename_or_path,temporal,content_match_target_pattern,temporal,,,,4231,2026-03-15T12:11:42.874921+00:00,2026-03-02T12:04:58.622404+00:00,99f8cc3ae2ce0e2246fcb1aeba4843853f80d7545b84ea4cd6f36d2f7439d7bd,4231,true,true
23,G:\BACKUPS ONLY\clearbox-ai-studio-v2-main\tools\diagnostic\temporal.py,G:,temporal.py,.py,source_system,clearbox,temporal,content;filename_or_path,temporal,content_match_target_pattern,temporal,,,,4340,2026-03-15T12:11:46.197910+00:00,2026-03-02T12:04:59.168536+00:00,03a5f862057009859146d798d0af363c10a8c71b88d347b5b5d538f36b76aae2,4340,true,true
23,C:\Users\mydyi\Downloads\Thoughts and Concerns on Forest AI Documents\core\logger.py,C:,logger.py,.py,source_system,forest_ai,log,content;filename_or_path,logger,content_match_target_pattern,,log;logger,,,1033,2025-10-08T03:40:00+00:00,2025-10-07T23:41:12.071812+00:00,7dc0aa6424656559e22a0bdce8697e6008463bcc220576d9041b14bb0c7bcbf3,1033,true,true
23,C:\Users\mydyi\Downloads\Thoughts and Concerns on Forest AI Documents\logger.py,C:,logger.py,.py,source_system,forest_ai,log,content;filename_or_path,logger,content_match_target_pattern,,log;logger,,,2575,2025-10-08T03:40:00+00:00,2025-10-07T23:41:12.113912+00:00,7a91018e8419971936111c615df395ff27332fd461610e1162bdfd94563849ec,2575,true,true
23,C:\Users\mydyi\Downloads\Thoughts and Concerns on Forest AI Documents\snapshot.py,C:,snapshot.py,.py,source_system,forest_ai,temporal,content;filename_or_path,snapshot,content_match_target_pattern,snapshot,,,,2827,2025-10-08T03:40:00+00:00,2025-10-07T23:41:12.055525+00:00,09c82d914b2178626c57ac18bd946c3e574deb3e7defb87fb2daec08d5862d46,2827,true,true
23,C:\Users\mydyi\Downloads\Thoughts and Concerns on Forest AI Documents\test_snapshot.py,C:,test_snapshot.py,.py,source_system,forest_ai,temporal,content;filename_or_path,snapshot,content_match_target_pattern,snapshot,,,,2204,2025-10-08T03:40:00+00:00,2025-10-07T23:41:12.078738+00:00,f3cffaddd6fe5a97ee74b8b1894e9c4cb1e2ecea0882a246f1cf90a3c13a530a,2204,true,true
20,C:\Users\mydyi\OneDrive\Documents\Desktop\chat_citations_specs\chat_logger_implementation.py,C:,chat_logger_implementation.py,.py,source_system,misc,log,content;filename_or_path,logger,content_match_target_pattern,,log;logger,,,17319,2026-05-06T08:50:09.137241+00:00,2026-03-10T14:16:01.416236+00:00,58bc25c10b60894703d2f1a8a068c6f5bfc974cd60071ab6f6629b40962644c9,17319,true,true
20,E:\chat_citations_specs\chat_citations_specs\chat_logger_implementation.py,E:,chat_logger_implementation.py,.py,source_system,misc,log,content;filename_or_path,logger,content_match_target_pattern,,log;logger,,,17319,2026-01-09T14:57:36+00:00,2026-03-10T14:16:01.416236+00:00,58bc25c10b60894703d2f1a8a068c6f5bfc974cd60071ab6f6629b40962644c9,17319,true,true
18,C:\Users\mydyi\Desktop\Clearbox-616-Standalone\data\maps\rcpt_20260410_131855_de473cc5.chat_export_conversations_000json_049_system_state_snapshot.map.json,C:,rcpt_20260410_131855_de473cc5.chat_export_conversations_000json_049_system_state_snapshot.map.json,.json,data_or_config,clearbox,temporal,content;filename_or_path,snapshot,content_match_target_pattern,snapshot,,,,2801645,2026-04-10T13:18:55.901047+00:00,2026-04-10T13:18:55.901047+00:00,406c58fa1f20e5be27a35a265bec26f6bca02bc67c5da80aecb42086a567a3f7,2801645,true,true
18,C:\Users\mydyi\Desktop\Clearbox-616-Standalone\data\maps\rcpt_20260410_132451_6c53ea04.chat_export_conversations_001json_027_truecore_snapshot_setup.map.json,C:,rcpt_20260410_132451_6c53ea04.chat_export_conversations_001json_027_truecore_snapshot_setup.map.json,.json,data_or_config,clearbox,temporal,content;filename_or_path,snapshot,content_match_target_pattern,snapshot,,,,22036475,2026-04-10T13:24:53.195649+00:00,2026-04-10T13:24:53.241955+00:00,278e39c3dd8ad96decc81d673112b2ddc624fb58087f21a775559307d741f469,22036475,true,true
18,C:\Users\mydyi\Desktop\Clearbox-616-Standalone\data\receipts\rcpt_20260410_131855_de473cc5.chat_export_conversations_000json_049_system_state_snapshot.receipt.json,C:,rcpt_20260410_131855_de473cc5.chat_export_conversations_000json_049_system_state_snapshot.receipt.json,.json,data_or_config,clearbox,temporal,content;filename_or_path,snapshot,content_match_target_pattern,snapshot,,,,606,2026-04-10T13:18:55.751642+00:00,2026-04-10T13:18:55.751642+00:00,213b214d7e8bafcc73d5eef1a17759a21f6516b63a969710fd9c5636ca9139e8,606,true,true
18,C:\Users\mydyi\Desktop\Clearbox-616-Standalone\data\receipts\rcpt_20260410_132451_6c53ea04.chat_export_conversations_001json_027_truecore_snapshot_setup.receipt.json,C:,rcpt_20260410_132451_6c53ea04.chat_export_conversations_001json_027_truecore_snapshot_setup.receipt.json,.json,data_or_config,clearbox,temporal,content;filename_or_path,snapshot,content_match_target_pattern,snapshot,,,,615,2026-04-10T13:24:52.074920+00:00,2026-04-10T13:24:52.074920+00:00,c213a712dfd5984e8ddbbd6831ec0f4f291a52855400af3022bc65bf366cfe7d,615,true,true
18,C:\Users\mydyi\OneDrive\Documents\Desktop\clearbox-plugins\lakespeak\retrieval\trace.py,C:,trace.py,.py,source_system,clearbox,log,filename_or_path,trace,,,trace,,,5145,2026-03-03T21:59:21.383919+00:00,2026-03-03T21:49:40.086181+00:00,fa9cebf1f8e427da9909bb7b00375796e88542ebaee36f0d88cfda6a9175a0dc,5145,true,true
18,C:\Users\mydyi\OneDrive\Documents\Desktop\clearbox-plugins\wolf_engine\modules\loggers\input_logger.py,C:,input_logger.py,.py,source_system,clearbox,log,filename_or_path,logger,,,log;logger,,,1291,2026-03-03T21:59:22.449608+00:00,2026-03-03T21:49:41.375269+00:00,74499b82d52b96abae4978c063f01e54b33cb631bd1a83be4e60072719a7ce7a,1291,true,true
18,C:\Users\mydyi\OneDrive\Documents\Desktop\clearbox-plugins\wolf_engine\modules\loggers\network.py,C:,network.py,.py,source_system,clearbox,log,filename_or_path,logger,,,log;logger,,,1321,2026-03-03T21:59:22.465732+00:00,2026-03-03T21:49:41.391394+00:00,8a40379f450d298bba05d7d095618ba6a039ba29c474587fd70c992839fd10f4,1321,true,true
18,C:\Users\mydyi\OneDrive\Documents\Desktop\clearbox-plugins\wolf_engine\modules\loggers\process.py,C:,process.py,.py,source_system,clearbox,log,filename_or_path,logger,,,log;logger,,,1335,2026-03-03T21:59:22.465732+00:00,2026-03-03T21:49:41.400393+00:00,4df1d52523bd44f16bd68bd17f0c1971620377a20b27fa593c79f9cd03687de6,1335,true,true
18,C:\Users\mydyi\OneDrive\Documents\Desktop\clearbox-plugins\wolf_engine\modules\loggers\system_perf.py,C:,system_perf.py,.py,source_system,clearbox,log,filename_or_path,logger,,,log;logger,,,1371,2026-03-03T21:59:22.465732+00:00,2026-03-03T21:49:41.413259+00:00,80e8f63ccab085d59f9dd48ab513c47e0f0302ce4428543bb3a41c2ff9e90e16,1371,true,true
18,E:\Clearbox-AI-Plugin-Runner-main\Clearbox-AI-Plugin-Runner-main\claude_sandbox\plugins\netlog\config.py,E:,config.py,.py,source_system,clearbox,log,content,,content_match_target_pattern,,log,,,1599,2026-03-11T11:20:56+00:00,2026-03-14T00:12:05.729733+00:00,ffa928fa8783319fb48907b114dc33b6617a6e88e7d9095163b094d2155ae1a8,1599,true,true
18,E:\Clearbox-AI-Plugin-Runner-main\Clearbox-AI-Plugin-Runner-main\claude_sandbox\plugins\netlog\core\worker.py,E:,worker.py,.py,source_system,clearbox,log,content,,content_match_target_pattern,,log,,,6615,2026-03-11T11:20:56+00:00,2026-03-14T00:12:05.765374+00:00,fc38464110f179e38a70160f1e0e281f615b0d01fb36021f6ad6e9bea2150924,6615,true,true
18,E:\Clearbox-AI-Plugin-Runner-main\Clearbox-AI-Plugin-Runner-main\claude_sandbox\TEMPORAL_PROMOTION_CONTRACTS.md,E:,TEMPORAL_PROMOTION_CONTRACTS.md,.md,document,clearbox,temporal,content;filename_or_path,TEMPORAL,content_match_target_pattern,temporal,,,,38232,2026-03-11T11:20:56+00:00,2026-03-14T00:12:05.480827+00:00,dee8137077012b74f838b94b3db173d983ba7195ff36db76b9d0131c50234705,38232,true,true
18,E:\Clearbox-AI-Plugin-Runner-main\Clearbox-AI-Plugin-Runner-main\plugins\lakespeak\retrieval\trace.py,E:,trace.py,.py,source_system,clearbox,log,filename_or_path,trace,,,trace,,,4994,2026-03-11T11:20:56+00:00,2026-03-14T00:12:06.256252+00:00,e39f91b21d2f197b7c630ebf279de3143a86697a8fb910d92b35e8936ece2ae9,4994,true,true
18,E:\Clearbox-AI-Plugin-Runner-main\Clearbox-AI-Plugin-Runner-main\plugins\plugins\cascade_616\core\cell_reader.py,E:,cell_reader.py,.py,source_system,clearbox,reader,filename_or_path,reader,,,,reader,,6856,2026-04-07T13:24:40.941027+00:00,2026-03-20T23:52:49.487981+00:00,8e2cf48d074f06fa331ff32b322bea8c628d67ecd37f58d3c9e0d7091675eced,6856,true,true
18,E:\Clearbox-AI-Plugin-Runner-main\Clearbox-AI-Plugin-Runner-main\plugins\plugins\winutil\config_reader.py,E:,config_reader.py,.py,source_system,clearbox,reader,filename_or_path,reader,,,,reader,,10596,2026-04-07T13:24:41.214251+00:00,2026-03-16T21:48:46.787746+00:00,2b9a11db23cc2d56005642900f45a4932ee73a524bd9b88282e332f5886ae9ea,10596,true,true
18,E:\Clearbox-AI-Plugin-Runner-main\Clearbox-AI-Plugin-Runner-main\plugins\reach\bus\audit.py,E:,audit.py,.py,source_system,clearbox,log,content,,content_match_target_pattern,,audit,,,4559,2026-03-11T11:20:56+00:00,2026-03-14T00:12:06.334730+00:00,2d224226861ad1bd9bb322063c32318a1987f9f90f588883e681ed2c890375a0,4559,true,true
18,E:\Clearbox-AI-Plugin-Runner-main\Clearbox-AI-Plugin-Runner-main\plugins\wolf_engine\modules\loggers\input_logger.py,E:,input_logger.py,.py,source_system,clearbox,log,filename_or_path,logger,,,log;logger,,,1243,2026-03-11T11:20:56+00:00,2026-03-14T00:12:06.667464+00:00,facd6b4592fc711b87088a2ac990dbcd27e6b2cc30bbfda80a7aed7825469bce,1243,true,true
18,E:\Clearbox-AI-Plugin-Runner-main\Clearbox-AI-Plugin-Runner-main\plugins\wolf_engine\modules\loggers\network.py,E:,network.py,.py,source_system,clearbox,log,filename_or_path,logger,,,log;logger,,,1273,2026-03-11T11:20:56+00:00,2026-03-14T00:12:06.667464+00:00,e162d0ba4fd5805b3fc2a2c5819ad9569346fb53acc18f65195cb4bc63d6c248,1273,true,true
18,E:\Clearbox-AI-Plugin-Runner-main\Clearbox-AI-Plugin-Runner-main\plugins\wolf_engine\modules\loggers\process.py,E:,process.py,.py,source_system,clearbox,log,filename_or_path,logger,,,log;logger,,,1287,2026-03-11T11:20:56+00:00,2026-03-14T00:12:06.681703+00:00,154ffb8d2fdfc66d11c5608b9eae6949b1ac01cd552ff7030c0ee738f8ffa645,1287,true,true
18,E:\Clearbox-AI-Plugin-Runner-main\Clearbox-AI-Plugin-Runner-main\plugins\wolf_engine\modules\loggers\system_perf.py,E:,system_perf.py,.py,source_system,clearbox,log,filename_or_path,logger,,,log;logger,,,1322,2026-03-11T11:20:56+00:00,2026-03-14T00:12:06.683443+00:00,043e38201a455dfe6f59ae9ec3bae30831974459ee2c8dac3994f582e1bafe9d,1322,true,true
18,E:\clearbox-ai-studio-v2-main\core\lakespeak\retrieval\trace.py,E:,trace.py,.py,source_system,clearbox,log,filename_or_path,trace,,,trace,,,5137,2026-03-14T21:18:54.581828+00:00,2026-03-16T21:48:46.608830+00:00,2dca3a22c7c93779b5476cb22db214298ff4eb45ec242418ef08feb28cb504bf,5137,true,true
18,E:\clearbox-ai-studio-v2-main\core\observe\audit.py,E:,audit.py,.py,source_system,clearbox,log,content,,content_match_target_pattern,,audit,,,962,2026-03-15T10:38:50.688408+00:00,2026-03-16T21:48:46.616117+00:00,287e55639e415816584a45af039d042fd5717c1e4845d4397cd0da204b499786,962,true,true
18,E:\clearbox-ai-studio-v2-main\core\observe\catalog.py,E:,catalog.py,.py,source_system,clearbox,log,content,,content_match_target_pattern,,log,,,8925,2026-03-15T10:38:50.687392+00:00,2026-03-16T21:48:46.616117+00:00,e39082acdd69771e0b1c56733b6845ddee4132c0a3015e1b47e9c64d919c6f94,8925,true,true
18,G:\BACKUPS ONLY\clearbox-ai-studio-v2-main backup 1\docs\_quarantine\LOGGING_MODES.md,G:,LOGGING_MODES.md,.md,document,clearbox,log,content;filename_or_path,LOGGING,content_match_target_pattern,,log;logging,,,4871,2026-03-14T12:17:33.672902+00:00,2026-03-02T12:04:54.202626+00:00,fe7dfa361d4e76e7692d5ade0c90643eb53d1973e9b0a5448dea3e297260f705,4871,true,true
18,G:\BACKUPS ONLY\clearbox-ai-studio-v2-main backup 1\observe\audit.py,G:,audit.py,.py,source_system,clearbox,log,content,,content_match_target_pattern,,audit,,,930,2026-03-14T12:20:00.556667+00:00,2026-03-02T12:04:54.848078+00:00,5e2010eda283432ecabc619689f030430a785932b7f7ffdd89a8a38d0f0eb232,930,true,true
18,G:\BACKUPS ONLY\clearbox-ai-studio-v2-main backup 1\observe\catalog.py,G:,catalog.py,.py,source_system,clearbox,log,content,,content_match_target_pattern,,log,,,8697,2026-03-14T12:20:00.559093+00:00,2026-03-02T12:04:54.888647+00:00,8d4f9e7033f18b8a9422f758231788c8cda8fc226282091817467fb285803306,8697,true,true
18,G:\BACKUPS ONLY\clearbox-ai-studio-v2-main backup 1\plugins\lakespeak\retrieval\trace.py,G:,trace.py,.py,source_system,clearbox,log,filename_or_path,trace,,,trace,,,4987,2026-03-14T12:20:01.148593+00:00,2026-03-02T12:04:56.354169+00:00,132b1e54ff5ad4fdc8c54e7da4dc869f81b00aca732bbf0bf409804d4a9b4e6d,4987,true,true
18,G:\BACKUPS ONLY\clearbox-ai-studio-v2-main backup 1\plugins\winutil\config_reader.py,G:,config_reader.py,.py,source_system,clearbox,reader,filename_or_path,reader,,,,reader,,10596,2026-03-14T12:20:01.334060+00:00,2026-03-12T19:19:32.259201+00:00,2b9a11db23cc2d56005642900f45a4932ee73a524bd9b88282e332f5886ae9ea,10596,true,true
18,G:\BACKUPS ONLY\clearbox-ai-studio-v2-main backup 1\plugins\wolf_engine\modules\loggers\input_logger.py,G:,input_logger.py,.py,source_system,clearbox,log,filename_or_path,logger,,,log;logger,,,1291,2026-03-14T12:20:01.607111+00:00,2026-03-13T22:03:04.975475+00:00,74499b82d52b96abae4978c063f01e54b33cb631bd1a83be4e60072719a7ce7a,1291,true,true
18,G:\BACKUPS ONLY\clearbox-ai-studio-v2-main backup 1\plugins\wolf_engine\modules\loggers\network.py,G:,network.py,.py,source_system,clearbox,log,filename_or_path,logger,,,log;logger,,,1321,2026-03-14T12:20:01.615495+00:00,2026-03-13T22:03:04.975475+00:00,8a40379f450d298bba05d7d095618ba6a039ba29c474587fd70c992839fd10f4,1321,true,true
18,G:\BACKUPS ONLY\clearbox-ai-studio-v2-main backup 1\plugins\wolf_engine\modules\loggers\process.py,G:,process.py,.py,source_system,clearbox,log,filename_or_path,logger,,,log;logger,,,1335,2026-03-14T12:20:01.618307+00:00,2026-03-13T22:03:04.975475+00:00,4df1d52523bd44f16bd68bd17f0c1971620377a20b27fa593c79f9cd03687de6,1335,true,true
18,G:\BACKUPS ONLY\clearbox-ai-studio-v2-main backup 1\plugins\wolf_engine\modules\loggers\system_perf.py,G:,system_perf.py,.py,source_system,clearbox,log,filename_or_path,logger,,,log;logger,,,1371,2026-03-14T12:20:01.618307+00:00,2026-03-13T22:03:04.975475+00:00,80e8f63ccab085d59f9dd48ab513c47e0f0302ce4428543bb3a41c2ff9e90e16,1371,true,true
18,G:\BACKUPS ONLY\clearbox-ai-studio-v2-main backup 1\tests\smoke\artifacts\R_2026_03_03_201935Z\openapi_snapshot.json,G:,openapi_snapshot.json,.json,data_or_config,clearbox,temporal,content;filename_or_path,snapshot,content_match_target_pattern,snapshot,,,,258063,2026-03-14T12:20:02.099629+00:00,2026-03-03T20:19:35.820376+00:00,f34f280ba78c60ea3f88e0a864f1093bfa62b52d07f33efeb5dbe94500ce817c,258063,true,true
18,G:\BACKUPS ONLY\clearbox-ai-studio-v2-main backup 1\tests\smoke\artifacts\R_2026_03_03_202110Z\openapi_snapshot.json,G:,openapi_snapshot.json,.json,data_or_config,clearbox,temporal,content;filename_or_path,snapshot,content_match_target_pattern,snapshot,,,,258063,2026-03-14T12:20:02.508023+00:00,2026-03-03T20:21:10.361635+00:00,f34f280ba78c60ea3f88e0a864f1093bfa62b52d07f33efeb5dbe94500ce817c,258063,true,true
18,G:\BACKUPS ONLY\clearbox-ai-studio-v2-main backup 1\tests\smoke\artifacts\R_2026_03_03_202256Z\openapi_snapshot.json,G:,openapi_snapshot.json,.json,data_or_config,clearbox,temporal,content;filename_or_path,snapshot,content_match_target_pattern,snapshot,,,,258063,2026-03-14T12:20:02.605357+00:00,2026-03-03T20:22:56.229903+00:00,f34f280ba78c60ea3f88e0a864f1093bfa62b52d07f33efeb5dbe94500ce817c,258063,true,true
18,G:\BACKUPS ONLY\clearbox-ai-studio-v2-main backup 1\tests\smoke\artifacts\R_2026_03_04_213207Z\openapi_snapshot.json,G:,openapi_snapshot.json,.json,data_or_config,clearbox,temporal,content;filename_or_path,snapshot,content_match_target_pattern,snapshot,,,,341113,2026-03-14T12:20:02.711248+00:00,2026-03-04T21:32:08.389978+00:00,a9a13921b84f763a56437dcdbae88f3481a0db2c135a8a00fcc58a0174d74bd4,341113,true,true
18,G:\BACKUPS ONLY\clearbox-ai-studio-v2-main backup 1\tests\smoke\artifacts\R_2026_03_04_213314Z\openapi_snapshot.json,G:,openapi_snapshot.json,.json,data_or_config,clearbox,temporal,content;filename_or_path,snapshot,content_match_target_pattern,snapshot,,,,341113,2026-03-14T12:20:02.868381+00:00,2026-03-04T21:33:14.830804+00:00,a9a13921b84f763a56437dcdbae88f3481a0db2c135a8a00fcc58a0174d74bd4,341113,true,true
18,G:\BACKUPS ONLY\clearbox-ai-studio-v2-main backup 1\tests\smoke\artifacts\R_2026_03_04_224327Z\openapi_snapshot.json,G:,openapi_snapshot.json,.json,data_or_config,clearbox,temporal,content;filename_or_path,snapshot,content_match_target_pattern,snapshot,,,,341113,2026-03-14T12:20:03.121394+00:00,2026-03-04T22:43:27.692977+00:00,a9a13921b84f763a56437dcdbae88f3481a0db2c135a8a00fcc58a0174d74bd4,341113,true,true
18,G:\BACKUPS ONLY\clearbox-ai-studio-v2-main backup 1\tests\smoke\artifacts\R_2026_03_04_224400Z\openapi_snapshot.json,G:,openapi_snapshot.json,.json,data_or_config,clearbox,temporal,content;filename_or_path,snapshot,content_match_target_pattern,snapshot,,,,341113,2026-03-14T12:20:03.634634+00:00,2026-03-04T22:44:00.152030+00:00,a9a13921b84f763a56437dcdbae88f3481a0db2c135a8a00fcc58a0174d74bd4,341113,true,true
18,G:\BACKUPS ONLY\clearbox-ai-studio-v2-main backup 1\tests\smoke\artifacts\R_2026_03_04_225929Z\openapi_snapshot.json,G:,openapi_snapshot.json,.json,data_or_config,clearbox,temporal,content;filename_or_path,snapshot,content_match_target_pattern,snapshot,,,,341113,2026-03-14T12:20:04.384682+00:00,2026-03-04T22:59:29.283787+00:00,a9a13921b84f763a56437dcdbae88f3481a0db2c135a8a00fcc58a0174d74bd4,341113,true,true
18,G:\BACKUPS ONLY\clearbox-ai-studio-v2-main backup 1\tests\smoke\artifacts\R_2026_03_04_230045Z\openapi_snapshot.json,G:,openapi_snapshot.json,.json,data_or_config,clearbox,temporal,content;filename_or_path,snapshot,content_match_target_pattern,snapshot,,,,341113,2026-03-14T12:20:04.718038+00:00,2026-03-04T23:00:45.643289+00:00,a9a13921b84f763a56437dcdbae88f3481a0db2c135a8a00fcc58a0174d74bd4,341113,true,true
18,G:\BACKUPS ONLY\clearbox-ai-studio-v2-main backup 1\tests\smoke\artifacts\R_2026_03_04_230151Z\openapi_snapshot.json,G:,openapi_snapshot.json,.json,data_or_config,clearbox,temporal,content;filename_or_path,snapshot,content_match_target_pattern,snapshot,,,,341113,2026-03-14T12:20:04.819913+00:00,2026-03-04T23:01:51.946115+00:00,a9a13921b84f763a56437dcdbae88f3481a0db2c135a8a00fcc58a0174d74bd4,341113,true,true
18,G:\BACKUPS ONLY\clearbox-ai-studio-v2-main backup 1\tests\smoke\artifacts\R_2026_03_04_232214Z\openapi_snapshot.json,G:,openapi_snapshot.json,.json,data_or_config,clearbox,temporal,content;filename_or_path,snapshot,content_match_target_pattern,snapshot,,,,341113,2026-03-14T12:20:04.916292+00:00,2026-03-04T23:22:14.688233+00:00,a9a13921b84f763a56437dcdbae88f3481a0db2c135a8a00fcc58a0174d74bd4,341113,true,true
18,G:\BACKUPS ONLY\clearbox-ai-studio-v2-main backup 1\tests\smoke\artifacts\R_2026_03_04_232353Z\openapi_snapshot.json,G:,openapi_snapshot.json,.json,data_or_config,clearbox,temporal,content;filename_or_path,snapshot,content_match_target_pattern,snapshot,,,,341113,2026-03-14T12:20:05.101366+00:00,2026-03-04T23:23:53.754698+00:00,a9a13921b84f763a56437dcdbae88f3481a0db2c135a8a00fcc58a0174d74bd4,341113,true,true
18,G:\BACKUPS ONLY\clearbox-ai-studio-v2-main backup 1\tests\smoke\artifacts\R_2026_03_04_232607Z\openapi_snapshot.json,G:,openapi_snapshot.json,.json,data_or_config,clearbox,temporal,content;filename_or_path,snapshot,content_match_target_pattern,snapshot,,,,341113,2026-03-14T12:20:05.351607+00:00,2026-03-04T23:26:08.053057+00:00,a9a13921b84f763a56437dcdbae88f3481a0db2c135a8a00fcc58a0174d74bd4,341113,true,true
18,G:\BACKUPS ONLY\clearbox-ai-studio-v2-main backup 1\tests\smoke\artifacts\R_2026_03_04_232812Z\openapi_snapshot.json,G:,openapi_snapshot.json,.json,data_or_config,clearbox,temporal,content;filename_or_path,snapshot,content_match_target_pattern,snapshot,,,,341113,2026-03-14T12:20:05.453629+00:00,2026-03-04T23:28:12.603725+00:00,a9a13921b84f763a56437dcdbae88f3481a0db2c135a8a00fcc58a0174d74bd4,341113,true,true
18,G:\BACKUPS ONLY\clearbox-ai-studio-v2-main backup 1\tests\smoke\artifacts\R_2026_03_05_003250Z\openapi_snapshot.json,G:,openapi_snapshot.json,.json,data_or_config,clearbox,temporal,content;filename_or_path,snapshot,content_match_target_pattern,snapshot,,,,341113,2026-03-14T12:20:05.566435+00:00,2026-03-05T00:32:50.554299+00:00,a9a13921b84f763a56437dcdbae88f3481a0db2c135a8a00fcc58a0174d74bd4,341113,true,true
18,G:\BACKUPS ONLY\clearbox-ai-studio-v2-main backup 1\tests\smoke\artifacts\R_2026_03_05_014255Z\openapi_snapshot.json,G:,openapi_snapshot.json,.json,data_or_config,clearbox,temporal,content;filename_or_path,snapshot,content_match_target_pattern,snapshot,,,,341113,2026-03-14T12:20:05.635274+00:00,2026-03-05T01:42:55.671722+00:00,a9a13921b84f763a56437dcdbae88f3481a0db2c135a8a00fcc58a0174d74bd4,341113,true,true
18,G:\BACKUPS ONLY\clearbox-ai-studio-v2-main backup 1\tests\smoke\artifacts\R_2026_03_05_020445Z\openapi_snapshot.json,G:,openapi_snapshot.json,.json,data_or_config,clearbox,temporal,content;filename_or_path,snapshot,content_match_target_pattern,snapshot,,,,341113,2026-03-14T12:20:05.751602+00:00,2026-03-05T02:04:45.230825+00:00,a9a13921b84f763a56437dcdbae88f3481a0db2c135a8a00fcc58a0174d74bd4,341113,true,true
18,G:\BACKUPS ONLY\clearbox-ai-studio-v2-main backup 1\tests\smoke\artifacts\R_2026_03_05_020626Z\openapi_snapshot.json,G:,openapi_snapshot.json,.json,data_or_config,clearbox,temporal,content;filename_or_path,snapshot,content_match_target_pattern,snapshot,,,,341113,2026-03-14T12:20:05.870229+00:00,2026-03-05T02:06:26.558705+00:00,a9a13921b84f763a56437dcdbae88f3481a0db2c135a8a00fcc58a0174d74bd4,341113,true,true
18,G:\BACKUPS ONLY\clearbox-ai-studio-v2-main backup 1\tests\smoke\artifacts\R_2026_03_05_150104Z\openapi_snapshot.json,G:,openapi_snapshot.json,.json,data_or_config,clearbox,temporal,content;filename_or_path,snapshot,content_match_target_pattern,snapshot,,,,345395,2026-03-14T12:20:05.984519+00:00,2026-03-05T15:01:04.721130+00:00,d8081305af5d0e8a4bb55d8de4ef053cf5806d6caf5caa81d8a2f99b274503ee,345395,true,true
18,G:\BACKUPS ONLY\clearbox-ai-studio-v2-main backup 1\tests\smoke\artifacts\R_2026_03_05_150701Z\openapi_snapshot.json,G:,openapi_snapshot.json,.json,data_or_config,clearbox,temporal,content;filename_or_path,snapshot,content_match_target_pattern,snapshot,,,,345395,2026-03-14T12:20:06.101770+00:00,2026-03-05T15:07:01.596238+00:00,d8081305af5d0e8a4bb55d8de4ef053cf5806d6caf5caa81d8a2f99b274503ee,345395,true,true
18,G:\BACKUPS ONLY\clearbox-ai-studio-v2-main backup 1\tools\diagnostic\probes\log_integrity.py,G:,log_integrity.py,.py,source_system,clearbox,log,content,,content_match_target_pattern,,log,,,5206,2026-03-14T12:20:06.566492+00:00,2026-03-02T12:04:59.083688+00:00,41ff8778d81209df62f5cd63d5ce4f6f1278ec64c975c7f6fba10dc41e22edaa,5206,true,true
18,G:\BACKUPS ONLY\clearbox-ai-studio-v2-main\core\lakespeak\retrieval\trace.py,G:,trace.py,.py,source_system,clearbox,log,filename_or_path,trace,,,trace,,,5137,2026-03-15T12:09:35.155190+00:00,2026-03-14T21:18:54.581828+00:00,2dca3a22c7c93779b5476cb22db214298ff4eb45ec242418ef08feb28cb504bf,5137,true,true
18,G:\BACKUPS ONLY\clearbox-ai-studio-v2-main\core\observe\audit.py,G:,audit.py,.py,source_system,clearbox,log,content,,content_match_target_pattern,,audit,,,930,2026-03-15T12:09:35.203589+00:00,2026-03-15T10:38:50.690820+00:00,5e2010eda283432ecabc619689f030430a785932b7f7ffdd89a8a38d0f0eb232,930,true,true
18,G:\BACKUPS ONLY\clearbox-ai-studio-v2-main\core\observe\catalog.py,G:,catalog.py,.py,source_system,clearbox,log,content,,content_match_target_pattern,,log,,,8697,2026-03-15T12:09:35.203589+00:00,2026-03-15T10:38:50.688408+00:00,8d4f9e7033f18b8a9422f758231788c8cda8fc226282091817467fb285803306,8697,true,true
18,G:\BACKUPS ONLY\clearbox-ai-studio-v2-main\docs\_quarantine\LOGGING_MODES.md,G:,LOGGING_MODES.md,.md,document,clearbox,log,content;filename_or_path,LOGGING,content_match_target_pattern,,log;logging,,,5077,2026-03-15T12:09:36.138906+00:00,2026-03-14T21:18:54.661343+00:00,468d167c4045510db089ec8a31e9bee5c837ffffc900372c9e5d4affa851c1ee,5077,true,true
18,G:\BACKUPS ONLY\clearbox-ai-studio-v2-main\plugins\winutil\config_reader.py,G:,config_reader.py,.py,source_system,clearbox,reader,filename_or_path,reader,,,,reader,,10596,2026-03-15T12:11:42.262030+00:00,2026-03-12T19:19:32.259201+00:00,2b9a11db23cc2d56005642900f45a4932ee73a524bd9b88282e332f5886ae9ea,10596,true,true
18,G:\BACKUPS ONLY\clearbox-ai-studio-v2-main\tests\smoke\artifacts\R_2026_03_03_201935Z\openapi_snapshot.json,G:,openapi_snapshot.json,.json,data_or_config,clearbox,temporal,content;filename_or_path,snapshot,content_match_target_pattern,snapshot,,,,258063,2026-03-15T12:11:42.891107+00:00,2026-03-03T20:19:35.820376+00:00,f34f280ba78c60ea3f88e0a864f1093bfa62b52d07f33efeb5dbe94500ce817c,258063,true,true
18,G:\BACKUPS ONLY\clearbox-ai-studio-v2-main\tests\smoke\artifacts\R_2026_03_03_202110Z\openapi_snapshot.json,G:,openapi_snapshot.json,.json,data_or_config,clearbox,temporal,content;filename_or_path,snapshot,content_match_target_pattern,snapshot,,,,258063,2026-03-15T12:11:43.082695+00:00,2026-03-03T20:21:10.361635+00:00,f34f280ba78c60ea3f88e0a864f1093bfa62b52d07f33efeb5dbe94500ce817c,258063,true,true
18,G:\BACKUPS ONLY\clearbox-ai-studio-v2-main\tests\smoke\artifacts\R_2026_03_03_202256Z\openapi_snapshot.json,G:,openapi_snapshot.json,.json,data_or_config,clearbox,temporal,content;filename_or_path,snapshot,content_match_target_pattern,snapshot,,,,258063,2026-03-15T12:11:43.161976+00:00,2026-03-03T20:22:56.229903+00:00,f34f280ba78c60ea3f88e0a864f1093bfa62b52d07f33efeb5dbe94500ce817c,258063,true,true
18,G:\BACKUPS ONLY\clearbox-ai-studio-v2-main\tests\smoke\artifacts\R_2026_03_04_213207Z\openapi_snapshot.json,G:,openapi_snapshot.json,.json,data_or_config,clearbox,temporal,content;filename_or_path,snapshot,content_match_target_pattern,snapshot,,,,341113,2026-03-15T12:11:43.247842+00:00,2026-03-04T21:32:08.389978+00:00,a9a13921b84f763a56437dcdbae88f3481a0db2c135a8a00fcc58a0174d74bd4,341113,true,true
18,G:\BACKUPS ONLY\clearbox-ai-studio-v2-main\tests\smoke\artifacts\R_2026_03_04_213314Z\openapi_snapshot.json,G:,openapi_snapshot.json,.json,data_or_config,clearbox,temporal,content;filename_or_path,snapshot,content_match_target_pattern,snapshot,,,,341113,2026-03-15T12:11:43.393772+00:00,2026-03-04T21:33:14.830804+00:00,a9a13921b84f763a56437dcdbae88f3481a0db2c135a8a00fcc58a0174d74bd4,341113,true,true
18,G:\BACKUPS ONLY\clearbox-ai-studio-v2-main\tests\smoke\artifacts\R_2026_03_04_224327Z\openapi_snapshot.json,G:,openapi_snapshot.json,.json,data_or_config,clearbox,temporal,content;filename_or_path,snapshot,content_match_target_pattern,snapshot,,,,341113,2026-03-15T12:11:43.529711+00:00,2026-03-04T22:43:27.692977+00:00,a9a13921b84f763a56437dcdbae88f3481a0db2c135a8a00fcc58a0174d74bd4,341113,true,true
18,G:\BACKUPS ONLY\clearbox-ai-studio-v2-main\tests\smoke\artifacts\R_2026_03_04_224400Z\openapi_snapshot.json,G:,openapi_snapshot.json,.json,data_or_config,clearbox,temporal,content;filename_or_path,snapshot,content_match_target_pattern,snapshot,,,,341113,2026-03-15T12:11:43.678007+00:00,2026-03-04T22:44:00.152030+00:00,a9a13921b84f763a56437dcdbae88f3481a0db2c135a8a00fcc58a0174d74bd4,341113,true,true
18,G:\BACKUPS ONLY\clearbox-ai-studio-v2-main\tests\smoke\artifacts\R_2026_03_04_225929Z\openapi_snapshot.json,G:,openapi_snapshot.json,.json,data_or_config,clearbox,temporal,content;filename_or_path,snapshot,content_match_target_pattern,snapshot,,,,341113,2026-03-15T12:11:43.897256+00:00,2026-03-04T22:59:29.283787+00:00,a9a13921b84f763a56437dcdbae88f3481a0db2c135a8a00fcc58a0174d74bd4,341113,true,true
18,G:\BACKUPS ONLY\clearbox-ai-studio-v2-main\tests\smoke\artifacts\R_2026_03_04_230045Z\openapi_snapshot.json,G:,openapi_snapshot.json,.json,data_or_config,clearbox,temporal,content;filename_or_path,snapshot,content_match_target_pattern,snapshot,,,,341113,2026-03-15T12:11:43.984658+00:00,2026-03-04T23:00:45.643289+00:00,a9a13921b84f763a56437dcdbae88f3481a0db2c135a8a00fcc58a0174d74bd4,341113,true,true
18,G:\BACKUPS ONLY\clearbox-ai-studio-v2-main\tests\smoke\artifacts\R_2026_03_04_230151Z\openapi_snapshot.json,G:,openapi_snapshot.json,.json,data_or_config,clearbox,temporal,content;filename_or_path,snapshot,content_match_target_pattern,snapshot,,,,341113,2026-03-15T12:11:44.083270+00:00,2026-03-04T23:01:51.946115+00:00,a9a13921b84f763a56437dcdbae88f3481a0db2c135a8a00fcc58a0174d74bd4,341113,true,true
18,G:\BACKUPS ONLY\clearbox-ai-studio-v2-main\tests\smoke\artifacts\R_2026_03_04_232214Z\openapi_snapshot.json,G:,openapi_snapshot.json,.json,data_or_config,clearbox,temporal,content;filename_or_path,snapshot,content_match_target_pattern,snapshot,,,,341113,2026-03-15T12:11:44.166359+00:00,2026-03-04T23:22:14.688233+00:00,a9a13921b84f763a56437dcdbae88f3481a0db2c135a8a00fcc58a0174d74bd4,341113,true,true
18,G:\BACKUPS ONLY\clearbox-ai-studio-v2-main\tests\smoke\artifacts\R_2026_03_04_232353Z\openapi_snapshot.json,G:,openapi_snapshot.json,.json,data_or_config,clearbox,temporal,content;filename_or_path,snapshot,content_match_target_pattern,snapshot,,,,341113,2026-03-15T12:11:44.281274+00:00,2026-03-04T23:23:53.754698+00:00,a9a13921b84f763a56437dcdbae88f3481a0db2c135a8a00fcc58a0174d74bd4,341113,true,true
18,G:\BACKUPS ONLY\clearbox-ai-studio-v2-main\tests\smoke\artifacts\R_2026_03_04_232607Z\openapi_snapshot.json,G:,openapi_snapshot.json,.json,data_or_config,clearbox,temporal,content;filename_or_path,snapshot,content_match_target_pattern,snapshot,,,,341113,2026-03-15T12:11:44.364929+00:00,2026-03-04T23:26:08.053057+00:00,a9a13921b84f763a56437dcdbae88f3481a0db2c135a8a00fcc58a0174d74bd4,341113,true,true
18,G:\BACKUPS ONLY\clearbox-ai-studio-v2-main\tests\smoke\artifacts\R_2026_03_04_232812Z\openapi_snapshot.json,G:,openapi_snapshot.json,.json,data_or_config,clearbox,temporal,content;filename_or_path,snapshot,content_match_target_pattern,snapshot,,,,341113,2026-03-15T12:11:44.465381+00:00,2026-03-04T23:28:12.603725+00:00,a9a13921b84f763a56437dcdbae88f3481a0db2c135a8a00fcc58a0174d74bd4,341113,true,true
18,G:\BACKUPS ONLY\clearbox-ai-studio-v2-main\tests\smoke\artifacts\R_2026_03_05_003250Z\openapi_snapshot.json,G:,openapi_snapshot.json,.json,data_or_config,clearbox,temporal,content;filename_or_path,snapshot,content_match_target_pattern,snapshot,,,,341113,2026-03-15T12:11:44.561135+00:00,2026-03-05T00:32:50.554299+00:00,a9a13921b84f763a56437dcdbae88f3481a0db2c135a8a00fcc58a0174d74bd4,341113,true,true
18,G:\BACKUPS ONLY\clearbox-ai-studio-v2-main\tests\smoke\artifacts\R_2026_03_05_014255Z\openapi_snapshot.json,G:,openapi_snapshot.json,.json,data_or_config,clearbox,temporal,content;filename_or_path,snapshot,content_match_target_pattern,snapshot,,,,341113,2026-03-15T12:11:44.629805+00:00,2026-03-05T01:42:55.671722+00:00,a9a13921b84f763a56437dcdbae88f3481a0db2c135a8a00fcc58a0174d74bd4,341113,true,true
18,G:\BACKUPS ONLY\clearbox-ai-studio-v2-main\tests\smoke\artifacts\R_2026_03_05_020445Z\openapi_snapshot.json,G:,openapi_snapshot.json,.json,data_or_config,clearbox,temporal,content;filename_or_path,snapshot,content_match_target_pattern,snapshot,,,,341113,2026-03-15T12:11:44.821500+00:00,2026-03-05T02:04:45.230825+00:00,a9a13921b84f763a56437dcdbae88f3481a0db2c135a8a00fcc58a0174d74bd4,341113,true,true
18,G:\BACKUPS ONLY\clearbox-ai-studio-v2-main\tests\smoke\artifacts\R_2026_03_05_020626Z\openapi_snapshot.json,G:,openapi_snapshot.json,.json,data_or_config,clearbox,temporal,content;filename_or_path,snapshot,content_match_target_pattern,snapshot,,,,341113,2026-03-15T12:11:45.051457+00:00,2026-03-05T02:06:26.558705+00:00,a9a13921b84f763a56437dcdbae88f3481a0db2c135a8a00fcc58a0174d74bd4,341113,true,true
18,G:\BACKUPS ONLY\clearbox-ai-studio-v2-main\tests\smoke\artifacts\R_2026_03_05_150104Z\openapi_snapshot.json,G:,openapi_snapshot.json,.json,data_or_config,clearbox,temporal,content;filename_or_path,snapshot,content_match_target_pattern,snapshot,,,,345395,2026-03-15T12:11:45.281172+00:00,2026-03-05T15:01:04.721130+00:00,d8081305af5d0e8a4bb55d8de4ef053cf5806d6caf5caa81d8a2f99b274503ee,345395,true,true
18,G:\BACKUPS ONLY\clearbox-ai-studio-v2-main\tests\smoke\artifacts\R_2026_03_05_150701Z\openapi_snapshot.json,G:,openapi_snapshot.json,.json,data_or_config,clearbox,temporal,content;filename_or_path,snapshot,content_match_target_pattern,snapshot,,,,345395,2026-03-15T12:11:45.515811+00:00,2026-03-05T15:07:01.596238+00:00,d8081305af5d0e8a4bb55d8de4ef053cf5806d6caf5caa81d8a2f99b274503ee,345395,true,true
18,G:\BACKUPS ONLY\clearbox-ai-studio-v2-main\tools\diagnostic\probes\log_integrity.py,G:,log_integrity.py,.py,source_system,clearbox,log,content,,content_match_target_pattern,,log,,,5206,2026-03-15T12:11:46.197910+00:00,2026-03-02T12:04:59.083688+00:00,41ff8778d81209df62f5cd63d5ce4f6f1278ec64c975c7f6fba10dc41e22edaa,5206,true,true
13,C:\Users\mydyi\OneDrive\Documents\Desktop\clearbox-plugins\forest_node\core\session_gate.py,C:,session_gate.py,.py,source_system,clearbox,target_related_content,content;filename_or_path,session,content_match_target_pattern,,,,,5098,2026-03-03T21:59:20.988071+00:00,2026-03-03T21:49:39.271052+00:00,f2040799e7d1b7ec5e17fb4849c689e1f24316e6cba345cd116a323b17e716db,5098,true,true
13,C:\Users\mydyi\OneDrive\Documents\Desktop\clearbox-plugins\wolf_engine\evidence\session_manager.py,C:,session_manager.py,.py,source_system,clearbox,target_related_content,content;filename_or_path,session,content_match_target_pattern,,,,,5234,2026-03-03T21:59:22.258857+00:00,2026-03-03T21:49:41.051754+00:00,896d3488da5dc9160f82f5ef8415ca8ae99b209f701c51d5a6a9ab8a0e53c48f,5234,true,true
13,D:\Clearbox AI Data Root\data\logs\audit\gateway_audit.jsonl,D:,gateway_audit.jsonl,.jsonl,data_or_config,clearbox,log,content,,content_match_target_pattern,,audit;log,,,654977,2026-03-15T13:40:11.698912+00:00,2026-05-15T21:27:00.135631+00:00,20719121d02b1387f92bf94d3a2428209c0e3bd092dba0cb74593503f6e60d97,654977,true,true
13,D:\Clearbox AI Data Root\data\logs\audit\runtime_errors.jsonl,D:,runtime_errors.jsonl,.jsonl,data_or_config,clearbox,log,content,,content_match_target_pattern,,audit;log,,,851,2026-03-15T13:36:32.344731+00:00,2026-03-22T20:45:57.201099+00:00,8d654f248b05d1b5c626d6c0f97acf1a3d6e284bc7fe54f78dac6b6b9d94442d,851,true,true
13,D:\Clearbox AI Data Root\data\logs\observe\audit.jsonl,D:,audit.jsonl,.jsonl,data_or_config,clearbox,log,content,,content_match_target_pattern,,audit;log,,,810,2026-03-15T13:36:32.344731+00:00,2026-03-15T15:30:56.346130+00:00,9158a9c67882b749b13df7e7ce24ad01f0b8f856d5fa6579a400e4bb3029fb67,810,true,true
13,E:\Clearbox-AI-Plugin-Runner-main\Clearbox-AI-Plugin-Runner-main\claude_sandbox\multi_ai_orchestrator\storage\session_store.js,E:,session_store.js,.js,source_system,clearbox,target_related_content,content;filename_or_path,session,content_match_target_pattern,,,,,11742,2026-03-11T11:20:56+00:00,2026-03-14T00:12:05.523209+00:00,bf1a3100b367952d788680a8c17aeac4f191f1afa33a8d9f44f01fc28d3081e3,11742,true,true
13,E:\Clearbox-AI-Plugin-Runner-main\Clearbox-AI-Plugin-Runner-main\claude_sandbox\plugins\netlog\manifest.json,E:,manifest.json,.json,data_or_config,clearbox,log,content,,content_match_target_pattern,,log,,,466,2026-03-11T11:20:56+00:00,2026-03-14T00:12:05.729733+00:00,ba9c2927902ab921885086df9eeb287e8caf18e8e89a5174179570ebb536f3f4,466,true,true
13,E:\Clearbox-AI-Plugin-Runner-main\Clearbox-AI-Plugin-Runner-main\plugins\forest_node\core\session_gate.py,E:,session_gate.py,.py,source_system,clearbox,target_related_content,content;filename_or_path,session,content_match_target_pattern,,,,,4957,2026-03-11T11:20:56+00:00,2026-03-14T00:12:06.029171+00:00,b35715cb0901c65a0cd14d12263360c969bd4cf4992e3772718b5d481838c074,4957,true,true
13,E:\Clearbox-AI-Plugin-Runner-main\Clearbox-AI-Plugin-Runner-main\plugins\wolf_engine\evidence\session_manager.py,E:,session_manager.py,.py,source_system,clearbox,target_related_content,content;filename_or_path,session,content_match_target_pattern,,,,,5083,2026-03-11T11:20:56+00:00,2026-03-14T00:12:06.557568+00:00,174a395d1964ea46c8ffd1cfff08511f51d65bf59820f092239d3be11d43d74c,5083,true,true
13,E:\clearbox-ai-studio-v2-main\bridge_restart_reasoning.log,E:,bridge_restart_reasoning.log,.log,log_file,clearbox,log,filename_or_path,reasoning.log,,,log;reasoning_log,,,19,2026-03-14T14:49:39.661635+00:00,2026-03-14T14:49:54.540752+00:00,44b2ac5ce7ac17126a71095779faca21c3d4c8ba6f6f6315ce612bd9419e6f9e,19,true,true
13,E:\clearbox-ai-studio-v2-main\scripts\session_manager.py,E:,session_manager.py,.py,source_system,clearbox,target_related_content,content;filename_or_path,session,content_match_target_pattern,,,,,5272,2026-03-02T12:21:51.066102+00:00,2026-03-16T21:48:46.809207+00:00,acb5ca7cd137f0b0525f69730c5d9ee8c054930823cfcacdaf93a79f75c1e082,5272,true,true
13,G:\BACKUPS ONLY\clearbox-ai-studio-v2-main backup 1\docs\_quarantine\WOLF_GOVERNANCE_BACKLOG.md,G:,WOLF_GOVERNANCE_BACKLOG.md,.md,document,clearbox,log,content,,content_match_target_pattern,,log,,,3144,2026-03-14T12:17:33.722733+00:00,2026-03-02T12:04:54.402079+00:00,e432e8455e109f92d4f244b7d1024281d4c33238cf47934f79f55fb4000a20ef,3144,true,true
13,G:\BACKUPS ONLY\clearbox-ai-studio-v2-main backup 1\docs\CHANGELOG_since_86bc669.md,G:,CHANGELOG_since_86bc669.md,.md,document,clearbox,log,content,,content_match_target_pattern,,log,,,9460,2026-03-14T12:17:33.102955+00:00,2026-03-02T12:04:53.190131+00:00,b4c597071257a4a21c26f2b905a5b2f495ac6c50bf9afc1bfa98ee5ca14a526b,9460,true,true
13,G:\BACKUPS ONLY\clearbox-ai-studio-v2-main backup 1\docs\FIX_CHANGELOG.md,G:,FIX_CHANGELOG.md,.md,document,clearbox,log,content,,content_match_target_pattern,,log,,,34601,2026-03-14T12:17:33.139033+00:00,2026-03-02T12:04:53.234201+00:00,698ce818cc2b26ef0fc8d51951e691a393bb35035edc200d6755a7acbd1f3324,34601,true,true
13,G:\BACKUPS ONLY\clearbox-ai-studio-v2-main backup 1\plugins\clearbox_node\core\session_gate.py,G:,session_gate.py,.py,source_system,clearbox,target_related_content,content;filename_or_path,session,content_match_target_pattern,,,,,4969,2026-03-14T12:20:00.832053+00:00,2026-03-02T12:04:55.546588+00:00,b51e33916f028eefe665aa1364d2bbd7847d2a749d17dfb2c53aec2711a874c8,4969,true,true
13,G:\BACKUPS ONLY\clearbox-ai-studio-v2-main backup 1\plugins\wolf_engine\evidence\session_manager.py,G:,session_manager.py,.py,source_system,clearbox,target_related_content,content;filename_or_path,session,content_match_target_pattern,,,,,5234,2026-03-14T12:20:01.507016+00:00,2026-03-13T22:03:04.975475+00:00,896d3488da5dc9160f82f5ef8415ca8ae99b209f701c51d5a6a9ab8a0e53c48f,5234,true,true
13,G:\BACKUPS ONLY\clearbox-ai-studio-v2-main backup 1\scripts\session_manager.py,G:,session_manager.py,.py,source_system,clearbox,target_related_content,content;filename_or_path,session,content_match_target_pattern,,,,,5127,2026-03-14T12:20:01.818349+00:00,2026-03-02T12:21:51.066102+00:00,27d5c6508308dd98510b8e4d14eb9ed53318b8f8b0e563761d09bc40d0bbf8b7,5127,true,true
13,G:\BACKUPS ONLY\clearbox-ai-studio-v2-main backup 1\tests\smoke\logs\R_2026_03_03_185140Z.actions.jsonl,G:,R_2026_03_03_185140Z.actions.jsonl,.jsonl,data_or_config,clearbox,log,content,,content_match_target_pattern,,log,,,20045,2026-03-14T12:20:06.218429+00:00,2026-03-03T18:54:30.987570+00:00,e3c4e81546def649b1f0082065069c0a553f9f25423f2ef885ff493682a61d71,20045,true,true
13,G:\BACKUPS ONLY\clearbox-ai-studio-v2-main backup 1\tests\smoke\logs\R_2026_03_03_201935Z.actions.jsonl,G:,R_2026_03_03_201935Z.actions.jsonl,.jsonl,data_or_config,clearbox,log,content,,content_match_target_pattern,,log,,,68077,2026-03-14T12:20:06.218429+00:00,2026-03-03T20:19:59.763354+00:00,90076beedc5e8b6128667cb83a5a214491c357c439a7fea1c37d4ffee31bb72c,68077,true,true
13,G:\BACKUPS ONLY\clearbox-ai-studio-v2-main backup 1\tests\smoke\logs\R_2026_03_03_202110Z.actions.jsonl,G:,R_2026_03_03_202110Z.actions.jsonl,.jsonl,data_or_config,clearbox,log,content,,content_match_target_pattern,,log,,,67296,2026-03-14T12:20:06.237235+00:00,2026-03-03T20:21:19.537344+00:00,b00d0e9f31cdf5bce5231cda477bdc57f0ce796c478f415f20c451a5f609572d,67296,true,true
13,G:\BACKUPS ONLY\clearbox-ai-studio-v2-main backup 1\tests\smoke\logs\R_2026_03_03_202256Z.actions.jsonl,G:,R_2026_03_03_202256Z.actions.jsonl,.jsonl,data_or_config,clearbox,log,content,,content_match_target_pattern,,log,,,67188,2026-03-14T12:20:06.237235+00:00,2026-03-03T20:23:03.667738+00:00,b26efd12c086e1010869187d073daee9c149d7828ab8cd0d4b0252042b93998b,67188,true,true
13,G:\BACKUPS ONLY\clearbox-ai-studio-v2-main backup 1\tests\smoke\logs\R_2026_03_04_213155Z.actions.jsonl,G:,R_2026_03_04_213155Z.actions.jsonl,.jsonl,data_or_config,clearbox,log,content,,content_match_target_pattern,,log,,,20180,2026-03-14T12:20:06.237235+00:00,2026-03-04T21:31:59.452322+00:00,fd6668b492df25f04556db0d01a9bdb6da90eb6e372b90f20d2052f73fcc4e1e,20180,true,true
13,G:\BACKUPS ONLY\clearbox-ai-studio-v2-main backup 1\tests\smoke\logs\R_2026_03_04_213207Z.actions.jsonl,G:,R_2026_03_04_213207Z.actions.jsonl,.jsonl,data_or_config,clearbox,log,content,,content_match_target_pattern,,log,,,82083,2026-03-14T12:20:06.250520+00:00,2026-03-04T21:32:33.832671+00:00,e24506214dd12c6479cdc4972d79aa68487a0dc91334787c9fbe8d9550b6646d,82083,true,true
13,G:\BACKUPS ONLY\clearbox-ai-studio-v2-main backup 1\tests\smoke\logs\R_2026_03_04_213314Z.actions.jsonl,G:,R_2026_03_04_213314Z.actions.jsonl,.jsonl,data_or_config,clearbox,log,content,,content_match_target_pattern,,log,,,82099,2026-03-14T12:20:06.251873+00:00,2026-03-04T21:33:25.970390+00:00,97bf384e520f433ef45b06ecf7037ff8566c548779c1f7e98e9f270489561c2d,82099,true,true
13,G:\BACKUPS ONLY\clearbox-ai-studio-v2-main backup 1\tests\smoke\logs\R_2026_03_04_224327Z.actions.jsonl,G:,R_2026_03_04_224327Z.actions.jsonl,.jsonl,data_or_config,clearbox,log,content,,content_match_target_pattern,,log,,,81991,2026-03-14T12:20:06.251873+00:00,2026-03-04T22:43:41.660594+00:00,d665c121c4a0082eeae616469cc3be82a8c8ded061ac896a5a981658b728f37b,81991,true,true
13,G:\BACKUPS ONLY\clearbox-ai-studio-v2-main backup 1\tests\smoke\logs\R_2026_03_04_224400Z.actions.jsonl,G:,R_2026_03_04_224400Z.actions.jsonl,.jsonl,data_or_config,clearbox,log,content,,content_match_target_pattern,,log,,,81991,2026-03-14T12:20:06.251873+00:00,2026-03-04T22:44:11.260321+00:00,09f4f6ac39016421fa8c7020e8da925f6cd3b21e194994ff5806fc866c487978,81991,true,true
13,G:\BACKUPS ONLY\clearbox-ai-studio-v2-main backup 1\tests\smoke\logs\R_2026_03_04_225929Z.actions.jsonl,G:,R_2026_03_04_225929Z.actions.jsonl,.jsonl,data_or_config,clearbox,log,content,,content_match_target_pattern,,log,,,81991,2026-03-14T12:20:06.268392+00:00,2026-03-04T23:00:30.421052+00:00,910219c583a3b1cbc3671f466b8bad73dc7c8d1542912b851c60356dd34099b2,81991,true,true
13,G:\BACKUPS ONLY\clearbox-ai-studio-v2-main backup 1\tests\smoke\logs\R_2026_03_04_230045Z.actions.jsonl,G:,R_2026_03_04_230045Z.actions.jsonl,.jsonl,data_or_config,clearbox,log,content,,content_match_target_pattern,,log,,,82051,2026-03-14T12:20:06.268392+00:00,2026-03-04T23:01:39.696713+00:00,b1ce1e00f4dfc4b960755a59e4c3f4d0036abbf79695d8105b6fbb48c73a2bcc,82051,true,true
13,G:\BACKUPS ONLY\clearbox-ai-studio-v2-main backup 1\tests\smoke\logs\R_2026_03_04_230151Z.actions.jsonl,G:,R_2026_03_04_230151Z.actions.jsonl,.jsonl,data_or_config,clearbox,log,content,,content_match_target_pattern,,log,,,82059,2026-03-14T12:20:06.268392+00:00,2026-03-04T23:02:44.233203+00:00,aa0c379cfc34a543ff92bdf4241cb973243ddb131a00990776f7ba93ca478e8a,82059,true,true
13,G:\BACKUPS ONLY\clearbox-ai-studio-v2-main backup 1\tests\smoke\logs\R_2026_03_04_232214Z.actions.jsonl,G:,R_2026_03_04_232214Z.actions.jsonl,.jsonl,data_or_config,clearbox,log,content,,content_match_target_pattern,,log,,,82059,2026-03-14T12:20:06.285724+00:00,2026-03-04T23:23:27.734058+00:00,2a344add34aa8e547e607bcca6b7d5a50fad001a277ba2bfd266f59155101241,82059,true,true
13,G:\BACKUPS ONLY\clearbox-ai-studio-v2-main backup 1\tests\smoke\logs\R_2026_03_04_232353Z.actions.jsonl,G:,R_2026_03_04_232353Z.actions.jsonl,.jsonl,data_or_config,clearbox,log,content,,content_match_target_pattern,,log,,,81969,2026-03-14T12:20:06.286727+00:00,2026-03-04T23:24:48.845131+00:00,095f087c1937bf043cf38def49c5cab5a05be9bc11da259253adc17653f9b981,81969,true,true
13,G:\BACKUPS ONLY\clearbox-ai-studio-v2-main backup 1\tests\smoke\logs\R_2026_03_04_232607Z.actions.jsonl,G:,R_2026_03_04_232607Z.actions.jsonl,.jsonl,data_or_config,clearbox,log,content,,content_match_target_pattern,,log,,,81969,2026-03-14T12:20:06.286727+00:00,2026-03-04T23:27:04.969793+00:00,7545cde9e9ed41a7c22d0dfed184debe0d8a3ca631f4f6569cb1842b04fc7cc0,81969,true,true
13,G:\BACKUPS ONLY\clearbox-ai-studio-v2-main backup 1\tests\smoke\logs\R_2026_03_04_232812Z.actions.jsonl,G:,R_2026_03_04_232812Z.actions.jsonl,.jsonl,data_or_config,clearbox,log,content,,content_match_target_pattern,,log,,,81969,2026-03-14T12:20:06.299584+00:00,2026-03-04T23:29:16.131617+00:00,3384a2b2adde978dfbd4eafdd1934542d54753ef88aa0910a5c7bf69502cecc0,81969,true,true
13,G:\BACKUPS ONLY\clearbox-ai-studio-v2-main backup 1\tests\smoke\logs\R_2026_03_05_003250Z.actions.jsonl,G:,R_2026_03_05_003250Z.actions.jsonl,.jsonl,data_or_config,clearbox,log,content,,content_match_target_pattern,,log,,,82167,2026-03-14T12:20:06.301763+00:00,2026-03-05T00:33:19.972666+00:00,444d436b05b73382dbcd0675481bdf4ca003aa7e76dc7fb3b670e879cc5d3720,82167,true,true
13,G:\BACKUPS ONLY\clearbox-ai-studio-v2-main backup 1\tests\smoke\logs\R_2026_03_05_014255Z.actions.jsonl,G:,R_2026_03_05_014255Z.actions.jsonl,.jsonl,data_or_config,clearbox,log,content,,content_match_target_pattern,,log,,,82499,2026-03-14T12:20:06.301763+00:00,2026-03-05T01:43:35.761975+00:00,b41275076333fc4baaef183f1801ad8e478827bc888c282a0acd074075b48bd6,82499,true,true
13,G:\BACKUPS ONLY\clearbox-ai-studio-v2-main backup 1\tests\smoke\logs\R_2026_03_05_020445Z.actions.jsonl,G:,R_2026_03_05_020445Z.actions.jsonl,.jsonl,data_or_config,clearbox,log,content,,content_match_target_pattern,,log,,,82499,2026-03-14T12:20:06.315136+00:00,2026-03-05T02:05:25.568497+00:00,4610dde4b4e2a6fcb29ffa31cee1ad5f1c584fe43eb33e61f739cd595e2b87b1,82499,true,true
13,G:\BACKUPS ONLY\clearbox-ai-studio-v2-main backup 1\tests\smoke\logs\R_2026_03_05_020626Z.actions.jsonl,G:,R_2026_03_05_020626Z.actions.jsonl,.jsonl,data_or_config,clearbox,log,content,,content_match_target_pattern,,log,,,82523,2026-03-14T12:20:06.319962+00:00,2026-03-05T02:07:05.148453+00:00,3a6df3e074ff5d851340f98e05b97a9ec90f65c6a6214ca75a31184d52d0f516,82523,true,true
13,G:\BACKUPS ONLY\clearbox-ai-studio-v2-main backup 1\tests\smoke\logs\R_2026_03_05_112546Z.actions.jsonl,G:,R_2026_03_05_112546Z.actions.jsonl,.jsonl,data_or_config,clearbox,log,content,,content_match_target_pattern,,log,,,20066,2026-03-14T12:20:06.319962+00:00,2026-03-05T11:30:47.721150+00:00,87c81af94015855bdc33d3a0ee8ea2169e7af8cd97779d59c86ab315d8347d97,20066,true,true
13,G:\BACKUPS ONLY\clearbox-ai-studio-v2-main backup 1\tests\smoke\logs\R_2026_03_05_150104Z.actions.jsonl,G:,R_2026_03_05_150104Z.actions.jsonl,.jsonl,data_or_config,clearbox,log,content,,content_match_target_pattern,,log,,,82727,2026-03-14T12:20:06.319962+00:00,2026-03-05T15:01:59.806179+00:00,9b4853548f8e7dc5b9b4800afc95f8f3a591d9611dea097603e17bf721dd3dd5,82727,true,true
13,G:\BACKUPS ONLY\clearbox-ai-studio-v2-main backup 1\tests\smoke\logs\R_2026_03_05_150701Z.actions.jsonl,G:,R_2026_03_05_150701Z.actions.jsonl,.jsonl,data_or_config,clearbox,log,content,,content_match_target_pattern,,log,,,82727,2026-03-14T12:20:06.332699+00:00,2026-03-05T15:07:46.189935+00:00,9197356f8d7813ffafb125b4f1ac01dd9cef7722ebfe95cf3124c0fa47226cc1,82727,true,true
13,G:\BACKUPS ONLY\clearbox-ai-studio-v2-main backup 1\UPGRADE_PACK\CHANGELOG.md,G:,CHANGELOG.md,.md,document,clearbox,log,content,,content_match_target_pattern,,log,,,12501,2026-03-14T12:20:07.185043+00:00,2026-03-02T12:04:59.919561+00:00,062400b2dc41bcdd92b1b5f7f0f8cbd63a44409f62ae8df64828d8ace4a3c6c4,12501,true,true
13,G:\BACKUPS ONLY\clearbox-ai-studio-v2-main\bridge_restart_reasoning.log,G:,bridge_restart_reasoning.log,.log,log_file,clearbox,log,filename_or_path,reasoning.log,,,log;reasoning_log,,,19,2026-03-15T12:07:21.208006+00:00,2026-03-14T14:49:54.540752+00:00,44b2ac5ce7ac17126a71095779faca21c3d4c8ba6f6f6315ce612bd9419e6f9e,19,true,true
13,G:\BACKUPS ONLY\clearbox-ai-studio-v2-main\core\clearbox_node\core\session_gate.py,G:,session_gate.py,.py,source_system,clearbox,target_related_content,content;filename_or_path,session,content_match_target_pattern,,,,,4957,2026-03-15T12:09:34.970183+00:00,2026-03-14T21:28:24.846105+00:00,38cdb2b153c88ee3f79dc486f306d2adaebe80974f0fb82f6f8d109ccbfb63ac,4957,true,true
13,G:\BACKUPS ONLY\clearbox-ai-studio-v2-main\docs\_quarantine\WOLF_GOVERNANCE_BACKLOG.md,G:,WOLF_GOVERNANCE_BACKLOG.md,.md,document,clearbox,log,content,,content_match_target_pattern,,log,,,3208,2026-03-15T12:09:36.155017+00:00,2026-03-14T21:18:54.664857+00:00,0e32d8de440b290ca1f499ded06248002037ee73c7e2d1116a5992c357a3a61f,3208,true,true
13,G:\BACKUPS ONLY\clearbox-ai-studio-v2-main\docs\CHANGELOG_since_86bc669.md,G:,CHANGELOG_since_86bc669.md,.md,document,clearbox,log,content,,content_match_target_pattern,,log,,,9632,2026-03-15T12:09:35.720692+00:00,2026-03-14T21:18:54.628999+00:00,0ea2f68ea89ff02c744ef9243d08e78ec063d38c1fea9672a8ec1c7d125ef3d2,9632,true,true
13,G:\BACKUPS ONLY\clearbox-ai-studio-v2-main\docs\FIX_CHANGELOG.md,G:,FIX_CHANGELOG.md,.md,document,clearbox,log,content,,content_match_target_pattern,,log,,,35201,2026-03-15T12:09:35.736717+00:00,2026-03-14T21:18:54.632008+00:00,497afeb19075bf015f4a642f2ff63d4bcb6f354e049a96191bb4c418d784c1b1,35201,true,true
13,G:\BACKUPS ONLY\clearbox-ai-studio-v2-main\scripts\session_manager.py,G:,session_manager.py,.py,source_system,clearbox,target_related_content,content;filename_or_path,session,content_match_target_pattern,,,,,5127,2026-03-15T12:11:42.404475+00:00,2026-03-02T12:21:51.066102+00:00,27d5c6508308dd98510b8e4d14eb9ed53318b8f8b0e563761d09bc40d0bbf8b7,5127,true,true
13,G:\BACKUPS ONLY\clearbox-ai-studio-v2-main\tests\smoke\logs\R_2026_03_03_185140Z.actions.jsonl,G:,R_2026_03_03_185140Z.actions.jsonl,.jsonl,data_or_config,clearbox,log,content,,content_match_target_pattern,,log,,,20045,2026-03-15T12:11:45.766037+00:00,2026-03-03T18:54:30.987570+00:00,e3c4e81546def649b1f0082065069c0a553f9f25423f2ef885ff493682a61d71,20045,true,true
13,G:\BACKUPS ONLY\clearbox-ai-studio-v2-main\tests\smoke\logs\R_2026_03_03_201935Z.actions.jsonl,G:,R_2026_03_03_201935Z.actions.jsonl,.jsonl,data_or_config,clearbox,log,content,,content_match_target_pattern,,log,,,68077,2026-03-15T12:11:45.781945+00:00,2026-03-03T20:19:59.763354+00:00,90076beedc5e8b6128667cb83a5a214491c357c439a7fea1c37d4ffee31bb72c,68077,true,true
13,G:\BACKUPS ONLY\clearbox-ai-studio-v2-main\tests\smoke\logs\R_2026_03_03_202110Z.actions.jsonl,G:,R_2026_03_03_202110Z.actions.jsonl,.jsonl,data_or_config,clearbox,log,content,,content_match_target_pattern,,log,,,67296,2026-03-15T12:11:45.797959+00:00,2026-03-03T20:21:19.537344+00:00,b00d0e9f31cdf5bce5231cda477bdc57f0ce796c478f415f20c451a5f609572d,67296,true,true
13,G:\BACKUPS ONLY\clearbox-ai-studio-v2-main\tests\smoke\logs\R_2026_03_03_202256Z.actions.jsonl,G:,R_2026_03_03_202256Z.actions.jsonl,.jsonl,data_or_config,clearbox,log,content,,content_match_target_pattern,,log,,,67188,2026-03-15T12:11:45.807805+00:00,2026-03-03T20:23:03.667738+00:00,b26efd12c086e1010869187d073daee9c149d7828ab8cd0d4b0252042b93998b,67188,true,true
13,G:\BACKUPS ONLY\clearbox-ai-studio-v2-main\tests\smoke\logs\R_2026_03_04_213155Z.actions.jsonl,G:,R_2026_03_04_213155Z.actions.jsonl,.jsonl,data_or_config,clearbox,log,content,,content_match_target_pattern,,log,,,20180,2026-03-15T12:11:45.816217+00:00,2026-03-04T21:31:59.452322+00:00,fd6668b492df25f04556db0d01a9bdb6da90eb6e372b90f20d2052f73fcc4e1e,20180,true,true
13,G:\BACKUPS ONLY\clearbox-ai-studio-v2-main\tests\smoke\logs\R_2026_03_04_213207Z.actions.jsonl,G:,R_2026_03_04_213207Z.actions.jsonl,.jsonl,data_or_config,clearbox,log,content,,content_match_target_pattern,,log,,,82083,2026-03-15T12:11:45.816217+00:00,2026-03-04T21:32:33.832671+00:00,e24506214dd12c6479cdc4972d79aa68487a0dc91334787c9fbe8d9550b6646d,82083,true,true
13,G:\BACKUPS ONLY\clearbox-ai-studio-v2-main\tests\smoke\logs\R_2026_03_04_213314Z.actions.jsonl,G:,R_2026_03_04_213314Z.actions.jsonl,.jsonl,data_or_config,clearbox,log,content,,content_match_target_pattern,,log,,,82099,2026-03-15T12:11:45.832013+00:00,2026-03-04T21:33:25.970390+00:00,97bf384e520f433ef45b06ecf7037ff8566c548779c1f7e98e9f270489561c2d,82099,true,true
13,G:\BACKUPS ONLY\clearbox-ai-studio-v2-main\tests\smoke\logs\R_2026_03_04_224327Z.actions.jsonl,G:,R_2026_03_04_224327Z.actions.jsonl,.jsonl,data_or_config,clearbox,log,content,,content_match_target_pattern,,log,,,81991,2026-03-15T12:11:45.843915+00:00,2026-03-04T22:43:41.660594+00:00,d665c121c4a0082eeae616469cc3be82a8c8ded061ac896a5a981658b728f37b,81991,true,true
13,G:\BACKUPS ONLY\clearbox-ai-studio-v2-main\tests\smoke\logs\R_2026_03_04_224400Z.actions.jsonl,G:,R_2026_03_04_224400Z.actions.jsonl,.jsonl,data_or_config,clearbox,log,content,,content_match_target_pattern,,log,,,81991,2026-03-15T12:11:45.849312+00:00,2026-03-04T22:44:11.260321+00:00,09f4f6ac39016421fa8c7020e8da925f6cd3b21e194994ff5806fc866c487978,81991,true,true
13,G:\BACKUPS ONLY\clearbox-ai-studio-v2-main\tests\smoke\logs\R_2026_03_04_225929Z.actions.jsonl,G:,R_2026_03_04_225929Z.actions.jsonl,.jsonl,data_or_config,clearbox,log,content,,content_match_target_pattern,,log,,,81991,2026-03-15T12:11:45.861295+00:00,2026-03-04T23:00:30.421052+00:00,910219c583a3b1cbc3671f466b8bad73dc7c8d1542912b851c60356dd34099b2,81991,true,true
13,G:\BACKUPS ONLY\clearbox-ai-studio-v2-main\tests\smoke\logs\R_2026_03_04_230045Z.actions.jsonl,G:,R_2026_03_04_230045Z.actions.jsonl,.jsonl,data_or_config,clearbox,log,content,,content_match_target_pattern,,log,,,82051,2026-03-15T12:11:45.867275+00:00,2026-03-04T23:01:39.696713+00:00,b1ce1e00f4dfc4b960755a59e4c3f4d0036abbf79695d8105b6fbb48c73a2bcc,82051,true,true
13,G:\BACKUPS ONLY\clearbox-ai-studio-v2-main\tests\smoke\logs\R_2026_03_04_230151Z.actions.jsonl,G:,R_2026_03_04_230151Z.actions.jsonl,.jsonl,data_or_config,clearbox,log,content,,content_match_target_pattern,,log,,,82059,2026-03-15T12:11:45.881265+00:00,2026-03-04T23:02:44.233203+00:00,aa0c379cfc34a543ff92bdf4241cb973243ddb131a00990776f7ba93ca478e8a,82059,true,true
13,G:\BACKUPS ONLY\clearbox-ai-studio-v2-main\tests\smoke\logs\R_2026_03_04_232214Z.actions.jsonl,G:,R_2026_03_04_232214Z.actions.jsonl,.jsonl,data_or_config,clearbox,log,content,,content_match_target_pattern,,log,,,82059,2026-03-15T12:11:45.881265+00:00,2026-03-04T23:23:27.734058+00:00,2a344add34aa8e547e607bcca6b7d5a50fad001a277ba2bfd266f59155101241,82059,true,true
13,G:\BACKUPS ONLY\clearbox-ai-studio-v2-main\tests\smoke\logs\R_2026_03_04_232353Z.actions.jsonl,G:,R_2026_03_04_232353Z.actions.jsonl,.jsonl,data_or_config,clearbox,log,content,,content_match_target_pattern,,log,,,81969,2026-03-15T12:11:45.900826+00:00,2026-03-04T23:24:48.845131+00:00,095f087c1937bf043cf38def49c5cab5a05be9bc11da259253adc17653f9b981,81969,true,true
13,G:\BACKUPS ONLY\clearbox-ai-studio-v2-main\tests\smoke\logs\R_2026_03_04_232607Z.actions.jsonl,G:,R_2026_03_04_232607Z.actions.jsonl,.jsonl,data_or_config,clearbox,log,content,,content_match_target_pattern,,log,,,81969,2026-03-15T12:11:45.915148+00:00,2026-03-04T23:27:04.969793+00:00,7545cde9e9ed41a7c22d0dfed184debe0d8a3ca631f4f6569cb1842b04fc7cc0,81969,true,true
13,G:\BACKUPS ONLY\clearbox-ai-studio-v2-main\tests\smoke\logs\R_2026_03_04_232812Z.actions.jsonl,G:,R_2026_03_04_232812Z.actions.jsonl,.jsonl,data_or_config,clearbox,log,content,,content_match_target_pattern,,log,,,81969,2026-03-15T12:11:45.915148+00:00,2026-03-04T23:29:16.131617+00:00,3384a2b2adde978dfbd4eafdd1934542d54753ef88aa0910a5c7bf69502cecc0,81969,true,true
13,G:\BACKUPS ONLY\clearbox-ai-studio-v2-main\tests\smoke\logs\R_2026_03_05_003250Z.actions.jsonl,G:,R_2026_03_05_003250Z.actions.jsonl,.jsonl,data_or_config,clearbox,log,content,,content_match_target_pattern,,log,,,82167,2026-03-15T12:11:45.932583+00:00,2026-03-05T00:33:19.972666+00:00,444d436b05b73382dbcd0675481bdf4ca003aa7e76dc7fb3b670e879cc5d3720,82167,true,true
13,G:\BACKUPS ONLY\clearbox-ai-studio-v2-main\tests\smoke\logs\R_2026_03_05_014255Z.actions.jsonl,G:,R_2026_03_05_014255Z.actions.jsonl,.jsonl,data_or_config,clearbox,log,content,,content_match_target_pattern,,log,,,82499,2026-03-15T12:11:45.932583+00:00,2026-03-05T01:43:35.761975+00:00,b41275076333fc4baaef183f1801ad8e478827bc888c282a0acd074075b48bd6,82499,true,true
13,G:\BACKUPS ONLY\clearbox-ai-studio-v2-main\tests\smoke\logs\R_2026_03_05_020445Z.actions.jsonl,G:,R_2026_03_05_020445Z.actions.jsonl,.jsonl,data_or_config,clearbox,log,content,,content_match_target_pattern,,log,,,82499,2026-03-15T12:11:45.949147+00:00,2026-03-05T02:05:25.568497+00:00,4610dde4b4e2a6fcb29ffa31cee1ad5f1c584fe43eb33e61f739cd595e2b87b1,82499,true,true
13,G:\BACKUPS ONLY\clearbox-ai-studio-v2-main\tests\smoke\logs\R_2026_03_05_020626Z.actions.jsonl,G:,R_2026_03_05_020626Z.actions.jsonl,.jsonl,data_or_config,clearbox,log,content,,content_match_target_pattern,,log,,,82523,2026-03-15T12:11:45.965142+00:00,2026-03-05T02:07:05.148453+00:00,3a6df3e074ff5d851340f98e05b97a9ec90f65c6a6214ca75a31184d52d0f516,82523,true,true
13,G:\BACKUPS ONLY\clearbox-ai-studio-v2-main\tests\smoke\logs\R_2026_03_05_112546Z.actions.jsonl,G:,R_2026_03_05_112546Z.actions.jsonl,.jsonl,data_or_config,clearbox,log,content,,content_match_target_pattern,,log,,,20066,2026-03-15T12:11:45.976891+00:00,2026-03-05T11:30:47.721150+00:00,87c81af94015855bdc33d3a0ee8ea2169e7af8cd97779d59c86ab315d8347d97,20066,true,true
13,G:\BACKUPS ONLY\clearbox-ai-studio-v2-main\tests\smoke\logs\R_2026_03_05_150104Z.actions.jsonl,G:,R_2026_03_05_150104Z.actions.jsonl,.jsonl,data_or_config,clearbox,log,content,,content_match_target_pattern,,log,,,82727,2026-03-15T12:11:45.983570+00:00,2026-03-05T15:01:59.806179+00:00,9b4853548f8e7dc5b9b4800afc95f8f3a591d9611dea097603e17bf721dd3dd5,82727,true,true
13,G:\BACKUPS ONLY\clearbox-ai-studio-v2-main\tests\smoke\logs\R_2026_03_05_150701Z.actions.jsonl,G:,R_2026_03_05_150701Z.actions.jsonl,.jsonl,data_or_config,clearbox,log,content,,content_match_target_pattern,,log,,,82727,2026-03-15T12:11:45.989933+00:00,2026-03-05T15:07:46.189935+00:00,9197356f8d7813ffafb125b4f1ac01dd9cef7722ebfe95cf3124c0fa47226cc1,82727,true,true
13,G:\BACKUPS ONLY\clearbox-ai-studio-v2-main\UPGRADE_PACK\CHANGELOG.md,G:,CHANGELOG.md,.md,document,clearbox,log,content,,content_match_target_pattern,,log,,,12774,2026-03-15T12:11:46.574790+00:00,2026-03-14T21:18:54.549907+00:00,2f8dc3fd3c132042222065f847c8510936cd3f4864755120c154c28b0952f032,12774,true,true
10,C:\Users\mydyi\.cache\huggingface\xet\logs\xet_20260319T102654913-0400_13896.log,C:,xet_20260319T102654913-0400_13896.log,.log,log_file,misc,log,content,,content_match_target_pattern,,log,,,113022,2026-03-19T14:26:54.913471+00:00,2026-03-19T14:27:05.892001+00:00,7c21bc1ef6990d1bcc61f2084df44347888a371a6c72271613e685d7f78bc9d9,113022,true,true
10,C:\Users\mydyi\.claude-server-commander-logs\fuzzy-search.log,C:,fuzzy-search.log,.log,log_file,misc,log,content,,content_match_target_pattern,,log,,,1460,2026-03-23T11:30:49.388568+00:00,2026-03-23T11:30:49.397440+00:00,3d7f59168af58e62f612c727b0b3ff575974e13cdd59c4b566eb2898c50872d2,1460,true,true
10,C:\Users\mydyi\.claude-server-commander\claude_tool_call.log,C:,claude_tool_call.log,.log,log_file,misc,log,content,,content_match_target_pattern,,log,,,65784,2026-03-09T09:39:15.112912+00:00,2026-03-23T13:57:24.829191+00:00,9fcae33c019dea7480e4e7e13269d9f0c520f11a908dca3a5cc4f974b94a6ae8,65784,true,true
10,C:\Users\mydyi\AppData\Local\ForestAI\audit\gateway_audit.jsonl,C:,gateway_audit.jsonl,.jsonl,data_or_config,misc,log,content,,content_match_target_pattern,,audit,,,57260,2026-02-09T19:43:32.480760+00:00,2026-03-02T10:40:09.087346+00:00,3c98dfe0c3927f12ca386ab909a3447a7b645e5b901109a233e6d315f94773fd,57260,true,true
10,C:\Users\mydyi\AppData\Local\ForestAI\audit\runtime_errors.jsonl,C:,runtime_errors.jsonl,.jsonl,data_or_config,misc,log,content,,content_match_target_pattern,,audit,,,213,2026-03-01T20:09:31.465282+00:00,2026-03-01T20:09:31.466387+00:00,a076295d26c66d66325548f3e54b62dfea8d48033f2d1598aacfa83a3641e682,213,true,true
10,C:\Users\mydyi\AppData\Local\ForestAI\config\logging.json,C:,logging.json,.json,data_or_config,misc,log,filename_or_path,logging,,,log;logging,,,646,2026-02-09T16:23:06.416994+00:00,2026-02-09T20:23:12.634158+00:00,94d8a4954343ab1517c7454e35cbd7b2ea3e07eb413609cac1c96ded37112dcc,646,true,true
10,C:\Users\mydyi\Desktop\CHANGELOG_2026-03-09.md,C:,CHANGELOG_2026-03-09.md,.md,document,misc,log,content,,content_match_target_pattern,,log,,,24730,2026-03-09T15:34:18.089275+00:00,2026-03-09T15:34:18.090283+00:00,d1c4f1a80eb66fddcbdfdf47ddcb3d0dd988e8e3749e4e73b30923b68bfbb16d,24730,true,true
10,E:\TrueCore-Agent-Library-main\TrueCore-Agent-Library-main\agent_catalog.csv,E:,agent_catalog.csv,.csv,data_or_config,misc,log,content,,content_match_target_pattern,,log,,,1997157,2026-04-02T09:19:02+00:00,2026-04-09T22:42:30.362720+00:00,18e6f93686eb62c767a2bb2a016aaf329581d3c1d1648ff757ce45efe444c654,1997157,true,true
8,C:\Users\mydyi\Desktop\Clearbox-616-Standalone\bridges\binary_store.py,C:,binary_store.py,.py,source_system,clearbox,target_related_content,content,,content_match_target_pattern,,,,,49427,2026-04-10T10:25:02.249298+00:00,2026-03-24T22:18:38.767128+00:00,4b34b628ecbe3fb9aca434447afd4b2ddb0fe84e8e11b3f9c6f759b702fa3b85,49427,true,true
8,C:\Users\mydyi\Desktop\Clearbox-616-Standalone\bridges\evidence_store.py,C:,evidence_store.py,.py,source_system,clearbox,target_related_content,content,,content_match_target_pattern,,,,,11847,2026-04-10T10:25:02.251910+00:00,2026-04-07T17:04:42.668319+00:00,b8c98117ee58759640f4e7c9f1934f6d71dce4ef72079c7d229b01c3e7546e95,11847,true,true
8,C:\Users\mydyi\Desktop\Clearbox-616-Standalone\core\lakespeak\text\normalize.py,C:,normalize.py,.py,source_system,clearbox,target_related_content,content,,content_match_target_pattern,,,,,2633,2026-04-10T10:25:02.254070+00:00,2026-04-09T23:59:08.618933+00:00,01b889ca8b787427769e0d9174d2f4fa35a872198bf5d70e9020a747f86b917c,2633,true,true
8,C:\Users\mydyi\Desktop\Clearbox-616-Standalone\core\reasoning_616\engine.py,C:,engine.py,.py,source_system,clearbox,target_related_content,content,,content_match_target_pattern,,,,,39377,2026-04-10T10:25:02.253024+00:00,2026-04-10T08:13:37.113351+00:00,316d87f17be6daa87de53c7926ea035ccd15a393994173ab8d0172c488a24033,39377,true,true
8,C:\Users\mydyi\Desktop\Clearbox-616-Standalone\standalone616\pipeline.py,C:,pipeline.py,.py,source_system,clearbox,target_related_content,content,,content_match_target_pattern,,,,,15932,2026-04-10T10:25:02.279120+00:00,2026-04-10T18:51:55.990481+00:00,378c3065522b3ec87bc4274d86d1cc325ff41dc196ffcaeb9a453035b8f491bb,15932,true,true
8,C:\Users\mydyi\OneDrive\Documents\Desktop\clearbox-plugins\chat_packs\api\router.py,C:,router.py,.py,source_system,clearbox,target_related_content,content,,content_match_target_pattern,,,,,10848,2026-03-03T21:59:20.303397+00:00,2026-03-03T21:49:38.360721+00:00,d99d93e1db8b4eaa7eca806e3d16d05fcdb1d49fab073be7733bafecc2620789,10848,true,true
8,C:\Users\mydyi\OneDrive\Documents\Desktop\clearbox-plugins\chat_packs\config.py,C:,config.py,.py,source_system,clearbox,target_related_content,content,,content_match_target_pattern,,,,,2125,2026-03-03T21:59:20.287498+00:00,2026-03-03T21:49:38.276464+00:00,c74edb1195a3d5d65cd5c5d0e5aa088deed274a6ac157bf333cd578f049dcc4e,2125,true,true
8,C:\Users\mydyi\OneDrive\Documents\Desktop\clearbox-plugins\chat_packs\core\engine.py,C:,engine.py,.py,source_system,clearbox,target_related_content,content,,content_match_target_pattern,,,,,21295,2026-03-03T21:59:20.382896+00:00,2026-03-03T21:49:38.397013+00:00,0f8829422c15abaaf244cffae9193794c82e60eb30ba7416c6d1210c7c26e459,21295,true,true
8,C:\Users\mydyi\OneDrive\Documents\Desktop\clearbox-plugins\clearbox_ai_social\_bridge.py,C:,_bridge.py,.py,source_system,clearbox,target_related_content,content,,content_match_target_pattern,,,,,4031,2026-03-03T21:59:20.638100+00:00,2026-03-03T21:49:38.690365+00:00,2c3e6f250e4d99838fb651db363722b7ae61a1a53e3b5f1536aaa8281c76f5af,4031,true,true
8,C:\Users\mydyi\OneDrive\Documents\Desktop\clearbox-plugins\clearbox_ai_social\_preview_ui.html,C:,_preview_ui.html,.html,source_or_document,clearbox,target_related_content,content,,content_match_target_pattern,,,,,52568,2026-03-03T21:59:20.638100+00:00,2026-03-03T21:49:38.787092+00:00,c3c1a709f56dd51c174cffac1873406446ba154be7da72b126eefd5361ab2fa3,52568,true,true
8,C:\Users\mydyi\OneDrive\Documents\Desktop\clearbox-plugins\clearbox_ai_social\api\models.py,C:,models.py,.py,source_system,clearbox,target_related_content,content,,content_match_target_pattern,,,,,2753,2026-03-03T21:59:20.732977+00:00,2026-03-03T21:49:38.714371+00:00,d25af89b8680044c8920d18e869e1a0a20a9fd8b272d05d763d22f1c49aa16f6,2753,true,true
8,C:\Users\mydyi\OneDrive\Documents\Desktop\clearbox-plugins\clearbox_ai_social\core\engine.py,C:,engine.py,.py,source_system,clearbox,target_related_content,content,,content_match_target_pattern,,,,,13240,2026-03-03T21:59:20.796753+00:00,2026-03-03T21:49:38.584015+00:00,3cb640471fced43acdad94b051c98c070f16a2f09afd444abb740f0f247968b1,13240,true,true
8,C:\Users\mydyi\OneDrive\Documents\Desktop\clearbox-plugins\forest_network\auth.py,C:,auth.py,.py,source_system,clearbox,target_related_content,content,,content_match_target_pattern,,,,,2693,2026-03-03T21:59:20.844821+00:00,2026-03-03T21:49:38.815092+00:00,e4e6bc42bf6263dcc35990115643c92e22e1769bbac781aaeb41df1e789bcd8d,2693,true,true
8,C:\Users\mydyi\OneDrive\Documents\Desktop\clearbox-plugins\forest_network\client.py,C:,client.py,.py,source_system,clearbox,target_related_content,content,,content_match_target_pattern,,,,,6494,2026-03-03T21:59:20.844821+00:00,2026-03-03T21:49:38.869279+00:00,2003d35d326f39d7558541ccb92b1c78221344e9465e86f01374bc72a54d80fa,6494,true,true
8,C:\Users\mydyi\OneDrive\Documents\Desktop\clearbox-plugins\forest_network\config.py,C:,config.py,.py,source_system,clearbox,target_related_content,content,,content_match_target_pattern,,,,,3765,2026-03-03T21:59:20.844821+00:00,2026-03-03T21:49:38.831593+00:00,d9c305c32e877f8f6a4658346ba3bf70ec834d0b91a2c14339c8a7438ad2d5b5,3765,true,true
8,C:\Users\mydyi\OneDrive\Documents\Desktop\clearbox-plugins\forest_network\paths.py,C:,paths.py,.py,source_system,clearbox,target_related_content,content,,content_match_target_pattern,,,,,4725,2026-03-03T21:59:20.844821+00:00,2026-03-03T21:49:38.822093+00:00,ac72941a83148ea942a017d1ce770dc14850438a2baa5139dd03daf48e7c77aa,4725,true,true
8,C:\Users\mydyi\OneDrive\Documents\Desktop\clearbox-plugins\forest_network\router.py,C:,router.py,.py,source_system,clearbox,target_related_content,content,,content_match_target_pattern,,,,,12010,2026-03-03T21:59:20.860883+00:00,2026-03-03T21:49:38.841135+00:00,02a1d0f52993b9d0bb6512af4210c994968a9ea7b1938c4b9ba0d43af411048a,12010,true,true
8,C:\Users\mydyi\OneDrive\Documents\Desktop\clearbox-plugins\forest_network\serve.py,C:,serve.py,.py,source_system,clearbox,target_related_content,content,,content_match_target_pattern,,,,,8864,2026-03-03T21:59:20.860883+00:00,2026-03-03T21:49:38.857068+00:00,e1944f86fa68a7ab7f8377659fd8eff85a05354ff548028abefec77a44c077df,8864,true,true
8,C:\Users\mydyi\OneDrive\Documents\Desktop\clearbox-plugins\forest_node\api\pairing.py,C:,pairing.py,.py,source_system,clearbox,target_related_content,content,,content_match_target_pattern,,,,,11630,2026-03-03T21:59:20.924564+00:00,2026-03-03T21:49:39.129476+00:00,934bd27f43edc839bf2943a632545435e2bfa8fc8190c57fbf0e98fe304ce6e6,11630,true,true
8,C:\Users\mydyi\OneDrive\Documents\Desktop\clearbox-plugins\forest_node\api\router.py,C:,router.py,.py,source_system,clearbox,target_related_content,content,,content_match_target_pattern,,,,,13960,2026-03-03T21:59:20.924564+00:00,2026-03-03T21:49:39.138476+00:00,39f903835830ca7278f65943035400f85742543e01f9e6b2edf4a06afe423d09,13960,true,true
8,C:\Users\mydyi\OneDrive\Documents\Desktop\clearbox-plugins\forest_node\config.py,C:,config.py,.py,source_system,clearbox,target_related_content,content,,content_match_target_pattern,,,,,2437,2026-03-03T21:59:20.908386+00:00,2026-03-03T21:49:39.000601+00:00,20ec92be1870e4d1b1c71a142c862386d87dd4727533f3890730cd7a4fb0aab3,2437,true,true
8,C:\Users\mydyi\OneDrive\Documents\Desktop\clearbox-plugins\forest_node\core\ed25519_auth.py,C:,ed25519_auth.py,.py,source_system,clearbox,target_related_content,content,,content_match_target_pattern,,,,,6906,2026-03-03T21:59:20.972098+00:00,2026-03-03T21:49:39.234480+00:00,377ab7c0878065152551d04f03b52a0bf82fa82bcfe2cb274307612db0691e6d,6906,true,true
8,C:\Users\mydyi\OneDrive\Documents\Desktop\clearbox-plugins\forest_node\core\engine.py,C:,engine.py,.py,source_system,clearbox,target_related_content,content,,content_match_target_pattern,,,,,17743,2026-03-03T21:59:20.988071+00:00,2026-03-03T21:49:39.245056+00:00,6ce9385f73191b042e65554efb13a3e45aaf69bc92a8d31a72f1c7916d1b374d,17743,true,true
8,C:\Users\mydyi\OneDrive\Documents\Desktop\clearbox-plugins\forest_node\core\hmac_auth.py,C:,hmac_auth.py,.py,source_system,clearbox,target_related_content,content,,content_match_target_pattern,,,,,3702,2026-03-03T21:59:20.988071+00:00,2026-03-03T21:49:39.258554+00:00,f30fb38c76f77b5a8c1bec80d010aefec32be1bc7b43c8410fc938cfb76ec93c,3702,true,true
8,C:\Users\mydyi\OneDrive\Documents\Desktop\clearbox-plugins\forest_node\core\usb_detect.py,C:,usb_detect.py,.py,source_system,clearbox,target_related_content,content,,content_match_target_pattern,,,,,6083,2026-03-03T21:59:20.999595+00:00,2026-03-03T21:49:39.279052+00:00,dd6f5fb24820a5003d646719d229e3a9e3f1636dcc5a9b9a1f8a253b6e2bcfb4,6083,true,true
8,C:\Users\mydyi\OneDrive\Documents\Desktop\clearbox-plugins\forest_node\node_daemon.py,C:,node_daemon.py,.py,source_system,clearbox,target_related_content,content,,content_match_target_pattern,,,,,17053,2026-03-03T21:59:20.908386+00:00,2026-03-03T21:49:39.019441+00:00,3ef5095cf4950c74984f60188af72a3da92bfa073c3fe4c849c1e794dd9bffe4,17053,true,true
8,C:\Users\mydyi\OneDrive\Documents\Desktop\clearbox-plugins\forest_node\node_daemon_standalone.py,C:,node_daemon_standalone.py,.py,source_system,clearbox,target_related_content,content,,content_match_target_pattern,,,,,23798,2026-03-03T21:59:20.908386+00:00,2026-03-03T21:49:39.026610+00:00,5f5200d57b42180cecada70041624c7eca2432c136735ab62a59be7a46d66aa3,23798,true,true
8,C:\Users\mydyi\OneDrive\Documents\Desktop\clearbox-plugins\genesis_cite\indexer.py,C:,indexer.py,.py,source_system,clearbox,target_related_content,content,,content_match_target_pattern,,,,,7496,2026-03-03T21:59:21.050376+00:00,2026-03-03T21:49:39.381585+00:00,cb7731e205f12452d978e8d749d8dad6df00d6f3936d76104fe4abccc4d5c615,7496,true,true
8,C:\Users\mydyi\OneDrive\Documents\Desktop\clearbox-plugins\help_system\api\router.py,C:,router.py,.py,source_system,clearbox,target_related_content,content,,content_match_target_pattern,,,,,4745,2026-03-03T21:59:21.161189+00:00,2026-03-03T21:49:39.642847+00:00,be773e76dd8193ea523d628f9a66ce53119069b2188f636aab95644eeebbaf12,4745,true,true
8,C:\Users\mydyi\OneDrive\Documents\Desktop\clearbox-plugins\help_system\config.py,C:,config.py,.py,source_system,clearbox,target_related_content,content,,content_match_target_pattern,,,,,1800,2026-03-03T21:59:21.145462+00:00,2026-03-03T21:49:39.562240+00:00,ee031c21c09b45638166a225f3e87ebbb3213b0e108d4b102455c43abc40a047,1800,true,true
8,C:\Users\mydyi\OneDrive\Documents\Desktop\clearbox-plugins\help_system\core\engine.py,C:,engine.py,.py,source_system,clearbox,target_related_content,content,,content_match_target_pattern,,,,,4270,2026-03-03T21:59:21.209036+00:00,2026-03-03T21:49:39.673464+00:00,dc760d2362c46af3a7d2cfdb5495ab2a13e4e3babc240de7d49d4bd6c78c307b,4270,true,true
8,C:\Users\mydyi\OneDrive\Documents\Desktop\clearbox-plugins\lakespeak\api\router.py,C:,router.py,.py,source_system,clearbox,target_related_content,content,,content_match_target_pattern,,,,,7069,2026-03-03T21:59:21.272773+00:00,2026-03-03T21:49:39.878858+00:00,e4771811ee6ae0bd3c7c7c36713742d2aa1be6d0d4e1f92e2ed94674f839bac7,7069,true,true
8,C:\Users\mydyi\OneDrive\Documents\Desktop\clearbox-plugins\lakespeak\config.py,C:,config.py,.py,source_system,clearbox,target_related_content,content,,content_match_target_pattern,,,,,2277,2026-03-03T21:59:21.242890+00:00,2026-03-03T21:49:39.759752+00:00,1c5545f4df8be1c8cf28f5213b9780e2d4cabdb3a8a38313be955a62398f5428,2277,true,true
8,C:\Users\mydyi\OneDrive\Documents\Desktop\clearbox-plugins\lakespeak\events\eval_harness.py,C:,eval_harness.py,.py,source_system,clearbox,target_related_content,content,,content_match_target_pattern,,,,,10700,2026-03-03T21:59:21.304620+00:00,2026-03-03T21:49:39.899827+00:00,64aea3819a16b88335047e0f0f9edd4d37b25ff95830e67ddcfcf901da9e986b,10700,true,true
8,C:\Users\mydyi\OneDrive\Documents\Desktop\clearbox-plugins\lakespeak\events\hashing.py,C:,hashing.py,.py,source_system,clearbox,target_related_content,content,,content_match_target_pattern,,,,,5073,2026-03-03T21:59:21.304620+00:00,2026-03-03T21:49:39.906828+00:00,719ab6adde648a709d4a73bbde7fe98da892317e900cf491f58a8665bdf2e966,5073,true,true
8,C:\Users\mydyi\OneDrive\Documents\Desktop\clearbox-plugins\lakespeak\index\anchor_reranker.py,C:,anchor_reranker.py,.py,source_system,clearbox,target_related_content,content,,content_match_target_pattern,,,,,7068,2026-03-03T21:59:21.325938+00:00,2026-03-03T21:49:39.967750+00:00,b5678dc5d147b1c7041a5f8b14893b81c3dc78af5cd2cf2a5f1d734913e99a4d,7068,true,true
8,C:\Users\mydyi\OneDrive\Documents\Desktop\clearbox-plugins\lakespeak\index\bm25.py,C:,bm25.py,.py,source_system,clearbox,target_related_content,content,,content_match_target_pattern,,,,,9007,2026-03-03T21:59:21.325938+00:00,2026-03-03T21:49:39.977249+00:00,f3f252dd03990328c0b06506118cc983d1e51614701c10d315795fc09e036b81,9007,true,true
8,C:\Users\mydyi\OneDrive\Documents\Desktop\clearbox-plugins\lakespeak\index\dense.py,C:,dense.py,.py,source_system,clearbox,target_related_content,content,,content_match_target_pattern,,,,,10185,2026-03-03T21:59:21.325938+00:00,2026-03-03T21:49:39.985744+00:00,b1817b2c6a627bcbfd83c573fdce989afde207954731b7f1b34768636b624aba,10185,true,true
8,C:\Users\mydyi\OneDrive\Documents\Desktop\clearbox-plugins\lakespeak\index\hybrid.py,C:,hybrid.py,.py,source_system,clearbox,target_related_content,content,,content_match_target_pattern,,,,,3069,2026-03-03T21:59:21.336322+00:00,2026-03-03T21:49:39.993244+00:00,e27e46fa94650378491b9a6bb63e49a14ff5afe9edfa772b827ed8585240e629,3069,true,true
8,C:\Users\mydyi\OneDrive\Documents\Desktop\clearbox-plugins\lakespeak\ingest\pipeline.py,C:,pipeline.py,.py,source_system,clearbox,target_related_content,content,,content_match_target_pattern,,,,,23125,2026-03-03T21:59:21.352318+00:00,2026-03-03T21:49:40.017574+00:00,039f4b1e631435bfbd4cd521ff07e275c59d79ad0381a20361150f1d90e74885,23125,true,true
8,C:\Users\mydyi\OneDrive\Documents\Desktop\clearbox-plugins\lakespeak\ingest\receipt.py,C:,receipt.py,.py,source_system,clearbox,target_related_content,content,,content_match_target_pattern,,,,,1674,2026-03-03T21:59:21.352318+00:00,2026-03-03T21:49:40.027526+00:00,61cb681b31a909f24b27c0fc8dc05fcdcb440b5208b8e32271c74b8398a66e6a,1674,true,true
8,C:\Users\mydyi\OneDrive\Documents\Desktop\clearbox-plugins\lakespeak\retrieval\grounding_policy.py,C:,grounding_policy.py,.py,source_system,clearbox,target_related_content,content,,content_match_target_pattern,,,,,6966,2026-03-03T21:59:21.375894+00:00,2026-03-03T21:49:40.061547+00:00,cc8fefaed8c0e2b84c5185d6ae0bac8af8b63722996b5ee1d984708fc77d4ab1,6966,true,true
8,C:\Users\mydyi\OneDrive\Documents\Desktop\clearbox-plugins\lakespeak\retrieval\quality_gate.py,C:,quality_gate.py,.py,source_system,clearbox,target_related_content,content,,content_match_target_pattern,,,,,21171,2026-03-03T21:59:21.375894+00:00,2026-03-03T21:49:40.071056+00:00,125513404e748cc9496495e160f4580e6b4570163d7b273a3d546a71432ae5f3,21171,true,true
8,C:\Users\mydyi\OneDrive\Documents\Desktop\clearbox-plugins\lakespeak\retrieval\query.py,C:,query.py,.py,source_system,clearbox,target_related_content,content,,content_match_target_pattern,,,,,31439,2026-03-03T21:59:21.383919+00:00,2026-03-03T21:49:40.077213+00:00,a74f64b6ab8e2e64d80a183cb022c83c6a6b89b6e11d365635db3eb4ac6239c2,31439,true,true
8,C:\Users\mydyi\OneDrive\Documents\Desktop\clearbox-plugins\lakespeak\schemas.py,C:,schemas.py,.py,source_system,clearbox,target_related_content,content,,content_match_target_pattern,,,,,8141,2026-03-03T21:59:21.256830+00:00,2026-03-03T21:49:39.777752+00:00,3d764fbdcb682abb990f045f27a1954e18459c9a46d0bb002188473d224c8c7b,8141,true,true
8,C:\Users\mydyi\OneDrive\Documents\Desktop\clearbox-plugins\openrefine\_bridge.py,C:,_bridge.py,.py,source_system,clearbox,target_related_content,content,,content_match_target_pattern,,,,,3476,2026-03-03T21:59:21.431319+00:00,2026-03-03T21:49:40.200076+00:00,007843a9d264b8cb050f1ff95f3348d7ca9f00dba9cc89c0b12fd299d3216a6e,3476,true,true
8,C:\Users\mydyi\OneDrive\Documents\Desktop\clearbox-plugins\openrefine\_preview_ui.html,C:,_preview_ui.html,.html,source_or_document,clearbox,target_related_content,content,,content_match_target_pattern,,,,,67907,2026-03-03T21:59:21.447390+00:00,2026-03-03T21:49:40.286591+00:00,edbb21ebb3fe7b9e54df63f475587a189186e30f281dc3b1bc318fd3f131e920,67907,true,true
8,C:\Users\mydyi\OneDrive\Documents\Desktop\clearbox-plugins\openrefine\api\router.py,C:,router.py,.py,source_system,clearbox,target_related_content,content,,content_match_target_pattern,,,,,11313,2026-03-03T21:59:21.511009+00:00,2026-03-03T21:49:40.244084+00:00,b075694272511c34fd304129421f886710b63f5d4956e0b4736bc8ded657bc10,11313,true,true
8,C:\Users\mydyi\OneDrive\Documents\Desktop\clearbox-plugins\openrefine\config.py,C:,config.py,.py,source_system,clearbox,target_related_content,content,,content_match_target_pattern,,,,,4990,2026-03-03T21:59:21.431319+00:00,2026-03-03T21:49:40.192569+00:00,72ec2548fdebcc4da1bf328acb2cd2bb605cec0d819627513d6f2db909deb20e,4990,true,true
8,C:\Users\mydyi\OneDrive\Documents\Desktop\clearbox-plugins\openrefine\core\engine.py,C:,engine.py,.py,source_system,clearbox,target_related_content,content,,content_match_target_pattern,,,,,18678,2026-03-03T21:59:21.526783+00:00,2026-03-03T21:49:40.156554+00:00,2a26b5baf1c93a262dc263b2e37bdbbb66886b2720ca25996686990ff4c033e1,18678,true,true
8,C:\Users\mydyi\OneDrive\Documents\Desktop\clearbox-plugins\reasoning_engine\engine.py,C:,engine.py,.py,source_system,clearbox,target_related_content,content,,content_match_target_pattern,,,,,28943,2026-03-03T21:59:21.574737+00:00,2026-03-03T21:49:40.346090+00:00,4584fc68c8590accdf5a2e041a76e5376092fdc1dc035cf4c3e7a9b281d73e26,28943,true,true
8,C:\Users\mydyi\OneDrive\Documents\Desktop\clearbox-plugins\system_pulse\_bridge.py,C:,_bridge.py,.py,source_system,clearbox,target_related_content,content,,content_match_target_pattern,,,,,1898,2026-03-03T21:59:21.606173+00:00,2026-03-03T21:49:40.450381+00:00,c457b356b1eec76e8820a59cb385f904ce399aedcbdfbd4682f95c2cc24d0699,1898,true,true
8,C:\Users\mydyi\OneDrive\Documents\Desktop\clearbox-plugins\system_pulse\_preview_ui.html,C:,_preview_ui.html,.html,source_or_document,clearbox,target_related_content,content,,content_match_target_pattern,,,,,12851,2026-03-03T21:59:21.606173+00:00,2026-03-03T21:49:40.456882+00:00,615c433abda16b10062d5ac581c19fd0727631df4ec5075dccaf81c60a3932cd,12851,true,true
8,C:\Users\mydyi\OneDrive\Documents\Desktop\clearbox-plugins\system_pulse\api\router.py,C:,router.py,.py,source_system,clearbox,target_related_content,content,,content_match_target_pattern,,,,,1699,2026-03-03T21:59:21.686044+00:00,2026-03-03T21:49:40.393500+00:00,fec939338889ce7b96bbbdc10db2e382006824a56449873af7d4493f3fdea014,1699,true,true
8,C:\Users\mydyi\OneDrive\Documents\Desktop\clearbox-plugins\system_pulse\core\engine.py,C:,engine.py,.py,source_system,clearbox,target_related_content,content,,content_match_target_pattern,,,,,5820,2026-03-03T21:59:21.733710+00:00,2026-03-03T21:49:40.434848+00:00,2a7f1e9deab7b89f31a1c87a9c869a53df1ac5caa94545e9fffca3a6b5804fea,5820,true,true
8,C:\Users\mydyi\OneDrive\Documents\Desktop\clearbox-plugins\wolf_engine\api\router.py,C:,router.py,.py,source_system,clearbox,target_related_content,content,,content_match_target_pattern,,,,,11963,2026-03-03T21:59:21.870742+00:00,2026-03-03T21:49:40.740391+00:00,3b9e7603a44f8d1c4a76e69eed0dd1ae0d9b891ca83ebec1b7966feca2274627,11963,true,true
8,C:\Users\mydyi\OneDrive\Documents\Desktop\clearbox-plugins\wolf_engine\archon\cam_stub.py,C:,cam_stub.py,.py,source_system,clearbox,target_related_content,content,,content_match_target_pattern,,,,,3487,2026-03-03T21:59:21.924160+00:00,2026-03-03T21:49:40.810545+00:00,ba26b90a86532ee2f5a114838422880882fff398ca49ed08e6b1bbf9c0bed729,3487,true,true
8,C:\Users\mydyi\OneDrive\Documents\Desktop\clearbox-plugins\wolf_engine\archon\judge.py,C:,judge.py,.py,source_system,clearbox,target_related_content,content,,content_match_target_pattern,,,,,17281,2026-03-03T21:59:21.940225+00:00,2026-03-03T21:49:40.817524+00:00,e6c06ece718b92aaf9fdcb909e8fa0caab0b364fc34c7bb128907a1162e6c1b8,17281,true,true
8,C:\Users\mydyi\OneDrive\Documents\Desktop\clearbox-plugins\wolf_engine\archon\orchestrator.py,C:,orchestrator.py,.py,source_system,clearbox,target_related_content,content,,content_match_target_pattern,,,,,4359,2026-03-03T21:59:21.940225+00:00,2026-03-03T21:49:40.827523+00:00,2597b3a1439af47ecc0ea8d258f48abb3b157f058da3cf33a948c48e07b5e4ba,4359,true,true
8,C:\Users\mydyi\OneDrive\Documents\Desktop\clearbox-plugins\wolf_engine\archon\verdict.py,C:,verdict.py,.py,source_system,clearbox,target_related_content,content,,content_match_target_pattern,,,,,4607,2026-03-03T21:59:21.956198+00:00,2026-03-03T21:49:40.849966+00:00,c3b324ee6b1b35ed4fd27f06699089bdd82ffa61977896eebaebe3a296d9670b,4607,true,true
8,C:\Users\mydyi\OneDrive\Documents\Desktop\clearbox-plugins\wolf_engine\config.py,C:,config.py,.py,source_system,clearbox,target_related_content,content,,content_match_target_pattern,,,,,3960,2026-03-03T21:59:21.781264+00:00,2026-03-03T21:49:40.557857+00:00,8aa17d6f02ae9934106c0d5524e6104cddde07eaac69836b46977213f3219030,3960,true,true
8,C:\Users\mydyi\OneDrive\Documents\Desktop\clearbox-plugins\wolf_engine\contracts.py,C:,contracts.py,.py,source_system,clearbox,target_related_content,content,,content_match_target_pattern,,,,,2082,2026-03-03T21:59:21.781264+00:00,2026-03-03T21:49:40.567357+00:00,d7a024a32fcaaa30f2b3480ea5ef0d5b559888258032bd7645916f48cb212d46,2082,true,true
8,C:\Users\mydyi\OneDrive\Documents\Desktop\clearbox-plugins\wolf_engine\core\engine.py,C:,engine.py,.py,source_system,clearbox,target_related_content,content,,content_match_target_pattern,,,,,17684,2026-03-03T21:59:22.019550+00:00,2026-03-03T21:49:40.896297+00:00,587ea39da2a6d067d037da27a9a46a9e14aa26931fb2063b4762400d2e772569,17684,true,true
8,C:\Users\mydyi\OneDrive\Documents\Desktop\clearbox-plugins\wolf_engine\dashboard\app.py,C:,app.py,.py,source_system,clearbox,target_related_content,content,,content_match_target_pattern,,,,,14148,2026-03-03T21:59:22.073225+00:00,2026-03-03T21:49:40.914298+00:00,b8c4be69acf943d59a8f5f2e458ad55055108825b2fd0eebf42578dc1e8f7d7c,14148,true,true
8,C:\Users\mydyi\OneDrive\Documents\Desktop\clearbox-plugins\wolf_engine\dashboard\static\js\dashboard.js,C:,dashboard.js,.js,source_system,clearbox,target_related_content,content,,content_match_target_pattern,,,,,41570,2026-03-03T21:59:22.131658+00:00,2026-03-03T21:49:40.968813+00:00,362519e1ee1996ebe28866386426faa594d3f1407a6eea4b2b6608794eb3a904,41570,true,true
8,C:\Users\mydyi\OneDrive\Documents\Desktop\clearbox-plugins\wolf_engine\dashboard\templates\index.html,C:,index.html,.html,source_or_document,clearbox,target_related_content,content,,content_match_target_pattern,,,,,18164,2026-03-03T21:59:22.211230+00:00,2026-03-03T21:49:40.987815+00:00,9803f0ea7d36d2d4d5d67630d4eef01b6efd734114f31b825511fc3f5c92eba0,18164,true,true
8,C:\Users\mydyi\OneDrive\Documents\Desktop\clearbox-plugins\wolf_engine\dashboard\web.py,C:,web.py,.py,source_system,clearbox,target_related_content,content,,content_match_target_pattern,,,,,6999,2026-03-03T21:59:22.087131+00:00,2026-03-03T21:49:40.936298+00:00,d82fc20f2bee531d107f62470941f9861b0758f4e2f247dac7e460acfd86d72f,6999,true,true
8,C:\Users\mydyi\OneDrive\Documents\Desktop\clearbox-plugins\wolf_engine\evidence\fusion.py,C:,fusion.py,.py,source_system,clearbox,target_related_content,content,,content_match_target_pattern,,,,,4515,2026-03-03T21:59:22.258857+00:00,2026-03-03T21:49:41.045654+00:00,95919698651c6707b998fb528645625a1187a6baf954f259c7cc83ba83b7e7f5,4515,true,true
8,C:\Users\mydyi\OneDrive\Documents\Desktop\clearbox-plugins\wolf_engine\evidence\worker_base.py,C:,worker_base.py,.py,source_system,clearbox,target_related_content,content,,content_match_target_pattern,,,,,4815,2026-03-03T21:59:22.276624+00:00,2026-03-03T21:49:41.080242+00:00,6dda1ff2f651310d0d72077899cfbf1e1e42e0699d0f345c08b01702abc46664,4815,true,true
8,C:\Users\mydyi\OneDrive\Documents\Desktop\clearbox-plugins\wolf_engine\evidence\workers.py,C:,workers.py,.py,source_system,clearbox,target_related_content,content,,content_match_target_pattern,,,,,8732,2026-03-03T21:59:22.276624+00:00,2026-03-03T21:49:41.069735+00:00,04437fb416dd7673814d8c1c3856b1d59fbd46aa8c2ae0d750cbb7eba724a1f4,8732,true,true
8,C:\Users\mydyi\OneDrive\Documents\Desktop\clearbox-plugins\wolf_engine\gnome\gnome_service.py,C:,gnome_service.py,.py,source_system,clearbox,target_related_content,content,,content_match_target_pattern,,,,,3221,2026-03-03T21:59:22.354326+00:00,2026-03-03T21:49:41.187589+00:00,18f9e257cb9a6aacc83d29ad6d2103a2399b97a778a24340146002e5bcae52a4,3221,true,true
8,C:\Users\mydyi\OneDrive\Documents\Desktop\clearbox-plugins\wolf_engine\gpu\device.py,C:,device.py,.py,source_system,clearbox,target_related_content,content,,content_match_target_pattern,,,,,2713,2026-03-03T21:59:22.402078+00:00,2026-03-03T21:49:41.231480+00:00,028f24ccf5c22962580e3b2d3d1e113e478615641ecdb4ddd2430010ff2ce769,2713,true,true
8,C:\Users\mydyi\OneDrive\Documents\Desktop\clearbox-plugins\wolf_engine\gpu\forge_memory_gpu.py,C:,forge_memory_gpu.py,.py,source_system,clearbox,target_related_content,content,,content_match_target_pattern,,,,,5684,2026-03-03T21:59:22.402078+00:00,2026-03-03T21:49:41.240480+00:00,ff13fc3e4adfe7c474be7c5407b265f7f3563e4b6ccb35aef71d820709f254cf,5684,true,true
8,C:\Users\mydyi\OneDrive\Documents\Desktop\clearbox-plugins\wolf_engine\metrics\collector.py,C:,collector.py,.py,source_system,clearbox,target_related_content,content,,content_match_target_pattern,,,,,8502,2026-03-03T21:59:22.417828+00:00,2026-03-03T21:49:41.276980+00:00,f5e6ef3d7f9f215e6638fca2e80318947f3ee0581d0155a5c91a741f10801d7c,8502,true,true
8,C:\Users\mydyi\OneDrive\Documents\Desktop\clearbox-plugins\wolf_engine\metrics\exporter.py,C:,exporter.py,.py,source_system,clearbox,target_related_content,content,,content_match_target_pattern,,,,,8265,2026-03-03T21:59:22.417828+00:00,2026-03-03T21:49:41.283481+00:00,ffda016f1237e086dc49be94d696f492eb538df3325ae474cfeeb46d975e6138,8265,true,true
8,C:\Users\mydyi\OneDrive\Documents\Desktop\clearbox-plugins\wolf_engine\modules\operators\crosshair_lock.py,C:,crosshair_lock.py,.py,source_system,clearbox,target_related_content,content,,content_match_target_pattern,,,,,4381,2026-03-03T21:59:22.481532+00:00,2026-03-03T21:49:41.442536+00:00,dd040e1df07357eb2c07688a94930e55dc54d1e7cae8fed910f74ed17a2ea638,4381,true,true
8,C:\Users\mydyi\OneDrive\Documents\Desktop\clearbox-plugins\wolf_engine\modules\operators\edge_entry.py,C:,edge_entry.py,.py,source_system,clearbox,target_related_content,content,,content_match_target_pattern,,,,,4269,2026-03-03T21:59:22.481532+00:00,2026-03-03T21:49:41.452536+00:00,bad6072e56352a10c2ef6784dc8c5ad69fa6021a6940e7a545c511ccbf9db1d1,4269,true,true
8,C:\Users\mydyi\OneDrive\Documents\Desktop\clearbox-plugins\wolf_engine\modules\operators\eomm_compositor.py,C:,eomm_compositor.py,.py,source_system,clearbox,target_related_content,content,,content_match_target_pattern,,,,,3321,2026-03-03T21:59:22.481532+00:00,2026-03-03T21:49:41.461913+00:00,c6bcc9213a825053145a0b337bb093d0a2070041ad4fb9d74d1e99fb4fb450ad,3321,true,true
8,C:\Users\mydyi\OneDrive\Documents\Desktop\clearbox-plugins\wolf_engine\modules\operators\thermal_hitbox.py,C:,thermal_hitbox.py,.py,source_system,clearbox,target_related_content,content,,content_match_target_pattern,,,,,6658,2026-03-03T21:59:22.481532+00:00,2026-03-03T21:49:41.468418+00:00,3140d8606e43504c17070a24628082f74c34ed421dc50f983bbf16b57f32afbc,6658,true,true
8,C:\Users\mydyi\OneDrive\Documents\Desktop\clearbox-plugins\wolf_engine\modules\registry.py,C:,registry.py,.py,source_system,clearbox,target_related_content,content,,content_match_target_pattern,,,,,9405,2026-03-03T21:59:22.433765+00:00,2026-03-03T21:49:41.335109+00:00,f29bd9140facdb8ede2e0f51eb09a4f054e003497674a23ec1e4ab0b0ca931f9,9405,true,true
8,C:\Users\mydyi\OneDrive\Documents\Desktop\clearbox-plugins\wolf_engine\modules\truevision.py,C:,truevision.py,.py,source_system,clearbox,target_related_content,content,,content_match_target_pattern,,,,,2054,2026-03-03T21:59:22.433765+00:00,2026-03-03T21:49:41.342108+00:00,69bed439edc019bc09775dc4f85ae9495128e896b882c1f29542ccb2c4dd717f,2054,true,true
8,C:\Users\mydyi\OneDrive\Documents\Desktop\clearbox-plugins\wolf_engine\pipeline.py,C:,pipeline.py,.py,source_system,clearbox,target_related_content,content,,content_match_target_pattern,,,,,1918,2026-03-03T21:59:21.797280+00:00,2026-03-03T21:49:40.596362+00:00,0e96bd7fdd0fa4cb1861a3e458ef144ffe7aa1cb4696c5b11b166b1deff5bd89,1918,true,true
8,C:\Users\mydyi\OneDrive\Documents\Desktop\clearbox-plugins\wolf_engine\reasoning\cascade_engine.py,C:,cascade_engine.py,.py,source_system,clearbox,target_related_content,content,,content_match_target_pattern,,,,,6119,2026-03-03T21:59:22.544824+00:00,2026-03-03T21:49:41.595709+00:00,b5fc13e33a998bff34e09323ceee2a913e02266ded2b69423b7c830525bfafba,6119,true,true
8,C:\Users\mydyi\OneDrive\Documents\Desktop\clearbox-plugins\wolf_engine\reasoning\engine.py,C:,engine.py,.py,source_system,clearbox,target_related_content,content,,content_match_target_pattern,,,,,6686,2026-03-03T21:59:22.544824+00:00,2026-03-03T21:49:41.613711+00:00,a37c9e24280a3a801a57131441f0dfb2165935189df3d9e794f666642db52bf8,6686,true,true
8,C:\Users\mydyi\OneDrive\Documents\Desktop\clearbox-plugins\wolf_engine\reasoning\pattern_detector.py,C:,pattern_detector.py,.py,source_system,clearbox,target_related_content,content,,content_match_target_pattern,,,,,7665,2026-03-03T21:59:22.544824+00:00,2026-03-03T21:49:41.619710+00:00,8a14cb23507c36693b4845cef2ae8be297cde2fd82bdc2637ffc3a74d652f9f0,7665,true,true
8,C:\Users\mydyi\OneDrive\Documents\Desktop\clearbox-plugins\wolf_engine\reasoning\reasoning_service.py,C:,reasoning_service.py,.py,source_system,clearbox,target_related_content,content,,content_match_target_pattern,,,,,8031,2026-03-03T21:59:22.560997+00:00,2026-03-03T21:49:41.632210+00:00,2f88ab7acdd68fdec361690caeaf2e8a07fa74443115c9aed79c0984f5785bb4,8031,true,true
8,C:\Users\mydyi\OneDrive\Documents\Desktop\clearbox-plugins\wolf_engine\schemas.py,C:,schemas.py,.py,source_system,clearbox,target_related_content,content,,content_match_target_pattern,,,,,3614,2026-03-03T21:59:21.829251+00:00,2026-03-03T21:49:40.629237+00:00,04585e9b3c3dcb1ca4e12306128345d0410a16aaa204ba0f42575451853747a7,3614,true,true
8,C:\Users\mydyi\OneDrive\Documents\Desktop\clearbox-plugins\wolf_engine\services\forge_service.py,C:,forge_service.py,.py,source_system,clearbox,target_related_content,content,,content_match_target_pattern,,,,,4312,2026-03-03T21:59:22.592774+00:00,2026-03-03T21:49:42.605787+00:00,0407ac1d0ad6db81b235dcad1982424394e9ac237073b16db5d808a6607aede2,4312,true,true
8,C:\Users\mydyi\OneDrive\Documents\Desktop\clearbox-plugins\wolf_engine\services\gateway.py,C:,gateway.py,.py,source_system,clearbox,target_related_content,content,,content_match_target_pattern,,,,,4151,2026-03-03T21:59:22.592774+00:00,2026-03-03T21:49:42.614787+00:00,823de116e302220a8d509533f75c3e7d5d94910dbc881444746c230174e7958b,4151,true,true
8,C:\Users\mydyi\OneDrive\Documents\Desktop\clearbox-plugins\wolf_engine\services\health.py,C:,health.py,.py,source_system,clearbox,target_related_content,content,,content_match_target_pattern,,,,,4153,2026-03-03T21:59:22.592774+00:00,2026-03-03T21:49:42.621297+00:00,90abcb955929052e5fefb7bc660b86407f1cc42986e77a4c76d8a0bbe779ca87,4153,true,true
8,C:\Users\mydyi\OneDrive\Documents\Desktop\clearbox-plugins\wolf_engine\services\perception_service.py,C:,perception_service.py,.py,source_system,clearbox,target_related_content,content,,content_match_target_pattern,,,,,4024,2026-03-03T21:59:22.592774+00:00,2026-03-03T21:49:42.633297+00:00,c0c448e39a9f576e57468619128f7dbc25a5c0fc503e88ea745b36072b9c774e,4024,true,true
8,C:\Users\mydyi\OneDrive\Documents\Desktop\clearbox-plugins\wolf_engine\sql\sqlite_writer.py,C:,sqlite_writer.py,.py,source_system,clearbox,target_related_content,content,,content_match_target_pattern,,,,,9075,2026-03-03T21:59:22.624948+00:00,2026-03-03T21:49:42.690297+00:00,ab6c9c9282da6c07146b9bc1d3bcfceb83d923f07702405ff20f14eaa62f30a7,9075,true,true
8,C:\Users\mydyi\OneDrive\Documents\Desktop\clearbox-plugins\wolf_engine\start.py,C:,start.py,.py,source_system,clearbox,target_related_content,content,,content_match_target_pattern,,,,,4392,2026-03-03T21:59:21.829251+00:00,2026-03-03T21:49:40.635664+00:00,2329eaeef9576111131cce8910c99cf2a35ff9576ffee3ec5a8a5bba4fa0128b,4392,true,true
8,C:\Users\mydyi\OneDrive\Documents\Desktop\clearbox-plugins\wolf_engine\tests\test_api.py,C:,test_api.py,.py,source_system,clearbox,target_related_content,content,,content_match_target_pattern,,,,,18624,2026-03-03T21:59:22.656453+00:00,2026-03-03T21:49:42.720799+00:00,78e40a1beab025f8e3b8844e55975a913222c57ec211f57885e88ed5035a512e,18624,true,true
8,C:\Users\mydyi\OneDrive\Documents\Desktop\clearbox-plugins\wolf_engine\tests\test_archon.py,C:,test_archon.py,.py,source_system,clearbox,target_related_content,content,,content_match_target_pattern,,,,,15379,2026-03-03T21:59:22.656453+00:00,2026-03-03T21:49:42.730632+00:00,72bcd2143bf7cdbb0dd5a5fdcfa69d533dc3af98be60e04667ae7733fca50e41,15379,true,true
8,C:\Users\mydyi\OneDrive\Documents\Desktop\clearbox-plugins\wolf_engine\tests\test_engine.py,C:,test_engine.py,.py,source_system,clearbox,target_related_content,content,,content_match_target_pattern,,,,,3467,2026-03-03T21:59:22.672417+00:00,2026-03-03T21:49:42.737517+00:00,34c734c4c23622d737c4b2aa18ea7cac81b9e6d4acbb4ac90343bdaab8ac3173,3467,true,true
8,C:\Users\mydyi\OneDrive\Documents\Desktop\clearbox-plugins\wolf_engine\tests\test_evidence.py,C:,test_evidence.py,.py,source_system,clearbox,target_related_content,content,,content_match_target_pattern,,,,,14069,2026-03-03T21:59:22.672417+00:00,2026-03-03T21:49:42.747017+00:00,5069b2120b5794dcab28c577ad8442e4270f5596295923e98e8747b59e9bdeaf,14069,true,true
8,C:\Users\mydyi\OneDrive\Documents\Desktop\clearbox-plugins\wolf_engine\tests\test_metrics.py,C:,test_metrics.py,.py,source_system,clearbox,target_related_content,content,,content_match_target_pattern,,,,,7273,2026-03-03T21:59:22.672417+00:00,2026-03-03T21:49:42.767552+00:00,9cbcc65e4049214037a316de7aa5e7a24d318f30235c41999cdbcfd69009c70e,7273,true,true
8,C:\Users\mydyi\OneDrive\Documents\Desktop\clearbox-plugins\wolf_engine\tests\test_reasoning.py,C:,test_reasoning.py,.py,source_system,clearbox,target_related_content,content,,content_match_target_pattern,,,,,16166,2026-03-03T21:59:22.688299+00:00,2026-03-03T21:49:42.784079+00:00,eb356cb3c0982d900f80132a6b0964934e5a21ebdc107c4135c0bfea03632c35,16166,true,true
8,C:\Users\mydyi\OneDrive\Documents\Desktop\clearbox-plugins\wolf_engine\tests\test_stress.py,C:,test_stress.py,.py,source_system,clearbox,target_related_content,content,,content_match_target_pattern,,,,,8428,2026-03-03T21:59:22.688299+00:00,2026-03-03T21:49:42.803634+00:00,7e0bdf412199e7b8aff56ebcae0239a94c1da0b29f08634337b5084a6449f757,8428,true,true
8,E:\Clearbox-AI-Plugin-Runner-main\Clearbox-AI-Plugin-Runner-main\bridges\forest_bridge.py,E:,forest_bridge.py,.py,source_system,clearbox,target_related_content,content,,content_match_target_pattern,,,,,49210,2026-03-11T11:20:56+00:00,2026-03-14T00:12:05.415263+00:00,f57690581ad69c69fc61bd70210469e8c9d1d6d96f3835f34c71d8aa8a589b5f,49210,true,true
8,E:\Clearbox-AI-Plugin-Runner-main\Clearbox-AI-Plugin-Runner-main\bridges\forest_bridge_server.py,E:,forest_bridge_server.py,.py,source_system,clearbox,target_related_content,content,,content_match_target_pattern,,,,,249283,2026-03-11T11:20:56+00:00,2026-03-14T00:12:05.420293+00:00,93067212174038f6b428180cad551b7902522f76be6407b3d0ee0e7c76a424bb,249283,true,true
8,E:\Clearbox-AI-Plugin-Runner-main\Clearbox-AI-Plugin-Runner-main\bridges\forest_gpu.py,E:,forest_gpu.py,.py,source_system,clearbox,target_related_content,content,,content_match_target_pattern,,,,,6572,2026-03-11T11:20:56+00:00,2026-03-14T00:12:05.422819+00:00,fd6b29edf9bbfc00c899b52f83dea60657e6be7f0b4762423bca56870024978c,6572,true,true
8,E:\Clearbox-AI-Plugin-Runner-main\Clearbox-AI-Plugin-Runner-main\bridges\governed_io.py,E:,governed_io.py,.py,source_system,clearbox,target_related_content,content,,content_match_target_pattern,,,,,10942,2026-03-11T11:20:56+00:00,2026-03-14T00:12:05.426121+00:00,0664ea077b5a8ec0814e80ae054c34685145a890dc5b4171ee1e2d57810485c2,10942,true,true
8,E:\Clearbox-AI-Plugin-Runner-main\Clearbox-AI-Plugin-Runner-main\bridges\plugin_hooks.py,E:,plugin_hooks.py,.py,source_system,clearbox,target_related_content,content,,content_match_target_pattern,,,,,2891,2026-03-11T11:20:56+00:00,2026-03-14T00:12:05.433163+00:00,76577fc37c8290ba6c9f1a9b8684985479e9159c7f136a21474990e1d1fc3ea7,2891,true,true
8,E:\Clearbox-AI-Plugin-Runner-main\Clearbox-AI-Plugin-Runner-main\bridges\tool_defs.py,E:,tool_defs.py,.py,source_system,clearbox,target_related_content,content,,content_match_target_pattern,,,,,35356,2026-03-11T11:20:56+00:00,2026-03-14T00:12:05.436178+00:00,e312420cdb7bbfbf448c5cfe0820f4774a5d023d6b5b2d72d3c1bcf213441b5e,35356,true,true
8,E:\Clearbox-AI-Plugin-Runner-main\Clearbox-AI-Plugin-Runner-main\claude_sandbox\multi_ai_orchestrator\api\multi_ai_api.py,E:,multi_ai_api.py,.py,source_system,clearbox,target_related_content,content,,content_match_target_pattern,,,,,12054,2026-03-11T11:20:56+00:00,2026-03-14T00:12:05.519194+00:00,e82fcc31ec64903d805925b46c142600038b95b840c0b1b09994cd4871260526,12054,true,true
8,E:\Clearbox-AI-Plugin-Runner-main\Clearbox-AI-Plugin-Runner-main\claude_sandbox\multi_ai_orchestrator\ui\multi_ai_panel.html,E:,multi_ai_panel.html,.html,source_or_document,clearbox,target_related_content,content,,content_match_target_pattern,,,,,42403,2026-03-11T11:20:56+00:00,2026-03-14T00:12:05.535288+00:00,82a11a50aa0cb9eb271800a4d2a6e82741f201de69a271e1b9fc48a284bb395d,42403,true,true
8,E:\Clearbox-AI-Plugin-Runner-main\Clearbox-AI-Plugin-Runner-main\claude_sandbox\plugins\audio_io\core\worker.py,E:,worker.py,.py,source_system,clearbox,target_related_content,content,,content_match_target_pattern,,,,,6302,2026-03-11T11:20:56+00:00,2026-03-14T00:12:05.581797+00:00,9197be1cfb2b4c7e42f7a8a900cc8d9a591c232557915b0f36ef3314f5ed9a5f,6302,true,true
8,E:\Clearbox-AI-Plugin-Runner-main\Clearbox-AI-Plugin-Runner-main\claude_sandbox\plugins\av_security\core\analyzer.py,E:,analyzer.py,.py,source_system,clearbox,target_related_content,content,,content_match_target_pattern,,,,,2598,2026-03-11T11:20:56+00:00,2026-03-14T00:12:05.629639+00:00,2cc7637feb8a78ac622ba799785448af158c745a928efd9183a320f6c476b604,2598,true,true
8,E:\Clearbox-AI-Plugin-Runner-main\Clearbox-AI-Plugin-Runner-main\claude_sandbox\plugins\av_security\core\operators\__init__.py,E:,__init__.py,.py,source_system,clearbox,target_related_content,content,,content_match_target_pattern,,,,,4936,2026-03-11T11:20:56+00:00,2026-03-14T00:12:05.629639+00:00,58bc07ffd3042041dcccecd34963af00c33749aa03cf198beb537aefc19d45a8,4936,true,true
8,E:\Clearbox-AI-Plugin-Runner-main\Clearbox-AI-Plugin-Runner-main\claude_sandbox\plugins\market_oracle\api.py,E:,api.py,.py,source_system,clearbox,target_related_content,content,,content_match_target_pattern,,,,,2823,2026-03-11T11:20:56+00:00,2026-03-14T00:12:05.657672+00:00,1ae77bf7306cf9606273d600373550d329dc2211d07049f2bb21e72d07d9a88e,2823,true,true
8,E:\Clearbox-AI-Plugin-Runner-main\Clearbox-AI-Plugin-Runner-main\claude_sandbox\plugins\market_oracle\core\capsule_builder.py,E:,capsule_builder.py,.py,source_system,clearbox,target_related_content,content,,content_match_target_pattern,,,,,2591,2026-03-11T11:20:56+00:00,2026-03-14T00:12:05.679328+00:00,408f3fcfa0afeb9427b77b4383207c3c9276ad4a9fdaaaa21199b1b111d34ba4,2591,true,true
8,E:\Clearbox-AI-Plugin-Runner-main\Clearbox-AI-Plugin-Runner-main\claude_sandbox\plugins\market_oracle\core\metrics_calculator.py,E:,metrics_calculator.py,.py,source_system,clearbox,target_related_content,content,,content_match_target_pattern,,,,,2668,2026-03-11T11:20:56+00:00,2026-03-14T00:12:05.687883+00:00,9965672c3b752562f23145d4b0cbc42d550e53f66f0444eb6cd8f5707f003b98,2668,true,true
8,E:\Clearbox-AI-Plugin-Runner-main\Clearbox-AI-Plugin-Runner-main\claude_sandbox\plugins\market_oracle\core\pattern_detector.py,E:,pattern_detector.py,.py,source_system,clearbox,target_related_content,content,,content_match_target_pattern,,,,,3428,2026-03-11T11:20:56+00:00,2026-03-14T00:12:05.697657+00:00,5b4b9df0f183276f3f25f21141cc4af56d04dd6bdcafd97d47631f287e15120e,3428,true,true
8,E:\Clearbox-AI-Plugin-Runner-main\Clearbox-AI-Plugin-Runner-main\claude_sandbox\plugins\market_oracle\core\regime_detector.py,E:,regime_detector.py,.py,source_system,clearbox,target_related_content,content,,content_match_target_pattern,,,,,12894,2026-03-11T11:20:56+00:00,2026-03-14T00:12:05.697657+00:00,734ec30b42d5bef2534bce4804902d68e7939349cadce068b77421f99ac4d94f,12894,true,true
8,E:\Clearbox-AI-Plugin-Runner-main\Clearbox-AI-Plugin-Runner-main\claude_sandbox\plugins\market_oracle\core\report_generator.py,E:,report_generator.py,.py,source_system,clearbox,target_related_content,content,,content_match_target_pattern,,,,,3971,2026-03-11T11:20:56+00:00,2026-03-14T00:12:05.704153+00:00,cc4e0444033ce2332eeb36a4b978e65eddc59e23485bb4b7b2861e999d26a3a0,3971,true,true
8,E:\Clearbox-AI-Plugin-Runner-main\Clearbox-AI-Plugin-Runner-main\claude_sandbox\plugins\market_oracle\core\vision_chart.py,E:,vision_chart.py,.py,source_system,clearbox,target_related_content,content,,content_match_target_pattern,,,,,4524,2026-03-11T11:20:56+00:00,2026-03-14T00:12:05.710602+00:00,ec055fddb741c4866f028ee28ed65f2d65ec65fdbb5b1dbbf0972fc26143c676,4524,true,true
8,E:\Clearbox-AI-Plugin-Runner-main\Clearbox-AI-Plugin-Runner-main\claude_sandbox\plugins\market_oracle\market_oracle.py,E:,market_oracle.py,.py,source_system,clearbox,target_related_content,content,,content_match_target_pattern,,,,,17159,2026-03-11T11:20:56+00:00,2026-03-14T00:12:05.667722+00:00,8ab64dd3c982bf50cdc8defd2ea046a7bf41c62cb9e9faf7159897615e0a17e8,17159,true,true
8,E:\Clearbox-AI-Plugin-Runner-main\Clearbox-AI-Plugin-Runner-main\claude_sandbox\plugins\market_oracle\ui\market_oracle_panel.html,E:,market_oracle_panel.html,.html,source_or_document,clearbox,target_related_content,content,,content_match_target_pattern,,,,,38395,2026-03-11T11:20:56+00:00,2026-03-14T00:12:05.713615+00:00,a774b2ff56275dbbc35fdce0a0f050ee080b19b37760c573f5472c84a397e006,38395,true,true
8,E:\Clearbox-AI-Plugin-Runner-main\Clearbox-AI-Plugin-Runner-main\claude_sandbox\plugins\visual_io\core\worker.py,E:,worker.py,.py,source_system,clearbox,target_related_content,content,,content_match_target_pattern,,,,,7919,2026-03-11T11:20:56+00:00,2026-03-14T00:12:05.817997+00:00,90a3ef0958e3dabdd85226e6cca8f07f3fdf7a3ebb1ad74d3d473e2ee95f49b0,7919,true,true
8,E:\Clearbox-AI-Plugin-Runner-main\Clearbox-AI-Plugin-Runner-main\plugin_runner.py,E:,plugin_runner.py,.py,source_system,clearbox,target_related_content,content,,content_match_target_pattern,,,,,26279,2026-03-11T11:20:56+00:00,2026-03-14T00:12:05.260916+00:00,15bf4e68886bc700c88d60e2e72d418cce2a9dffe69ffd0055dca2422e51d6eb,26279,true,true
8,E:\Clearbox-AI-Plugin-Runner-main\Clearbox-AI-Plugin-Runner-main\plugins\cascade_616\config.py,E:,config.py,.py,source_system,clearbox,target_related_content,content,,content_match_target_pattern,,,,,1155,2026-03-20T18:55:21.688410+00:00,2026-03-20T18:55:21.688410+00:00,314d37e1ffb78b961dd74232e0fc155f6cae75fb74c41c42b6f0baeac49b2757,1155,true,true
8,E:\Clearbox-AI-Plugin-Runner-main\Clearbox-AI-Plugin-Runner-main\plugins\cascade_616\core\engine.py,E:,engine.py,.py,source_system,clearbox,target_related_content,content,,content_match_target_pattern,,,,,6855,2026-03-20T18:55:48.687396+00:00,2026-03-20T18:55:48.687396+00:00,524fdfc800f003ada75869c744e9fdac8af56753a3abf09d5edd97ddbb6102f3,6855,true,true
8,E:\Clearbox-AI-Plugin-Runner-main\Clearbox-AI-Plugin-Runner-main\plugins\chat_packs\api\router.py,E:,router.py,.py,source_system,clearbox,target_related_content,content,,content_match_target_pattern,,,,,10591,2026-03-11T11:20:56+00:00,2026-03-14T00:12:05.856780+00:00,75acbb7d4e67d5273486278eb5a1744768b46a42a8aceef894b42f55a04d8328,10591,true,true
8,E:\Clearbox-AI-Plugin-Runner-main\Clearbox-AI-Plugin-Runner-main\plugins\chat_packs\config.py,E:,config.py,.py,source_system,clearbox,target_related_content,content,,content_match_target_pattern,,,,,2060,2026-03-11T11:20:56+00:00,2026-03-14T00:12:05.839406+00:00,7f80bed5a842ba32f99580b558d803dad6e2ebb684fba8c97c046b4f4ea0afd1,2060,true,true
8,E:\Clearbox-AI-Plugin-Runner-main\Clearbox-AI-Plugin-Runner-main\plugins\chat_packs\core\engine.py,E:,engine.py,.py,source_system,clearbox,target_related_content,content,,content_match_target_pattern,,,,,20756,2026-03-11T11:20:56+00:00,2026-03-14T00:12:05.868260+00:00,647157352fb4dd021fc39c6bece2a3b1a301b6d2167872f02ce33f19ccfe9b8f,20756,true,true
8,E:\Clearbox-AI-Plugin-Runner-main\Clearbox-AI-Plugin-Runner-main\plugins\clearbox_ai_social\_preview_ui.html,E:,_preview_ui.html,.html,source_or_document,clearbox,target_related_content,content,,content_match_target_pattern,,,,,51078,2026-03-11T11:20:56+00:00,2026-03-14T00:12:05.883349+00:00,3642665c24e64c7eb752079f03082b02273d1969243c91800ad83b77ff85400e,51078,true,true
8,E:\Clearbox-AI-Plugin-Runner-main\Clearbox-AI-Plugin-Runner-main\plugins\clearbox_ai_social\api\models.py,E:,models.py,.py,source_system,clearbox,target_related_content,content,,content_match_target_pattern,,,,,2647,2026-03-11T11:20:56+00:00,2026-03-14T00:12:05.898123+00:00,f96febdd6be6f638ddba4635a9b04c2ebc990168c14089fb5b7984929b231515,2647,true,true
8,E:\Clearbox-AI-Plugin-Runner-main\Clearbox-AI-Plugin-Runner-main\plugins\clearbox_ai_social\core\engine.py,E:,engine.py,.py,source_system,clearbox,target_related_content,content,,content_match_target_pattern,,,,,12868,2026-03-11T11:20:56+00:00,2026-03-14T00:12:05.901144+00:00,78640eab10e8feecc71db39b55997788deb1dbac090210ffe4aa7bb320a78d6d,12868,true,true
8,E:\Clearbox-AI-Plugin-Runner-main\Clearbox-AI-Plugin-Runner-main\plugins\forest_network\auth.py,E:,auth.py,.py,source_system,clearbox,target_related_content,content,,content_match_target_pattern,,,,,2619,2026-03-11T11:20:56+00:00,2026-03-14T00:12:05.932986+00:00,f8ff8540d2e6d9b25d66f838a7ca369965e2ecb765ca09210ec4ec50549868ef,2619,true,true
8,E:\Clearbox-AI-Plugin-Runner-main\Clearbox-AI-Plugin-Runner-main\plugins\forest_network\client.py,E:,client.py,.py,source_system,clearbox,target_related_content,content,,content_match_target_pattern,,,,,6306,2026-03-11T11:20:56+00:00,2026-03-14T00:12:05.948940+00:00,1d6542c3fa26840e8f9b401b2ff71a81cde65804678ab70c7f1152311457d82c,6306,true,true
8,E:\Clearbox-AI-Plugin-Runner-main\Clearbox-AI-Plugin-Runner-main\plugins\forest_network\config.py,E:,config.py,.py,source_system,clearbox,target_related_content,content,,content_match_target_pattern,,,,,3654,2026-03-11T11:20:56+00:00,2026-03-14T00:12:05.953739+00:00,b28c6515d8919b6b96ee630f2449d446a8d80091305f7173b3fd97c6452f286e,3654,true,true
8,E:\Clearbox-AI-Plugin-Runner-main\Clearbox-AI-Plugin-Runner-main\plugins\forest_network\paths.py,E:,paths.py,.py,source_system,clearbox,target_related_content,content,,content_match_target_pattern,,,,,4610,2026-03-11T11:20:56+00:00,2026-03-14T00:12:05.956048+00:00,7295c5a7650a029d29020431448e31ce4656b3736a7f07fd3206ec59a2f32ede,4610,true,true
8,E:\Clearbox-AI-Plugin-Runner-main\Clearbox-AI-Plugin-Runner-main\plugins\forest_network\router.py,E:,router.py,.py,source_system,clearbox,target_related_content,content,,content_match_target_pattern,,,,,11981,2026-03-11T11:20:56+00:00,2026-03-14T00:12:05.960061+00:00,326f5acc97db71c1c84effa3a12be41ea19c95e50bfd1fd1cbc113b3d6ef3011,11981,true,true
8,E:\Clearbox-AI-Plugin-Runner-main\Clearbox-AI-Plugin-Runner-main\plugins\forest_network\serve.py,E:,serve.py,.py,source_system,clearbox,target_related_content,content,,content_match_target_pattern,,,,,8619,2026-03-11T11:20:56+00:00,2026-03-14T00:12:05.964075+00:00,cc8506d3b0cdf36d33a19f89001f9c3c509c1a3b69bb2b4dd457abcfc8c5b1fb,8619,true,true
8,E:\Clearbox-AI-Plugin-Runner-main\Clearbox-AI-Plugin-Runner-main\plugins\forest_node\api\pairing.py,E:,pairing.py,.py,source_system,clearbox,target_related_content,content,,content_match_target_pattern,,,,,11267,2026-03-11T11:20:56+00:00,2026-03-14T00:12:06.006306+00:00,bb58aabed41b0b991b4a50f15d4ca375f60ac13197563d1222810d445e500129,11267,true,true
8,E:\Clearbox-AI-Plugin-Runner-main\Clearbox-AI-Plugin-Runner-main\plugins\forest_node\api\router.py,E:,router.py,.py,source_system,clearbox,target_related_content,content,,content_match_target_pattern,,,,,13613,2026-03-11T11:20:56+00:00,2026-03-14T00:12:06.010459+00:00,c58443ec26086f850dfa8c36b7d70211fa5e27ab3e27532332407cd2ab5d69f0,13613,true,true
8,E:\Clearbox-AI-Plugin-Runner-main\Clearbox-AI-Plugin-Runner-main\plugins\forest_node\config.py,E:,config.py,.py,source_system,clearbox,target_related_content,content,,content_match_target_pattern,,,,,2377,2026-03-11T11:20:56+00:00,2026-03-14T00:12:05.980018+00:00,6eba07fb145453210868779d474d60edd31ba9a7654c4eda6b66f4204c21382d,2377,true,true
8,E:\Clearbox-AI-Plugin-Runner-main\Clearbox-AI-Plugin-Runner-main\plugins\forest_node\core\ed25519_auth.py,E:,ed25519_auth.py,.py,source_system,clearbox,target_related_content,content,,content_match_target_pattern,,,,,6697,2026-03-11T11:20:56+00:00,2026-03-14T00:12:06.023038+00:00,3014a6f6941b286df873a717329cd12dfc9d674ca430e754d518802736c8d8f8,6697,true,true
8,E:\Clearbox-AI-Plugin-Runner-main\Clearbox-AI-Plugin-Runner-main\plugins\forest_node\core\engine.py,E:,engine.py,.py,source_system,clearbox,target_related_content,content,,content_match_target_pattern,,,,,17326,2026-03-11T11:20:56+00:00,2026-03-14T00:12:06.029171+00:00,4a2b1f2e698004b2ce5e79799e0b4af4ededc740da919284540ef182c6db4d04,17326,true,true
8,E:\Clearbox-AI-Plugin-Runner-main\Clearbox-AI-Plugin-Runner-main\plugins\forest_node\core\hmac_auth.py,E:,hmac_auth.py,.py,source_system,clearbox,target_related_content,content,,content_match_target_pattern,,,,,3594,2026-03-11T11:20:56+00:00,2026-03-14T00:12:06.029171+00:00,4268e06b40b5a05bc188db845577b912d6ea88fdd15d546223027c206d863e83,3594,true,true
8,E:\Clearbox-AI-Plugin-Runner-main\Clearbox-AI-Plugin-Runner-main\plugins\forest_node\core\usb_detect.py,E:,usb_detect.py,.py,source_system,clearbox,target_related_content,content,,content_match_target_pattern,,,,,5894,2026-03-11T11:20:56+00:00,2026-03-14T00:12:06.042120+00:00,5600d465de04f2c6c4621d29e24cd5847c00d6fb5e73d872cdbf530abe2c037e,5894,true,true
8,E:\Clearbox-AI-Plugin-Runner-main\Clearbox-AI-Plugin-Runner-main\plugins\forest_node\node_daemon.py,E:,node_daemon.py,.py,source_system,clearbox,target_related_content,content,,content_match_target_pattern,,,,,16596,2026-03-11T11:20:56+00:00,2026-03-14T00:12:05.988260+00:00,c8ccaae7fcb5d519d1cfea5d5c1bbdacb6b2add8819dde594ea6472368eb1380,16596,true,true
8,E:\Clearbox-AI-Plugin-Runner-main\Clearbox-AI-Plugin-Runner-main\plugins\forest_node\node_daemon_standalone.py,E:,node_daemon_standalone.py,.py,source_system,clearbox,target_related_content,content,,content_match_target_pattern,,,,,23798,2026-03-11T11:20:56+00:00,2026-03-14T00:12:05.988260+00:00,5f5200d57b42180cecada70041624c7eca2432c136735ab62a59be7a46d66aa3,23798,true,true
8,E:\Clearbox-AI-Plugin-Runner-main\Clearbox-AI-Plugin-Runner-main\plugins\genesis_cite\indexer.py,E:,indexer.py,.py,source_system,clearbox,target_related_content,content,,content_match_target_pattern,,,,,7270,2026-03-11T11:20:56+00:00,2026-03-14T00:12:06.063894+00:00,39060df1e85575bb1a692b30cfa994e3f83a78ea6eef09cb3806b0266028c2d8,7270,true,true
8,E:\Clearbox-AI-Plugin-Runner-main\Clearbox-AI-Plugin-Runner-main\plugins\help_system\api\router.py,E:,router.py,.py,source_system,clearbox,target_related_content,content,,content_match_target_pattern,,,,,4615,2026-03-11T11:20:56+00:00,2026-03-14T00:12:06.108510+00:00,690ea71975096d8d3338c26c8845152dcf1d2203154eff6ad6eb9b481f62ef93,4615,true,true
8,E:\Clearbox-AI-Plugin-Runner-main\Clearbox-AI-Plugin-Runner-main\plugins\help_system\config.py,E:,config.py,.py,source_system,clearbox,target_related_content,content,,content_match_target_pattern,,,,,1761,2026-03-11T11:20:56+00:00,2026-03-14T00:12:06.095342+00:00,7a2cf9aa76a742964d063efee4173fdd162b5959c6eb2a72c966bb746c1b63d1,1761,true,true
8,E:\Clearbox-AI-Plugin-Runner-main\Clearbox-AI-Plugin-Runner-main\plugins\help_system\core\engine.py,E:,engine.py,.py,source_system,clearbox,target_related_content,content,,content_match_target_pattern,,,,,4153,2026-03-11T11:20:56+00:00,2026-03-14T00:12:06.128382+00:00,f930e17c663b1f1cd7a99ea62575c266bf08d9d6df97c161ff68dad893a117e3,4153,true,true
8,E:\Clearbox-AI-Plugin-Runner-main\Clearbox-AI-Plugin-Runner-main\plugins\lakespeak\api\router.py,E:,router.py,.py,source_system,clearbox,target_related_content,content,,content_match_target_pattern,,,,,6720,2026-03-11T11:20:56+00:00,2026-03-14T00:12:06.154560+00:00,153ee075b430abbca5371e855d3e251cca706f742727b1a2362e8d10bdef70e4,6720,true,true
8,E:\Clearbox-AI-Plugin-Runner-main\Clearbox-AI-Plugin-Runner-main\plugins\lakespeak\config.py,E:,config.py,.py,source_system,clearbox,target_related_content,content,,content_match_target_pattern,,,,,2172,2026-03-11T11:20:56+00:00,2026-03-14T00:12:06.136461+00:00,06fa749ac099ac4498d8014ff9361a2e3846ec65a7815402040a11eae2c1c575,2172,true,true
8,E:\Clearbox-AI-Plugin-Runner-main\Clearbox-AI-Plugin-Runner-main\plugins\lakespeak\events\eval_harness.py,E:,eval_harness.py,.py,source_system,clearbox,target_related_content,content,,content_match_target_pattern,,,,,10420,2026-03-11T11:20:56+00:00,2026-03-14T00:12:06.175296+00:00,8aacaa7663e18cb49c1a701143daa06e1764035c0a81528de009e93a992d9f57,10420,true,true
8,E:\Clearbox-AI-Plugin-Runner-main\Clearbox-AI-Plugin-Runner-main\plugins\lakespeak\events\hashing.py,E:,hashing.py,.py,source_system,clearbox,target_related_content,content,,content_match_target_pattern,,,,,4933,2026-03-11T11:20:56+00:00,2026-03-14T00:12:06.182354+00:00,b4afa9b925f433546c4b7fa72a1e1178b8a07199761da9ced91a4709320ea377,4933,true,true
8,E:\Clearbox-AI-Plugin-Runner-main\Clearbox-AI-Plugin-Runner-main\plugins\lakespeak\index\anchor_reranker.py,E:,anchor_reranker.py,.py,source_system,clearbox,target_related_content,content,,content_match_target_pattern,,,,,6866,2026-03-11T11:20:56+00:00,2026-03-14T00:12:06.200236+00:00,bc7634ccbd832259873860fd5ac3e0613185062032599033e3bb8d42321089ea,6866,true,true
8,E:\Clearbox-AI-Plugin-Runner-main\Clearbox-AI-Plugin-Runner-main\plugins\lakespeak\index\bm25.py,E:,bm25.py,.py,source_system,clearbox,target_related_content,content,,content_match_target_pattern,,,,,8766,2026-03-11T11:20:56+00:00,2026-03-14T00:12:06.206020+00:00,26f11dc16b1f8b9b347788bea26e53e90545541b779988dcfa63dd1814e3bf15,8766,true,true
8,E:\Clearbox-AI-Plugin-Runner-main\Clearbox-AI-Plugin-Runner-main\plugins\lakespeak\index\census.py,E:,census.py,.py,source_system,clearbox,target_related_content,content,,content_match_target_pattern,,,,,14435,2026-03-11T11:20:56+00:00,2026-03-14T00:12:06.209764+00:00,5f8857ddee4c29972369a558ce240cef46af4f0b1eeb4d194717d24e6afe002f,14435,true,true
8,E:\Clearbox-AI-Plugin-Runner-main\Clearbox-AI-Plugin-Runner-main\plugins\lakespeak\index\dense.py,E:,dense.py,.py,source_system,clearbox,target_related_content,content,,content_match_target_pattern,,,,,9908,2026-03-11T11:20:56+00:00,2026-03-14T00:12:06.209764+00:00,d15af0738b33dcd6b288a4d9831696a5eea5c1718ac4b1e0a326e36ff94be8e1,9908,true,true
8,E:\Clearbox-AI-Plugin-Runner-main\Clearbox-AI-Plugin-Runner-main\plugins\lakespeak\index\hybrid.py,E:,hybrid.py,.py,source_system,clearbox,target_related_content,content,,content_match_target_pattern,,,,,3083,2026-03-11T11:20:56+00:00,2026-03-14T00:12:06.216209+00:00,38723971327e5eb2842bd150a4af5e54c74016528d43d8b970f2999b6c827a4e,3083,true,true
8,E:\Clearbox-AI-Plugin-Runner-main\Clearbox-AI-Plugin-Runner-main\plugins\lakespeak\ingest\pipeline.py,E:,pipeline.py,.py,source_system,clearbox,target_related_content,content,,content_match_target_pattern,,,,,22432,2026-03-11T11:20:56+00:00,2026-03-14T00:12:06.229613+00:00,2aa85d307f7fe38c9be78b07a127027feb95ebd90f746bb0bac065e1a88a73d4,22432,true,true
8,E:\Clearbox-AI-Plugin-Runner-main\Clearbox-AI-Plugin-Runner-main\plugins\lakespeak\ingest\receipt.py,E:,receipt.py,.py,source_system,clearbox,target_related_content,content,,content_match_target_pattern,,,,,1619,2026-03-11T11:20:56+00:00,2026-03-14T00:12:06.229613+00:00,fd35ddc3eda7ef66c1735fadca4656e8b790118dd9c53ba92696eb09566883b2,1619,true,true
8,E:\Clearbox-AI-Plugin-Runner-main\Clearbox-AI-Plugin-Runner-main\plugins\lakespeak\retrieval\grounding_policy.py,E:,grounding_policy.py,.py,source_system,clearbox,target_related_content,content,,content_match_target_pattern,,,,,6799,2026-03-11T11:20:56+00:00,2026-03-14T00:12:06.245378+00:00,4cbdb5d958dfca3ec50c1982fa474c75b0a02a919c598bc9986dbb62071bb555,6799,true,true
8,E:\Clearbox-AI-Plugin-Runner-main\Clearbox-AI-Plugin-Runner-main\plugins\lakespeak\retrieval\quality_gate.py,E:,quality_gate.py,.py,source_system,clearbox,target_related_content,content,,content_match_target_pattern,,,,,20682,2026-03-11T11:20:56+00:00,2026-03-14T00:12:06.250231+00:00,9f9a7c0e2a4c8b1fb501c1e509bf42ac8020deb0b1664f9368e05ba71bf6c19b,20682,true,true
8,E:\Clearbox-AI-Plugin-Runner-main\Clearbox-AI-Plugin-Runner-main\plugins\lakespeak\retrieval\query.py,E:,query.py,.py,source_system,clearbox,target_related_content,content,,content_match_target_pattern,,,,,30453,2026-03-11T11:20:56+00:00,2026-03-14T00:12:06.252238+00:00,d1f95a4613f4bd47ec194c87ea904124ec5212873b27e4461a907285895fb4b9,30453,true,true
8,E:\Clearbox-AI-Plugin-Runner-main\Clearbox-AI-Plugin-Runner-main\plugins\lakespeak\schemas.py,E:,schemas.py,.py,source_system,clearbox,target_related_content,content,,content_match_target_pattern,,,,,7929,2026-03-11T11:20:56+00:00,2026-03-14T00:12:06.152553+00:00,40b57578dff8e46122034f2afc0ee7861f5eb0030078f2b1b8be6e24dcae9ced,7929,true,true
8,E:\Clearbox-AI-Plugin-Runner-main\Clearbox-AI-Plugin-Runner-main\plugins\plugins\cascade_616\api\router.py,E:,router.py,.py,source_system,clearbox,target_related_content,content,,content_match_target_pattern,,,,,6854,2026-04-07T13:24:40.922333+00:00,2026-03-23T11:30:25.591656+00:00,ec6a878f909adf8b4d4a801c5f4e188785770a06907648b6722376b2c6d9afb8,6854,true,true
8,E:\Clearbox-AI-Plugin-Runner-main\Clearbox-AI-Plugin-Runner-main\plugins\plugins\cascade_616\config.py,E:,config.py,.py,source_system,clearbox,target_related_content,content,,content_match_target_pattern,,,,,1159,2026-04-07T13:24:40.904890+00:00,2026-03-20T23:55:58.155114+00:00,12ff295cef3646d97347e35be7453dfee3853198c7bea5027889250177dc008f,1159,true,true
8,E:\Clearbox-AI-Plugin-Runner-main\Clearbox-AI-Plugin-Runner-main\plugins\plugins\cascade_616\core\cloud_cascade.py,E:,cloud_cascade.py,.py,source_system,clearbox,target_related_content,content,,content_match_target_pattern,,,,,9737,2026-04-07T13:24:40.943031+00:00,2026-03-23T11:29:22.236846+00:00,723aa9013cd64cae4ee9dd2d8e9eb29e63ed81f4e21c9da651556194f9448142,9737,true,true
8,E:\Clearbox-AI-Plugin-Runner-main\Clearbox-AI-Plugin-Runner-main\plugins\plugins\cascade_616\core\engine.py,E:,engine.py,.py,source_system,clearbox,target_related_content,content,,content_match_target_pattern,,,,,6590,2026-04-07T13:24:40.944243+00:00,2026-03-20T23:53:39.594031+00:00,16b73482fa14a39b8f7306e2dedb9bf3c7c987e7654f785b2d765c547787116b,6590,true,true
8,E:\Clearbox-AI-Plugin-Runner-main\Clearbox-AI-Plugin-Runner-main\plugins\plugins\clearbox_ai_social\_bridge.py,E:,_bridge.py,.py,source_system,clearbox,target_related_content,content,,content_match_target_pattern,,,,,5626,2026-04-07T13:24:40.970861+00:00,2026-03-16T21:48:46.761194+00:00,9becce976ad9b6b4cfe17857d4651a697c5241d4ac28d507ccfd7873d5056917,5626,true,true
8,E:\Clearbox-AI-Plugin-Runner-main\Clearbox-AI-Plugin-Runner-main\plugins\plugins\clearbox_ai_social\_preview_ui.html,E:,_preview_ui.html,.html,source_or_document,clearbox,target_related_content,content,,content_match_target_pattern,,,,,59188,2026-04-07T13:24:40.973991+00:00,2026-03-16T21:48:46.761194+00:00,ca4a2608227dc7ec7fc5c7db175a284e298cf1ac76dbcd716276cc389a3730c9,59188,true,true
8,E:\Clearbox-AI-Plugin-Runner-main\Clearbox-AI-Plugin-Runner-main\plugins\plugins\clearbox_ai_social\api\models.py,E:,models.py,.py,source_system,clearbox,target_related_content,content,,content_match_target_pattern,,,,,3365,2026-04-07T13:24:40.973991+00:00,2026-03-16T21:48:46.761194+00:00,9f395e9e48acc07d4b765aebb576f21ee2c8a032e77eeea615dc148d6f141928,3365,true,true
8,E:\Clearbox-AI-Plugin-Runner-main\Clearbox-AI-Plugin-Runner-main\plugins\plugins\clearbox_ai_social\core\engine.py,E:,engine.py,.py,source_system,clearbox,target_related_content,content,,content_match_target_pattern,,,,,23847,2026-04-07T13:24:40.990053+00:00,2026-03-16T21:48:46.777182+00:00,5175f4bb2b5e92579b61e9c8ee67bfd9e82940f3294647e5792cfdd9e2351ddc,23847,true,true
8,E:\Clearbox-AI-Plugin-Runner-main\Clearbox-AI-Plugin-Runner-main\plugins\plugins\openrefine\_bridge.py,E:,_bridge.py,.py,source_system,clearbox,target_related_content,content,,content_match_target_pattern,,,,,5049,2026-04-07T13:24:41.040141+00:00,2026-03-16T21:48:46.777182+00:00,c3797b29afa1ec20e0d44ff3c0cca9024826f72dfaa4bc9caf11fd342e89f6d9,5049,true,true
8,E:\Clearbox-AI-Plugin-Runner-main\Clearbox-AI-Plugin-Runner-main\plugins\plugins\openrefine\_preview_ui.html,E:,_preview_ui.html,.html,source_or_document,clearbox,target_related_content,content,,content_match_target_pattern,,,,,67907,2026-04-07T13:24:41.040141+00:00,2026-03-16T21:48:46.780176+00:00,edbb21ebb3fe7b9e54df63f475587a189186e30f281dc3b1bc318fd3f131e920,67907,true,true
8,E:\Clearbox-AI-Plugin-Runner-main\Clearbox-AI-Plugin-Runner-main\plugins\plugins\openrefine\api\router.py,E:,router.py,.py,source_system,clearbox,target_related_content,content,,content_match_target_pattern,,,,,11313,2026-04-07T13:24:41.040141+00:00,2026-03-16T21:48:46.780176+00:00,b075694272511c34fd304129421f886710b63f5d4956e0b4736bc8ded657bc10,11313,true,true
8,E:\Clearbox-AI-Plugin-Runner-main\Clearbox-AI-Plugin-Runner-main\plugins\plugins\openrefine\config.py,E:,config.py,.py,source_system,clearbox,target_related_content,content,,content_match_target_pattern,,,,,4990,2026-04-07T13:24:41.038830+00:00,2026-03-16T21:48:46.783166+00:00,72ec2548fdebcc4da1bf328acb2cd2bb605cec0d819627513d6f2db909deb20e,4990,true,true
8,E:\Clearbox-AI-Plugin-Runner-main\Clearbox-AI-Plugin-Runner-main\plugins\plugins\openrefine\core\engine.py,E:,engine.py,.py,source_system,clearbox,target_related_content,content,,content_match_target_pattern,,,,,18678,2026-04-07T13:24:41.071646+00:00,2026-03-16T21:48:46.785845+00:00,2a26b5baf1c93a262dc263b2e37bdbbb66886b2720ca25996686990ff4c033e1,18678,true,true
8,E:\Clearbox-AI-Plugin-Runner-main\Clearbox-AI-Plugin-Runner-main\plugins\plugins\research_browser\api\models.py,E:,models.py,.py,source_system,clearbox,target_related_content,content,,content_match_target_pattern,,,,,3245,2026-04-07T13:24:41.156081+00:00,2026-03-18T08:42:56.834271+00:00,6c394f8edafeaae216c192e27a3184a0a3040f243aa3510c052787636aa1bff4,3245,true,true
8,E:\Clearbox-AI-Plugin-Runner-main\Clearbox-AI-Plugin-Runner-main\plugins\plugins\research_browser\api\router.py,E:,router.py,.py,source_system,clearbox,target_related_content,content,,content_match_target_pattern,,,,,16544,2026-04-07T13:24:41.158313+00:00,2026-03-18T20:02:13.707884+00:00,6444c422cf32749bb40805b568a54848799a233720d26e73a972c0a7eecd01d0,16544,true,true
8,E:\Clearbox-AI-Plugin-Runner-main\Clearbox-AI-Plugin-Runner-main\plugins\plugins\research_browser\config.py,E:,config.py,.py,source_system,clearbox,target_related_content,content,,content_match_target_pattern,,,,,1263,2026-04-07T13:24:41.139155+00:00,2026-03-18T08:41:47.614392+00:00,4639d492cf2b662fefdd045e16a85bae1d51b7710e3be21866c36b1b654092bf,1263,true,true
8,E:\Clearbox-AI-Plugin-Runner-main\Clearbox-AI-Plugin-Runner-main\plugins\plugins\research_browser\core\engine.py,E:,engine.py,.py,source_system,clearbox,target_related_content,content,,content_match_target_pattern,,,,,12868,2026-04-07T13:24:41.173640+00:00,2026-03-18T19:52:42.249646+00:00,f5e50864f52510f61ba8123eb98dbc386491a22b497413eca3d390fbd117d479,12868,true,true
8,E:\Clearbox-AI-Plugin-Runner-main\Clearbox-AI-Plugin-Runner-main\plugins\plugins\research_browser\schemas.py,E:,schemas.py,.py,source_system,clearbox,target_related_content,content,,content_match_target_pattern,,,,,1176,2026-04-07T13:24:41.139155+00:00,2026-03-18T08:41:56.035019+00:00,fd5b579bb05198b370b8500ceff453c8c1be360a6e57945d544542ac67336bab,1176,true,true
8,E:\Clearbox-AI-Plugin-Runner-main\Clearbox-AI-Plugin-Runner-main\plugins\plugins\research_browser\ui\commoncrawl.html,E:,commoncrawl.html,.html,source_or_document,clearbox,target_related_content,content,,content_match_target_pattern,,,,,7597,2026-04-07T13:24:41.191062+00:00,2026-03-18T19:54:23.623896+00:00,1f6dcd3abb0a790a7871aeebe4c8c6feab58922c6ea10b0e1fd8448a06bff6b2,7597,true,true
8,E:\Clearbox-AI-Plugin-Runner-main\Clearbox-AI-Plugin-Runner-main\plugins\plugins\research_browser\ui\kaggle.html,E:,kaggle.html,.html,source_or_document,clearbox,target_related_content,content,,content_match_target_pattern,,,,,8689,2026-04-07T13:24:41.198101+00:00,2026-03-18T19:54:23.674915+00:00,c7152a76e6cafc440e9af8286f11f02e7c3416bbdd92fc2c946c8e5072cb9f5a,8689,true,true
8,E:\Clearbox-AI-Plugin-Runner-main\Clearbox-AI-Plugin-Runner-main\plugins\plugins\research_browser\ui\pubmed.html,E:,pubmed.html,.html,source_or_document,clearbox,target_related_content,content,,content_match_target_pattern,,,,,8763,2026-04-07T13:24:41.200111+00:00,2026-03-18T19:54:23.620893+00:00,fd48fea403e0dedc3bac6b4d1ec6791ddffa4b98ef600a6afd9513b3e38ba5dc,8763,true,true
8,E:\Clearbox-AI-Plugin-Runner-main\Clearbox-AI-Plugin-Runner-main\plugins\plugins\winutil\api\router.py,E:,router.py,.py,source_system,clearbox,target_related_content,content,,content_match_target_pattern,,,,,13948,2026-04-07T13:24:41.223531+00:00,2026-03-16T21:48:46.787746+00:00,0f1bd2cb655c3a0d3d355290fa7eb50d5a4f9e42dae770de871a1634286f73c1,13948,true,true
8,E:\Clearbox-AI-Plugin-Runner-main\Clearbox-AI-Plugin-Runner-main\plugins\plugins\winutil\tools.py,E:,tools.py,.py,source_system,clearbox,target_related_content,content,,content_match_target_pattern,,,,,20764,2026-04-07T13:24:41.217265+00:00,2026-03-16T21:48:46.789844+00:00,66334a859d34acf8423dbe5fc84ab1fc5a9093f8b996aea51c503dc7683e65c1,20764,true,true
8,E:\Clearbox-AI-Plugin-Runner-main\Clearbox-AI-Plugin-Runner-main\plugins\reach\api\models.py,E:,models.py,.py,source_system,clearbox,target_related_content,content,,content_match_target_pattern,,,,,2159,2026-03-11T11:20:56+00:00,2026-03-14T00:12:06.308293+00:00,99d7751c2511aed1542eef9a63d0d9771f0059f0b554a2723a13144b6b1b8d15,2159,true,true
8,E:\Clearbox-AI-Plugin-Runner-main\Clearbox-AI-Plugin-Runner-main\plugins\reach\api\router.py,E:,router.py,.py,source_system,clearbox,target_related_content,content,,content_match_target_pattern,,,,,7545,2026-03-11T11:20:56+00:00,2026-03-14T00:12:06.319171+00:00,e2afe8f693fd3a349ce69837df06471c9cb97622336518812bbf0dc3eae5b8da,7545,true,true
8,E:\Clearbox-AI-Plugin-Runner-main\Clearbox-AI-Plugin-Runner-main\plugins\reach\bus\dispatcher.py,E:,dispatcher.py,.py,source_system,clearbox,target_related_content,content,,content_match_target_pattern,,,,,7185,2026-03-11T11:20:56+00:00,2026-03-14T00:12:06.337744+00:00,e0622ae725319a9d295a9ef19c8ba6aea56c27006dace1c7f532b05005ebb1bf,7185,true,true
8,E:\Clearbox-AI-Plugin-Runner-main\Clearbox-AI-Plugin-Runner-main\plugins\reach\channels\base.py,E:,base.py,.py,source_system,clearbox,target_related_content,content,,content_match_target_pattern,,,,,2733,2026-03-11T11:20:56+00:00,2026-03-14T00:12:06.352373+00:00,bbdf45e19d5287736a3a634b0645ec4ffe2c2941e53d9e1ecd95aba6c7f68a9e,2733,true,true
8,E:\Clearbox-AI-Plugin-Runner-main\Clearbox-AI-Plugin-Runner-main\plugins\reach\channels\discord_bot.py,E:,discord_bot.py,.py,source_system,clearbox,target_related_content,content,,content_match_target_pattern,,,,,3925,2026-03-11T11:20:56+00:00,2026-03-14T00:12:06.355532+00:00,89f5728fa911bba6bb905bd69ec7c805e721fa1a42fe425ca19dfadf4d82316d,3925,true,true
8,E:\Clearbox-AI-Plugin-Runner-main\Clearbox-AI-Plugin-Runner-main\plugins\reach\channels\telegram_bot.py,E:,telegram_bot.py,.py,source_system,clearbox,target_related_content,content,,content_match_target_pattern,,,,,3676,2026-03-11T11:20:56+00:00,2026-03-14T00:12:06.359213+00:00,928729e66194cd1f0c82c39ff7c799d4dcd94487df6dfbd66dd364bad42e47bd,3676,true,true
8,E:\Clearbox-AI-Plugin-Runner-main\Clearbox-AI-Plugin-Runner-main\plugins\reach\channels\webhook.py,E:,webhook.py,.py,source_system,clearbox,target_related_content,content,,content_match_target_pattern,,,,,4401,2026-03-11T11:20:56+00:00,2026-03-14T00:12:06.362230+00:00,cbe5212e2d34aadbe8dc3ef112c696c47b13099470579bf39ea2697c4612b669,4401,true,true
8,E:\Clearbox-AI-Plugin-Runner-main\Clearbox-AI-Plugin-Runner-main\plugins\reach\config.py,E:,config.py,.py,source_system,clearbox,target_related_content,content,,content_match_target_pattern,,,,,2168,2026-03-11T11:20:56+00:00,2026-03-14T00:12:06.300697+00:00,d08d1f6e0c660ca6a5fbd60ff33d2d6cdc3983ea5f0a11a8a42facd2e4546fa5,2168,true,true
8,E:\Clearbox-AI-Plugin-Runner-main\Clearbox-AI-Plugin-Runner-main\plugins\reach\security\identity.py,E:,identity.py,.py,source_system,clearbox,target_related_content,content,,content_match_target_pattern,,,,,3300,2026-03-11T11:20:56+00:00,2026-03-14T00:12:06.370270+00:00,919e0ed38a4225cc709cf40e82664933e408522dc5779b16717b523e6f3e8ccd,3300,true,true
8,E:\Clearbox-AI-Plugin-Runner-main\Clearbox-AI-Plugin-Runner-main\plugins\reach\security\pairing.py,E:,pairing.py,.py,source_system,clearbox,target_related_content,content,,content_match_target_pattern,,,,,3378,2026-03-11T11:20:56+00:00,2026-03-14T00:12:06.370270+00:00,a2ac5d33410e5a5ed484789fdf47f4b35494eb89cbdd30c337a21fe75090657d,3378,true,true
8,E:\Clearbox-AI-Plugin-Runner-main\Clearbox-AI-Plugin-Runner-main\plugins\reasoning_engine\engine.py,E:,engine.py,.py,source_system,clearbox,target_related_content,content,,content_match_target_pattern,,,,,28203,2026-03-11T11:20:56+00:00,2026-03-14T00:12:06.370270+00:00,a03ab62c636eef270d62a9366f81133eecd18ebfea4a70be3a1ad5ea7c47b85d,28203,true,true
8,E:\Clearbox-AI-Plugin-Runner-main\Clearbox-AI-Plugin-Runner-main\plugins\wolf_engine\api\router.py,E:,router.py,.py,source_system,clearbox,target_related_content,content,,content_match_target_pattern,,,,,11607,2026-03-11T11:20:56+00:00,2026-03-14T00:12:06.448682+00:00,41570be9fd035843db62e762a794cbae60c42a4d242b7c5b0b6316befac7f38b,11607,true,true
8,E:\Clearbox-AI-Plugin-Runner-main\Clearbox-AI-Plugin-Runner-main\plugins\wolf_engine\archon\cam_stub.py,E:,cam_stub.py,.py,source_system,clearbox,target_related_content,content,,content_match_target_pattern,,,,,3387,2026-03-11T11:20:56+00:00,2026-03-14T00:12:06.461312+00:00,1922b5cd5eaba41f3d02d4c2c0ccf5f2b86ecab89934bb26f9f7e5f9a34d91f0,3387,true,true
8,E:\Clearbox-AI-Plugin-Runner-main\Clearbox-AI-Plugin-Runner-main\plugins\wolf_engine\archon\judge.py,E:,judge.py,.py,source_system,clearbox,target_related_content,content,,content_match_target_pattern,,,,,16828,2026-03-11T11:20:56+00:00,2026-03-14T00:12:06.464623+00:00,d53c39f45459e4fc3a043e538bdea629789d463a33a3e4ae54cdfa356f7446b5,16828,true,true
8,E:\Clearbox-AI-Plugin-Runner-main\Clearbox-AI-Plugin-Runner-main\plugins\wolf_engine\archon\orchestrator.py,E:,orchestrator.py,.py,source_system,clearbox,target_related_content,content,,content_match_target_pattern,,,,,4232,2026-03-11T11:20:56+00:00,2026-03-14T00:12:06.464623+00:00,8244877a04104e6baca74b444d55423bfc4d206d209ad66eb837e871674421b8,4232,true,true
8,E:\Clearbox-AI-Plugin-Runner-main\Clearbox-AI-Plugin-Runner-main\plugins\wolf_engine\archon\verdict.py,E:,verdict.py,.py,source_system,clearbox,target_related_content,content,,content_match_target_pattern,,,,,4471,2026-03-11T11:20:56+00:00,2026-03-14T00:12:06.464623+00:00,47a6a8bc6e382f3ffd5b821cdd0543abd9f1b62e49301f4fe6181c99d7eff563,4471,true,true
8,E:\Clearbox-AI-Plugin-Runner-main\Clearbox-AI-Plugin-Runner-main\plugins\wolf_engine\config.py,E:,config.py,.py,source_system,clearbox,target_related_content,content,,content_match_target_pattern,,,,,3872,2026-03-11T11:20:56+00:00,2026-03-14T00:12:06.406798+00:00,153e08593c3e97745ca0609aa894017096a7f017f42a4826378bd72b122b932f,3872,true,true
8,E:\Clearbox-AI-Plugin-Runner-main\Clearbox-AI-Plugin-Runner-main\plugins\wolf_engine\contracts.py,E:,contracts.py,.py,source_system,clearbox,target_related_content,content,,content_match_target_pattern,,,,,1999,2026-03-11T11:20:56+00:00,2026-03-14T00:12:06.410898+00:00,b5f96b2c61f69541b8a98319bd3089b5c626f9d991c2755da2475ed396ae7fe2,1999,true,true
8,E:\Clearbox-AI-Plugin-Runner-main\Clearbox-AI-Plugin-Runner-main\plugins\wolf_engine\core\engine.py,E:,engine.py,.py,source_system,clearbox,target_related_content,content,,content_match_target_pattern,,,,,17555,2026-03-11T11:20:56+00:00,2026-03-14T00:12:06.480548+00:00,474b04e72a044da31c4af0d6445d430b9509b01f61533598d1ecfdd2a7f937ec,17555,true,true
8,E:\Clearbox-AI-Plugin-Runner-main\Clearbox-AI-Plugin-Runner-main\plugins\wolf_engine\dashboard\app.py,E:,app.py,.py,source_system,clearbox,target_related_content,content,,content_match_target_pattern,,,,,13755,2026-03-11T11:20:56+00:00,2026-03-14T00:12:06.496515+00:00,cb057c0b5acf08f1a543cb79a9b7d262343aa8f3e7d2fbbd7295d8d8e3f78525,13755,true,true
8,E:\Clearbox-AI-Plugin-Runner-main\Clearbox-AI-Plugin-Runner-main\plugins\wolf_engine\dashboard\static\js\dashboard.js,E:,dashboard.js,.js,source_system,clearbox,target_related_content,content,,content_match_target_pattern,,,,,40491,2026-03-11T11:20:56+00:00,2026-03-14T00:12:06.530541+00:00,056fc4c5bfe5b274ee306d81ade9052a0b67d16e333c838c9b0227785bba3015,40491,true,true
8,E:\Clearbox-AI-Plugin-Runner-main\Clearbox-AI-Plugin-Runner-main\plugins\wolf_engine\dashboard\templates\index.html,E:,index.html,.html,source_or_document,clearbox,target_related_content,content,,content_match_target_pattern,,,,,17718,2026-03-11T11:20:56+00:00,2026-03-14T00:12:06.535913+00:00,7f7690b48729888b151b084fd2703b0c7da851667ce3f0f349633176cfbe2ff5,17718,true,true
8,E:\Clearbox-AI-Plugin-Runner-main\Clearbox-AI-Plugin-Runner-main\plugins\wolf_engine\dashboard\web.py,E:,web.py,.py,source_system,clearbox,target_related_content,content,,content_match_target_pattern,,,,,6803,2026-03-11T11:20:56+00:00,2026-03-14T00:12:06.499710+00:00,7e9ae5e8d369868a53e77eca6372d52102d61c771c71c4755262433b6602fccd,6803,true,true
8,E:\Clearbox-AI-Plugin-Runner-main\Clearbox-AI-Plugin-Runner-main\plugins\wolf_engine\evidence\fusion.py,E:,fusion.py,.py,source_system,clearbox,target_related_content,content,,content_match_target_pattern,,,,,4381,2026-03-11T11:20:56+00:00,2026-03-14T00:12:06.553567+00:00,37532301b03ad10e5899f6d00a85ac1938743ad9eeee6718808be20818d490e2,4381,true,true
8,E:\Clearbox-AI-Plugin-Runner-main\Clearbox-AI-Plugin-Runner-main\plugins\wolf_engine\evidence\worker_base.py,E:,worker_base.py,.py,source_system,clearbox,target_related_content,content,,content_match_target_pattern,,,,,4678,2026-03-11T11:20:56+00:00,2026-03-14T00:12:06.563819+00:00,7097de31cf06618bbf653bc4c491b35ff8b6416a8d705748550317c83d3d1e22,4678,true,true
8,E:\Clearbox-AI-Plugin-Runner-main\Clearbox-AI-Plugin-Runner-main\plugins\wolf_engine\evidence\workers.py,E:,workers.py,.py,source_system,clearbox,target_related_content,content,,content_match_target_pattern,,,,,8499,2026-03-11T11:20:56+00:00,2026-03-14T00:12:06.565826+00:00,c321a2cff24f1391261526152689166e524520ff0914ae0e78106a0ae1fbf7e1,8499,true,true
8,E:\Clearbox-AI-Plugin-Runner-main\Clearbox-AI-Plugin-Runner-main\plugins\wolf_engine\gnome\gnome_service.py,E:,gnome_service.py,.py,source_system,clearbox,target_related_content,content,,content_match_target_pattern,,,,,3135,2026-03-11T11:20:56+00:00,2026-03-14T00:12:06.593436+00:00,db260395b9f24fa59104d61ba93d444097dc5cda4c4acccfededb80009c82e06,3135,true,true
8,E:\Clearbox-AI-Plugin-Runner-main\Clearbox-AI-Plugin-Runner-main\plugins\wolf_engine\gpu\device.py,E:,device.py,.py,source_system,clearbox,target_related_content,content,,content_match_target_pattern,,,,,2629,2026-03-11T11:20:56+00:00,2026-03-14T00:12:06.613425+00:00,1b67d4abba555f49c397e1b8b346cebf0fba793d7387a2c0c41e930c0cbd1ec8,2629,true,true
8,E:\Clearbox-AI-Plugin-Runner-main\Clearbox-AI-Plugin-Runner-main\plugins\wolf_engine\gpu\forge_memory_gpu.py,E:,forge_memory_gpu.py,.py,source_system,clearbox,target_related_content,content,,content_match_target_pattern,,,,,5544,2026-03-11T11:20:56+00:00,2026-03-14T00:12:06.616401+00:00,ddab774d2ff81214cfa8d2e91c824bd2fb9a4e95e07b8c5a305610311800a74b,5544,true,true
8,E:\Clearbox-AI-Plugin-Runner-main\Clearbox-AI-Plugin-Runner-main\plugins\wolf_engine\metrics\collector.py,E:,collector.py,.py,source_system,clearbox,target_related_content,content,,content_match_target_pattern,,,,,8255,2026-03-11T11:20:56+00:00,2026-03-14T00:12:06.629145+00:00,3236b926b6f424d995eb9a42f38d1e9435e11bd31ca07638999c4353b02aa779,8255,true,true
8,E:\Clearbox-AI-Plugin-Runner-main\Clearbox-AI-Plugin-Runner-main\plugins\wolf_engine\metrics\exporter.py,E:,exporter.py,.py,source_system,clearbox,target_related_content,content,,content_match_target_pattern,,,,,8008,2026-03-11T11:20:56+00:00,2026-03-14T00:12:06.637539+00:00,1018c2ad71eae798ccc99ebdc09b109232649e084cb89d58276fcffb34211b54,8008,true,true
8,E:\Clearbox-AI-Plugin-Runner-main\Clearbox-AI-Plugin-Runner-main\plugins\wolf_engine\modules\operators\crosshair_lock.py,E:,crosshair_lock.py,.py,source_system,clearbox,target_related_content,content,,content_match_target_pattern,,,,,4255,2026-03-11T11:20:56+00:00,2026-03-14T00:12:06.699161+00:00,f40b0ffd03995e421ef96a6585c4daec1e9e29a8689b1245c44a2d012231893e,4255,true,true
8,E:\Clearbox-AI-Plugin-Runner-main\Clearbox-AI-Plugin-Runner-main\plugins\wolf_engine\modules\operators\edge_entry.py,E:,edge_entry.py,.py,source_system,clearbox,target_related_content,content,,content_match_target_pattern,,,,,4153,2026-03-11T11:20:56+00:00,2026-03-14T00:12:06.706060+00:00,53a727785cc625b0f626b068887cb2e24f84cd70f16cb9fadb49588fcc566f87,4153,true,true
8,E:\Clearbox-AI-Plugin-Runner-main\Clearbox-AI-Plugin-Runner-main\plugins\wolf_engine\modules\operators\eomm_compositor.py,E:,eomm_compositor.py,.py,source_system,clearbox,target_related_content,content,,content_match_target_pattern,,,,,3221,2026-03-11T11:20:56+00:00,2026-03-14T00:12:06.709029+00:00,17d771ceee75a9d4373462f6d90844661fa953921ee1da287e7345c2f9bab997,3221,true,true
8,E:\Clearbox-AI-Plugin-Runner-main\Clearbox-AI-Plugin-Runner-main\plugins\wolf_engine\modules\operators\thermal_hitbox.py,E:,thermal_hitbox.py,.py,source_system,clearbox,target_related_content,content,,content_match_target_pattern,,,,,6481,2026-03-11T11:20:56+00:00,2026-03-14T00:12:06.711480+00:00,d8431ca5b2ac69ef6d44e524d749e2cd95685b1b41e55857ff37210146082361,6481,true,true
8,E:\Clearbox-AI-Plugin-Runner-main\Clearbox-AI-Plugin-Runner-main\plugins\wolf_engine\modules\registry.py,E:,registry.py,.py,source_system,clearbox,target_related_content,content,,content_match_target_pattern,,,,,9144,2026-03-11T11:20:56+00:00,2026-03-14T00:12:06.650956+00:00,9287c33f77740ac12564d4669ad1fe6c92c7efd0a7be4c1cc1259a37df013048,9144,true,true
8,E:\Clearbox-AI-Plugin-Runner-main\Clearbox-AI-Plugin-Runner-main\plugins\wolf_engine\modules\truevision.py,E:,truevision.py,.py,source_system,clearbox,target_related_content,content,,content_match_target_pattern,,,,,1987,2026-03-11T11:20:56+00:00,2026-03-14T00:12:06.654009+00:00,faaa1a27fed3f10a2131901588cd134e8b268e4df8570a1f630b00f249a4016d,1987,true,true
8,E:\Clearbox-AI-Plugin-Runner-main\Clearbox-AI-Plugin-Runner-main\plugins\wolf_engine\pipeline.py,E:,pipeline.py,.py,source_system,clearbox,target_related_content,content,,content_match_target_pattern,,,,,1856,2026-03-11T11:20:56+00:00,2026-03-14T00:12:06.418964+00:00,2801a1393d975a3d8079906474524211aa297b2b64f9b723dcace5abb5dba63d,1856,true,true
8,E:\Clearbox-AI-Plugin-Runner-main\Clearbox-AI-Plugin-Runner-main\plugins\wolf_engine\reasoning\cascade_engine.py,E:,cascade_engine.py,.py,source_system,clearbox,target_related_content,content,,content_match_target_pattern,,,,,5957,2026-03-11T11:20:56+00:00,2026-03-14T00:12:06.750594+00:00,1c471344e0e81b3440093d0b81323655e2bd2add5fd0548227d909b6bcc92f90,5957,true,true
8,E:\Clearbox-AI-Plugin-Runner-main\Clearbox-AI-Plugin-Runner-main\plugins\wolf_engine\reasoning\engine.py,E:,engine.py,.py,source_system,clearbox,target_related_content,content,,content_match_target_pattern,,,,,6501,2026-03-11T11:20:56+00:00,2026-03-14T00:12:06.750594+00:00,76833a126ad2ef75b0b4077d570b8a6befeccb710f66a333ae7185d58c9a73a7,6501,true,true
8,E:\Clearbox-AI-Plugin-Runner-main\Clearbox-AI-Plugin-Runner-main\plugins\wolf_engine\reasoning\pattern_detector.py,E:,pattern_detector.py,.py,source_system,clearbox,target_related_content,content,,content_match_target_pattern,,,,,7451,2026-03-11T11:20:56+00:00,2026-03-14T00:12:06.750594+00:00,1b74e7bfefb930bb966e2c4a07e9d4f12db65b4a5557439369ceacc9e292331f,7451,true,true
8,E:\Clearbox-AI-Plugin-Runner-main\Clearbox-AI-Plugin-Runner-main\plugins\wolf_engine\reasoning\reasoning_service.py,E:,reasoning_service.py,.py,source_system,clearbox,target_related_content,content,,content_match_target_pattern,,,,,7809,2026-03-11T11:20:56+00:00,2026-03-14T00:12:06.765846+00:00,c6a4cfcdb4606b2e2ba5451a0a83c473e8d277b5eb9349c16bdec16153f5409a,7809,true,true
8,E:\Clearbox-AI-Plugin-Runner-main\Clearbox-AI-Plugin-Runner-main\plugins\wolf_engine\schemas.py,E:,schemas.py,.py,source_system,clearbox,target_related_content,content,,content_match_target_pattern,,,,,3508,2026-03-11T11:20:56+00:00,2026-03-14T00:12:06.430161+00:00,da5c586e289b5bc55dd3cfd5ad2ce770a9f155092f600c6e4c412e1d84bbe41f,3508,true,true
8,E:\Clearbox-AI-Plugin-Runner-main\Clearbox-AI-Plugin-Runner-main\plugins\wolf_engine\services\forge_service.py,E:,forge_service.py,.py,source_system,clearbox,target_related_content,content,,content_match_target_pattern,,,,,4181,2026-03-11T11:20:56+00:00,2026-03-14T00:12:06.777996+00:00,d13127b46b462d103c6b9363ddc36789313640646049c878b4ef421b82bead32,4181,true,true
8,E:\Clearbox-AI-Plugin-Runner-main\Clearbox-AI-Plugin-Runner-main\plugins\wolf_engine\services\gateway.py,E:,gateway.py,.py,source_system,clearbox,target_related_content,content,,content_match_target_pattern,,,,,4026,2026-03-11T11:20:56+00:00,2026-03-14T00:12:06.777996+00:00,11e2cc1c5063d4b2b3af59115d154e22dada69f47bc99fe9a1786ad30f8020fe,4026,true,true
8,E:\Clearbox-AI-Plugin-Runner-main\Clearbox-AI-Plugin-Runner-main\plugins\wolf_engine\services\health.py,E:,health.py,.py,source_system,clearbox,target_related_content,content,,content_match_target_pattern,,,,,4022,2026-03-11T11:20:56+00:00,2026-03-14T00:12:06.786587+00:00,31558055ae8a1a48ae6bcc17d23288813af5bbf86507a3e094876fffb4dc047b,4022,true,true
8,E:\Clearbox-AI-Plugin-Runner-main\Clearbox-AI-Plugin-Runner-main\plugins\wolf_engine\services\perception_service.py,E:,perception_service.py,.py,source_system,clearbox,target_related_content,content,,content_match_target_pattern,,,,,3895,2026-03-11T11:20:56+00:00,2026-03-14T00:12:06.790601+00:00,9bcaead9ea11bde08afdb745df21b86377f173ca5ad854e83d3543319ebf70c4,3895,true,true
8,E:\Clearbox-AI-Plugin-Runner-main\Clearbox-AI-Plugin-Runner-main\plugins\wolf_engine\sql\sqlite_writer.py,E:,sqlite_writer.py,.py,source_system,clearbox,target_related_content,content,,content_match_target_pattern,,,,,8822,2026-03-11T11:20:56+00:00,2026-03-14T00:12:06.807533+00:00,a923139cc42fb7d93b8931a3294e8ba0f423ed31189a63382e05af8605d2a89a,8822,true,true
8,E:\Clearbox-AI-Plugin-Runner-main\Clearbox-AI-Plugin-Runner-main\plugins\wolf_engine\start.py,E:,start.py,.py,source_system,clearbox,target_related_content,content,,content_match_target_pattern,,,,,4261,2026-03-11T11:20:56+00:00,2026-03-14T00:12:06.433796+00:00,c90a9fdf07b1e8ec6ad9d5081c94c3db418dc3196f016ecf54214fdd65a1a214,4261,true,true
8,E:\Clearbox-AI-Plugin-Runner-main\Clearbox-AI-Plugin-Runner-main\plugins\wolf_engine\tests\test_api.py,E:,test_api.py,.py,source_system,clearbox,target_related_content,content,,content_match_target_pattern,,,,,18134,2026-03-11T11:20:56+00:00,2026-03-14T00:12:06.823187+00:00,fc6fae22f6a0658e624e10d861855c0ee4f0845e1a3ab29b6b6553891019c6a0,18134,true,true
8,E:\Clearbox-AI-Plugin-Runner-main\Clearbox-AI-Plugin-Runner-main\plugins\wolf_engine\tests\test_archon.py,E:,test_archon.py,.py,source_system,clearbox,target_related_content,content,,content_match_target_pattern,,,,,14973,2026-03-11T11:20:56+00:00,2026-03-14T00:12:06.827705+00:00,a2788c0d13aff3a5f6e1f320406916cefb9ba5dda20141b6a8e2ce016c77260e,14973,true,true
8,E:\Clearbox-AI-Plugin-Runner-main\Clearbox-AI-Plugin-Runner-main\plugins\wolf_engine\tests\test_engine.py,E:,test_engine.py,.py,source_system,clearbox,target_related_content,content,,content_match_target_pattern,,,,,3372,2026-03-11T11:20:56+00:00,2026-03-14T00:12:06.831718+00:00,e3f99f7c4ae89ab61aa8b957baf68077e5625292c41b83f46f0bd19f70a87480,3372,true,true
8,E:\Clearbox-AI-Plugin-Runner-main\Clearbox-AI-Plugin-Runner-main\plugins\wolf_engine\tests\test_evidence.py,E:,test_evidence.py,.py,source_system,clearbox,target_related_content,content,,content_match_target_pattern,,,,,13689,2026-03-11T11:20:56+00:00,2026-03-14T00:12:06.831718+00:00,907545651cc2109abd3135618b864ccec27479a18fea97b0c6fac942adfa9e9f,13689,true,true
8,E:\Clearbox-AI-Plugin-Runner-main\Clearbox-AI-Plugin-Runner-main\plugins\wolf_engine\tests\test_metrics.py,E:,test_metrics.py,.py,source_system,clearbox,target_related_content,content,,content_match_target_pattern,,,,,7073,2026-03-11T11:20:56+00:00,2026-03-14T00:12:06.839024+00:00,633e0df0da56b64b32835f280545c4b0b6416516965c5685e95e881d95934a42,7073,true,true
8,E:\Clearbox-AI-Plugin-Runner-main\Clearbox-AI-Plugin-Runner-main\plugins\wolf_engine\tests\test_reasoning.py,E:,test_reasoning.py,.py,source_system,clearbox,target_related_content,content,,content_match_target_pattern,,,,,15729,2026-03-11T11:20:56+00:00,2026-03-14T00:12:06.845597+00:00,238e2952ef92ff6f00be73ec29c5a1d1074f08be083c75b4798955255256baa4,15729,true,true
8,E:\Clearbox-AI-Plugin-Runner-main\Clearbox-AI-Plugin-Runner-main\plugins\wolf_engine\tests\test_stress.py,E:,test_stress.py,.py,source_system,clearbox,target_related_content,content,,content_match_target_pattern,,,,,8208,2026-03-11T11:20:56+00:00,2026-03-14T00:12:06.849610+00:00,4a8b0050267f00a08ffd2c8b001988f89a8f0eee14bb4e028772939cf5063452,8208,true,true
8,E:\Clearbox-AI-Plugin-Runner-main\Clearbox-AI-Plugin-Runner-main\winutil-main\winutil-main\functions\private\Invoke-WinUtilISO.ps1,E:,Invoke-WinUtilISO.ps1,.ps1,source_system,clearbox,target_related_content,content,,content_match_target_pattern,,,,,37833,2026-03-11T11:20:56+00:00,2026-03-14T00:12:08.043346+00:00,99a220e125131f7b56fb2e85eb8e2b5000258668ea032b5ec1049b15ae13ddf4,37833,true,true
8,E:\Clearbox-AI-Plugin-Runner-main\Clearbox-AI-Plugin-Runner-main\winutil-main\winutil-main\functions\private\Invoke-WinUtilISOScript.ps1,E:,Invoke-WinUtilISOScript.ps1,.ps1,source_system,clearbox,target_related_content,content,,content_match_target_pattern,,,,,23325,2026-03-11T11:20:56+00:00,2026-03-14T00:12:08.059421+00:00,d4fa35888a15ca8c777c75f55820187171819946baadce79bbf8bb7f7b6eab2e,23325,true,true
8,E:\Clearbox-AI-Plugin-Runner-main\Clearbox-AI-Plugin-Runner-main\winutil-main\winutil-main\sign.bat,E:,sign.bat,.bat,source_system,clearbox,target_related_content,content,,content_match_target_pattern,,,,,111,2026-03-11T11:20:56+00:00,2026-03-14T00:12:06.891290+00:00,a870bb236d5cd984bebb6bd13d70c9fedde9ef0c134c9669da741c5c71d965af,111,true,true
8,E:\Clearbox-AI-Plugin-Runner-main\Clearbox-AI-Plugin-Runner-main\winutil-main\winutil-main\tools\autounattend.xml,E:,autounattend.xml,.xml,source_or_document,clearbox,target_related_content,content,,content_match_target_pattern,,,,,27050,2026-03-11T11:20:56+00:00,2026-03-14T00:12:08.299943+00:00,da748830879b5c80e02a33e05aedbb8255f8a1ecf36986cab4e48f07a3a1efa5,27050,true,true
8,E:\clearbox-ai-studio-v2-main\bridges\binary_store.py,E:,binary_store.py,.py,source_system,clearbox,target_related_content,content,,content_match_target_pattern,,,,,49427,2026-03-24T22:18:38.767128+00:00,2026-03-24T22:18:38.767128+00:00,4b34b628ecbe3fb9aca434447afd4b2ddb0fe84e8e11b3f9c6f759b702fa3b85,49427,true,true
8,E:\clearbox-ai-studio-v2-main\bridges\clearbox_bridge.py,E:,clearbox_bridge.py,.py,source_system,clearbox,target_related_content,content,,content_match_target_pattern,,,,,77728,2026-04-10T07:50:50.753015+00:00,2026-04-10T08:12:26.962897+00:00,3bdb6c4cb7c6a5adb960ca520f0a10c350a19754041d5cc5c3bc2062b2a98846,77728,true,true
8,E:\clearbox-ai-studio-v2-main\bridges\clearbox_bridge_server.py,E:,clearbox_bridge_server.py,.py,source_system,clearbox,target_related_content,content,,content_match_target_pattern,,,,,17533,2026-04-07T16:46:14.687838+00:00,2026-04-07T16:46:14.687838+00:00,df98a1658ad1d21b088a63aa0c668db4775e71270ec50993c78edbd43eac18e2,17533,true,true
8,E:\clearbox-ai-studio-v2-main\bridges\clearbox_gpu.py,E:,clearbox_gpu.py,.py,source_system,clearbox,target_related_content,content,,content_match_target_pattern,,,,,7713,2026-04-08T10:10:24.966053+00:00,2026-04-08T10:10:24.966053+00:00,c35b5473508287c9905cfaf350a348552db537c3dc7394fcfeb5ac71a7529d61,7713,true,true
8,E:\clearbox-ai-studio-v2-main\bridges\evidence_store.py,E:,evidence_store.py,.py,source_system,clearbox,target_related_content,content,,content_match_target_pattern,,,,,11847,2026-04-07T17:04:42.667158+00:00,2026-04-07T17:04:42.668319+00:00,b8c98117ee58759640f4e7c9f1934f6d71dce4ef72079c7d229b01c3e7546e95,11847,true,true
8,E:\clearbox-ai-studio-v2-main\bridges\governed_io.py,E:,governed_io.py,.py,source_system,clearbox,target_related_content,content,,content_match_target_pattern,,,,,11689,2026-03-02T12:04:52.888511+00:00,2026-03-16T21:48:46.508522+00:00,eb76c0770ca9defc3d470722d2d6f8a08167281ae5c40b2c8ab060ed4d8ab317,11689,true,true
8,E:\clearbox-ai-studio-v2-main\bridges\helpers.py,E:,helpers.py,.py,source_system,clearbox,target_related_content,content,,content_match_target_pattern,,,,,16245,2026-04-07T16:50:31.281223+00:00,2026-04-07T16:50:31.281223+00:00,416afa1293dc84ddab8a2c7053d02d8b78ea4ea25fbf34081a74204c051248c1,16245,true,true
8,E:\clearbox-ai-studio-v2-main\bridges\routers\config.py,E:,config.py,.py,source_system,clearbox,target_related_content,content,,content_match_target_pattern,,,,,17893,2026-04-07T16:50:45.572468+00:00,2026-04-07T16:50:45.573474+00:00,09db4c1d685b6d58e590f78dfd6f4ed3e579ce10b45b675a1137f25610e42d86,17893,true,true
8,E:\clearbox-ai-studio-v2-main\bridges\routers\memory.py,E:,memory.py,.py,source_system,clearbox,target_related_content,content,,content_match_target_pattern,,,,,12368,2026-03-14T21:18:54.551831+00:00,2026-03-16T21:48:46.510528+00:00,1a98da5c00d8b313c74d0a61baa06480866c1bc6bdf6aa7a7f992fafe7e6a061,12368,true,true
8,E:\clearbox-ai-studio-v2-main\bridges\services\ai_briefs.py,E:,ai_briefs.py,.py,source_system,clearbox,target_related_content,content,,content_match_target_pattern,,,,,7378,2026-03-23T17:21:08.965597+00:00,2026-03-23T17:21:08.965597+00:00,2b400ae664d97a3005185305c749e8dacc79568e6351c81a93052d209dc2258f,7378,true,true
8,E:\clearbox-ai-studio-v2-main\bridges\services\chain_executor.py,E:,chain_executor.py,.py,source_system,clearbox,target_related_content,content,,content_match_target_pattern,,,,,34194,2026-04-07T16:23:41.701343+00:00,2026-04-07T16:23:41.702411+00:00,08f43deb8381d65ecd7fcd4f6caa2f631d573816654461df28136e865d0ca84f,34194,true,true
8,E:\clearbox-ai-studio-v2-main\bridges\services\documap_query.py,E:,documap_query.py,.py,source_system,clearbox,target_related_content,content,,content_match_target_pattern,,,,,18285,2026-03-23T11:19:33.482412+00:00,2026-03-23T11:19:33.482412+00:00,d1135c7021dc197c9a58ecd205390976c26c3b7b4c1a4f873003a9967fbf6c72,18285,true,true
8,E:\clearbox-ai-studio-v2-main\bridges\services\history_queue.py,E:,history_queue.py,.py,source_system,clearbox,target_related,filename_or_path,history,,,,,,1462,2026-03-03T15:24:39.094566+00:00,2026-03-16T21:48:46.526260+00:00,f02d681388d60aad4b3fc70d1439278e3ec3d743ebc0ab2556ddce91ae251002,1462,true,true
8,E:\clearbox-ai-studio-v2-main\bridges\services\inference.py,E:,inference.py,.py,source_system,clearbox,target_related_content,content,,content_match_target_pattern,,,,,13129,2026-04-07T16:49:36.137441+00:00,2026-04-07T16:49:36.138461+00:00,0dac744a69700aa81f4c0427cff64d9390a655d5b3fec56e8c4605b583951354,13129,true,true
8,E:\clearbox-ai-studio-v2-main\bridges\services\llm_chat_service.py,E:,llm_chat_service.py,.py,source_system,clearbox,target_related_content,content,,content_match_target_pattern,,,,,19170,2026-04-08T09:45:40.259322+00:00,2026-04-08T09:45:40.260404+00:00,388e9a352d26cd338bf777b14eb474c90a56452cec16e6e096b71a8561cabfff,19170,true,true
8,E:\clearbox-ai-studio-v2-main\bridges\services\reasoning_service.py,E:,reasoning_service.py,.py,source_system,clearbox,target_related_content,content,,content_match_target_pattern,,,,,24862,2026-04-09T23:38:25.547282+00:00,2026-04-09T23:38:25.547282+00:00,db782ebbe1f6776806b29105b0eff0ad9a8e12c6cbde688bc468ccb5d76db862,24862,true,true
8,E:\clearbox-ai-studio-v2-main\bridges\state.py,E:,state.py,.py,source_system,clearbox,target_related_content,content,,content_match_target_pattern,,,,,11074,2026-03-23T17:21:08.970594+00:00,2026-03-23T17:21:08.970594+00:00,8c785fc41a69116c3dad93561d809873fb04efee168841bc1d3cc75b4b175e12,11074,true,true
8,E:\clearbox-ai-studio-v2-main\bridges\tool_defs.py,E:,tool_defs.py,.py,source_system,clearbox,target_related_content,content,,content_match_target_pattern,,,,,35904,2026-04-08T09:47:31.741357+00:00,2026-04-08T09:47:31.742408+00:00,96685958dcfcb0a8247b485d5dcf358954342f988aa84f108e64640c800385f6,35904,true,true
8,E:\clearbox-ai-studio-v2-main\bridges\ws_manager.py,E:,ws_manager.py,.py,source_system,clearbox,target_related_content,content,,content_match_target_pattern,,,,,1536,2026-03-02T22:56:45.953739+00:00,2026-03-16T21:48:46.542255+00:00,733554f0b33f2ecf2881ac9cd3cbb1f73b64057b1f01b563011e8c43a3997785,1536,true,true
8,E:\clearbox-ai-studio-v2-main\Conversations\citations\citation_intake.py,E:,citation_intake.py,.py,source_system,clearbox,target_related_content,content,,content_match_target_pattern,,,,,10269,2026-03-12T19:19:32.202683+00:00,2026-03-16T21:48:40.903245+00:00,039bf6ddfcb8b16427b1d76d44ccd9a947f489df951daa2a35dab3f0d6362236,10269,true,true
8,E:\clearbox-ai-studio-v2-main\Conversations\threads\__init__.py,E:,__init__.py,.py,source_system,clearbox,target_related_content,content,,content_match_target_pattern,,,,,923,2026-03-14T21:18:48.071496+00:00,2026-03-16T21:48:40.908844+00:00,d6868125eb34d283bb255c6bc41778b6403268a0a4f450b475095979a9de266e,923,true,true
8,E:\clearbox-ai-studio-v2-main\Conversations\threads\chat_ingest.py,E:,chat_ingest.py,.py,source_system,clearbox,target_related_content,content,,content_match_target_pattern,,,,,6527,2026-03-14T21:18:48.071496+00:00,2026-03-16T21:48:40.908844+00:00,e2fc9bc9ab067e117588ac0fdd5347c6b5829e1d9c22663b72e4f2b6eb14a99a,6527,true,true
8,E:\clearbox-ai-studio-v2-main\Conversations\threads\citations.py,E:,citations.py,.py,source_system,clearbox,target_related_content,content,,content_match_target_pattern,,,,,10518,2026-03-02T12:04:52.945316+00:00,2026-03-16T21:48:40.908844+00:00,4dbe78288ae7e78e3e6b8febad325edaec7b14bdd4c6c22f837f9c83c6379682,10518,true,true
8,E:\clearbox-ai-studio-v2-main\Conversations\threads\lessons.py,E:,lessons.py,.py,source_system,clearbox,target_related_content,content,,content_match_target_pattern,,,,,8166,2026-04-07T16:50:40.394303+00:00,2026-04-07T16:50:40.394303+00:00,0b27a4b575c47a9fd124afa95cb4b79f7442393df4cf148b6e4a64b6704af775,8166,true,true
8,E:\clearbox-ai-studio-v2-main\Conversations\threads\map_manager.py,E:,map_manager.py,.py,source_system,clearbox,target_related_content,content,,content_match_target_pattern,,,,,28706,2026-03-02T14:02:25.823230+00:00,2026-03-16T21:48:40.908844+00:00,6de93e248d5fe7bfbcc97604403beb1b5226f1c4737f9c6b81287d0be402b8a8,28706,true,true
8,E:\clearbox-ai-studio-v2-main\Conversations\threads\models.py,E:,models.py,.py,source_system,clearbox,target_related_content,content,,content_match_target_pattern,,,,,6056,2026-03-23T17:21:08.959737+00:00,2026-03-23T17:21:08.959737+00:00,f4eea3114e6a8c69133b120413f5f06cdc85bb3bc51370303a6fcc44b8a19d41,6056,true,true
8,E:\clearbox-ai-studio-v2-main\Conversations\threads\summarizer.py,E:,summarizer.py,.py,source_system,clearbox,target_related_content,content,,content_match_target_pattern,,,,,21916,2026-04-07T16:50:37.280114+00:00,2026-04-07T16:50:37.280114+00:00,9b8217a85d4240ed6d92c67f74039c5686a98f602e8ee2380ca59d1cc78b899f,21916,true,true
8,E:\clearbox-ai-studio-v2-main\core\chat_packs\api\router.py,E:,router.py,.py,source_system,clearbox,target_related_content,content,,content_match_target_pattern,,,,,12688,2026-03-15T11:18:09.701433+00:00,2026-03-16T21:48:46.549693+00:00,75b278ecd6744f75512bedd8f8ba35fd2c5dc65638d9d31a194861799de9a8f9,12688,true,true
8,E:\clearbox-ai-studio-v2-main\core\chat_packs\config.py,E:,config.py,.py,source_system,clearbox,target_related_content,content,,content_match_target_pattern,,,,,2143,2026-03-23T17:21:08.972381+00:00,2026-03-23T17:21:08.972381+00:00,d54b731284c839a224aecd3761ca993cbaa07253a22bb863634929aa346c8571,2143,true,true
8,E:\clearbox-ai-studio-v2-main\core\chat_packs\core\engine.py,E:,engine.py,.py,source_system,clearbox,target_related_content,content,,content_match_target_pattern,,,,,21926,2026-03-23T17:21:08.973017+00:00,2026-03-23T17:21:08.973536+00:00,79ec4bb4e5484271b5cf1cfd0673150d243024fe2d68c562554ff825f114330f,21926,true,true
8,E:\clearbox-ai-studio-v2-main\core\help_system\api\router.py,E:,router.py,.py,source_system,clearbox,target_related_content,content,,content_match_target_pattern,,,,,4754,2026-03-15T11:18:09.701433+00:00,2026-03-16T21:48:46.577385+00:00,950ecfb39ebc13edc8d4e7d1708af6da7c84b8b7fa17e1b309dd5623f097e08d,4754,true,true
8,E:\clearbox-ai-studio-v2-main\core\help_system\config.py,E:,config.py,.py,source_system,clearbox,target_related_content,content,,content_match_target_pattern,,,,,1828,2026-03-02T12:04:56.022698+00:00,2026-03-16T21:48:46.577385+00:00,13be20375d57e5166976be5b64b2b19771e96bbb8200d4fc2efd2cc6064143b9,1828,true,true
8,E:\clearbox-ai-studio-v2-main\core\help_system\core\engine.py,E:,engine.py,.py,source_system,clearbox,target_related_content,content,,content_match_target_pattern,,,,,7034,2026-03-15T12:16:02.270004+00:00,2026-03-16T21:48:46.577385+00:00,199e8226cff5d453cb1b9185601511ff70071527e719bc5ccc451424699cf533,7034,true,true
8,E:\clearbox-ai-studio-v2-main\core\lakespeak\api\router.py,E:,router.py,.py,source_system,clearbox,target_related_content,content,,content_match_target_pattern,,,,,7195,2026-03-14T21:18:54.574812+00:00,2026-03-16T21:48:46.589011+00:00,df1b16cbe5dd10b5d38ad80bf8c3ccc4daf6f07a67029fd9d27060bdf31fc5c6,7195,true,true
8,E:\clearbox-ai-studio-v2-main\core\lakespeak\config.py,E:,config.py,.py,source_system,clearbox,target_related_content,content,,content_match_target_pattern,,,,,2305,2026-03-14T21:18:54.574812+00:00,2026-03-16T21:48:46.589011+00:00,ef5040d031d8492d6a8f42ed7c1b68a1e755510ba222d9263438c9c6d634c1e8,2305,true,true
8,E:\clearbox-ai-studio-v2-main\core\lakespeak\events\eval_harness.py,E:,eval_harness.py,.py,source_system,clearbox,target_related_content,content,,content_match_target_pattern,,,,,10676,2026-03-14T21:18:54.575814+00:00,2026-03-16T21:48:46.589011+00:00,1a4f515dfe4b35f2796ff5e3c036375d6f7e35af6e2ea4407bcfc70617ffd8b4,10676,true,true
8,E:\clearbox-ai-studio-v2-main\core\lakespeak\events\hashing.py,E:,hashing.py,.py,source_system,clearbox,target_related_content,content,,content_match_target_pattern,,,,,5073,2026-03-14T21:18:54.575814+00:00,2026-03-16T21:48:46.589011+00:00,719ab6adde648a709d4a73bbde7fe98da892317e900cf491f58a8665bdf2e966,5073,true,true
8,E:\clearbox-ai-studio-v2-main\core\lakespeak\index\anchor_reranker.py,E:,anchor_reranker.py,.py,source_system,clearbox,target_related_content,content,,content_match_target_pattern,,,,,8626,2026-04-09T23:37:35.660510+00:00,2026-04-09T23:37:35.660510+00:00,71332d89432384c628d32687d8a3e8a203cf288d1969ca66a4c0fcd99510b608,8626,true,true
8,E:\clearbox-ai-studio-v2-main\core\lakespeak\index\bm25.py,E:,bm25.py,.py,source_system,clearbox,target_related_content,content,,content_match_target_pattern,,,,,11685,2026-04-08T10:12:31.978906+00:00,2026-04-08T10:12:31.978906+00:00,911c464a2892ba67e8fdc9c3434c716850aa87f700d974e7040b2ee37b69be74,11685,true,true
8,E:\clearbox-ai-studio-v2-main\core\lakespeak\index\dense.py,E:,dense.py,.py,source_system,clearbox,target_related_content,content,,content_match_target_pattern,,,,,11573,2026-03-14T21:18:54.577819+00:00,2026-03-16T21:48:46.589011+00:00,11ce3cbd678eea6d1eefbd0af6f38a5ba2ea867c36c506b6d2e0bd3a5a825624,11573,true,true
8,E:\clearbox-ai-studio-v2-main\core\lakespeak\index\hybrid.py,E:,hybrid.py,.py,source_system,clearbox,target_related_content,content,,content_match_target_pattern,,,,,3219,2026-03-14T21:18:54.578821+00:00,2026-03-16T21:48:46.589011+00:00,a318bb6716aad93c45586045003d390f575569ba84ff9a0ec25934149a758b6a,3219,true,true
8,E:\clearbox-ai-studio-v2-main\core\lakespeak\ingest\citation_extractor.py,E:,citation_extractor.py,.py,source_system,clearbox,target_related_content,content,,content_match_target_pattern,,,,,15005,2026-03-23T11:14:04.736141+00:00,2026-03-23T11:14:04.749893+00:00,8edbe2053580c5f70764b9c36da77a37516e315124bd73b16d2d5acd59c0589c,15005,true,true
8,E:\clearbox-ai-studio-v2-main\core\lakespeak\ingest\pipeline.py,E:,pipeline.py,.py,source_system,clearbox,target_related_content,content,,content_match_target_pattern,,,,,25361,2026-04-09T23:37:43.535970+00:00,2026-04-09T23:37:43.535970+00:00,b0b1a76359fb14dd60da6cf2c21e9e25996da64157a5e19806f59974853cc06a,25361,true,true
8,E:\clearbox-ai-studio-v2-main\core\lakespeak\ingest\receipt.py,E:,receipt.py,.py,source_system,clearbox,target_related_content,content,,content_match_target_pattern,,,,,1850,2026-03-24T21:42:24.598667+00:00,2026-03-24T21:42:24.598667+00:00,3724d18feabbd99cf9595f4d9375d7e64cfbe2c66c70f57baff45b03d0590ca1,1850,true,true
8,E:\clearbox-ai-studio-v2-main\core\lakespeak\retrieval\grounding_policy.py,E:,grounding_policy.py,.py,source_system,clearbox,target_related_content,content,,content_match_target_pattern,,,,,6947,2026-03-14T21:18:54.579824+00:00,2026-03-16T21:48:46.605039+00:00,dc750cfbfa4dae37b46e07399d10009c38c5c58619fe2466050987931ecea60b,6947,true,true
8,E:\clearbox-ai-studio-v2-main\core\lakespeak\retrieval\quality_gate.py,E:,quality_gate.py,.py,source_system,clearbox,target_related_content,content,,content_match_target_pattern,,,,,21163,2026-03-14T21:18:54.580826+00:00,2026-03-16T21:48:46.605039+00:00,b37fbb5d1754a95709a8894fed7b58bb2a1553754b0e15916961e447691c6d38,21163,true,true
8,E:\clearbox-ai-studio-v2-main\core\lakespeak\retrieval\query.py,E:,query.py,.py,source_system,clearbox,target_related_content,content,,content_match_target_pattern,,,,,34747,2026-04-09T23:37:50.490609+00:00,2026-04-09T23:37:50.490609+00:00,f92799a642c9965be5df51e99a92e3a1b47866464892ee33009ae986e3c5e492,34747,true,true
8,E:\clearbox-ai-studio-v2-main\core\lakespeak\schemas.py,E:,schemas.py,.py,source_system,clearbox,target_related_content,content,,content_match_target_pattern,,,,,8604,2026-03-24T21:42:14.263428+00:00,2026-03-24T21:42:14.263428+00:00,6694b80436928b67fe5ebf2a96602544c3984366e4fe85e30629fd529c2f1160,8604,true,true
8,E:\clearbox-ai-studio-v2-main\core\lakespeak\text\normalize.py,E:,normalize.py,.py,source_system,clearbox,target_related_content,content,,content_match_target_pattern,,,,,2633,2026-04-09T23:59:08.618933+00:00,2026-04-09T23:59:08.618933+00:00,01b889ca8b787427769e0d9174d2f4fa35a872198bf5d70e9020a747f86b917c,2633,true,true
8,E:\clearbox-ai-studio-v2-main\core\lakespeak\text\spellcheck.py,E:,spellcheck.py,.py,source_system,clearbox,target_related_content,content,,content_match_target_pattern,,,,,20079,2026-03-14T21:18:54.583877+00:00,2026-03-16T21:48:46.608830+00:00,779cd27df88b001f4303e0fe258071a04b07f08d98438ccee8c5ac216857fd9b,20079,true,true
8,E:\clearbox-ai-studio-v2-main\core\observe\router.py,E:,router.py,.py,source_system,clearbox,target_related_content,content,,content_match_target_pattern,,,,,4526,2026-03-15T10:38:50.685730+00:00,2026-03-16T21:48:46.618087+00:00,6caafbb1be81692660b1af58669b1b36f25516db853977d5ea5472ff0c65df88,4526,true,true
8,E:\clearbox-ai-studio-v2-main\core\reasoning_616\engine.py,E:,engine.py,.py,source_system,clearbox,target_related_content,content,,content_match_target_pattern,,,,,39377,2026-04-09T23:37:13.248559+00:00,2026-04-10T08:13:37.113351+00:00,316d87f17be6daa87de53c7926ea035ccd15a393994173ab8d0172c488a24033,39377,true,true
8,E:\clearbox-ai-studio-v2-main\core\system_pulse\_bridge.py,E:,_bridge.py,.py,source_system,clearbox,target_related_content,content,,content_match_target_pattern,,,,,3476,2026-03-12T19:19:32.253135+00:00,2026-03-16T21:48:46.623072+00:00,47f53487cf75ce2026ee43fec097502a9a0179195cd9fe86cf2101733c07292b,3476,true,true
8,E:\clearbox-ai-studio-v2-main\core\system_pulse\_preview_ui.html,E:,_preview_ui.html,.html,source_or_document,clearbox,target_related_content,content,,content_match_target_pattern,,,,,12851,2026-03-12T19:19:32.254185+00:00,2026-03-16T21:48:46.623072+00:00,615c433abda16b10062d5ac581c19fd0727631df4ec5075dccaf81c60a3932cd,12851,true,true
8,E:\clearbox-ai-studio-v2-main\core\system_pulse\api\router.py,E:,router.py,.py,source_system,clearbox,target_related_content,content,,content_match_target_pattern,,,,,1674,2026-03-12T19:19:32.255188+00:00,2026-03-16T21:48:46.623072+00:00,a7e246fb5997c4de027d21b727565fedca9fb16d46c4042f64b557c22dcfdc8e,1674,true,true
8,E:\clearbox-ai-studio-v2-main\core\system_pulse\core\engine.py,E:,engine.py,.py,source_system,clearbox,target_related_content,content,,content_match_target_pattern,,,,,5820,2026-03-12T19:19:32.256210+00:00,2026-03-16T21:48:46.623072+00:00,2a7f1e9deab7b89f31a1c87a9c869a53df1ac5caa94545e9fffca3a6b5804fea,5820,true,true
8,E:\clearbox-ai-studio-v2-main\core\tool_creation\ledger.py,E:,ledger.py,.py,source_system,clearbox,target_related_content,content,,content_match_target_pattern,,,,,4210,2026-03-15T16:38:10.873407+00:00,2026-03-16T21:48:46.623072+00:00,b527b76da076fff139e839507c870f65b9fec8cf5c301c3898caf3a2bb5ce98a,4210,true,true
8,E:\clearbox-ai-studio-v2-main\docs\Summaries of  session changes.txt,E:,Summaries of  session changes.txt,.txt,document,clearbox,target_related_content,content;filename_or_path,session,content_match_target_pattern,,,,,41659,2026-04-10T21:27:30.217707+00:00,2026-04-10T21:27:30.260006+00:00,83fa7bc2fc8ef0e2752d4ffef3e4523d43390524e1bca9df844604485cda4ce1,41659,true,true
8,E:\clearbox-ai-studio-v2-main\NVIDIA_venv\Lib\site-packages\six.py,E:,six.py,.py,source_system,clearbox,target_related_content,content,,content_match_target_pattern,,,,,34703,2026-03-13T20:00:38.581316+00:00,2026-03-13T20:00:38.581316+00:00,c51c91f703d3d4b3696c923cb5fec213e05e75d9215393befac7f2fa6a3904df,34703,true,true
8,E:\clearbox-ai-studio-v2-main\NVIDIA_venv\Lib\site-packages\typing_extensions.py,E:,typing_extensions.py,.py,source_system,clearbox,target_related_content,content,,content_match_target_pattern,,,,,160429,2026-03-13T19:33:05.667269+00:00,2026-03-13T19:33:05.668270+00:00,433d11d170d3a24d2eb065ebc1bfe848cea7e3d7ce68567ab52bea2d4c2f7ed8,160429,true,true
8,E:\clearbox-ai-studio-v2-main\scripts\citation_server.py,E:,citation_server.py,.py,source_system,clearbox,target_related_content,content,,content_match_target_pattern,,,,,26854,2026-03-24T23:11:24.115048+00:00,2026-03-24T23:11:24.115048+00:00,12c6fbfc6f56766d96caccb720d565650f044adffcd74262575b7b54d12e90da,26854,true,true
8,E:\clearbox-ai-studio-v2-main\scripts\clearbox_install.py,E:,clearbox_install.py,.py,source_system,clearbox,target_related_content,content,,content_match_target_pattern,,,,,82318,2026-03-23T17:21:08.989412+00:00,2026-03-23T17:21:08.989412+00:00,58badbf04cf747e5f4b21ab49b963fc017083029bd107c7b8b3dc6300f1ff99b,82318,true,true
8,E:\clearbox-ai-studio-v2-main\scripts\clearbox_state.py,E:,clearbox_state.py,.py,source_system,clearbox,target_related_content,content,,content_match_target_pattern,,,,,4432,2026-03-02T12:04:57.501460+00:00,2026-03-16T21:48:46.809207+00:00,52668f37ca296e00885bd1d0995821caacb023f29879d1142d0ab84679e9ddd5,4432,true,true
8,E:\clearbox-ai-studio-v2-main\scripts\local_llm_server.py,E:,local_llm_server.py,.py,source_system,clearbox,target_related_content,content,,content_match_target_pattern,,,,,93993,2026-04-09T22:20:08.601978+00:00,2026-04-09T22:20:08.601978+00:00,807b06d1816fc0e2a8b6f91a781ceab29a6beddb7fa1abd1bc58357b6886a7d1,93993,true,true
8,E:\clearbox-ai-studio-v2-main\security\action_ledger.py,E:,action_ledger.py,.py,source_system,clearbox,target_related_content,content,,content_match_target_pattern,,,,,1530,2026-03-02T12:04:57.642156+00:00,2026-03-16T21:48:46.809207+00:00,5b1ec53c59f4efc72e1720b6d4b0a828e5cedde98fa3f329aa5457e62f21163b,1530,true,true
8,E:\clearbox-ai-studio-v2-main\security\auth.py,E:,auth.py,.py,source_system,clearbox,target_related_content,content,,content_match_target_pattern,,,,,1075,2026-04-09T22:19:43.288712+00:00,2026-04-09T22:19:43.288712+00:00,20a69a85ec47905005b4638e34949f63e1b1bc6e7207877f902bdd404d934c40,1075,true,true
8,E:\clearbox-ai-studio-v2-main\security\data_paths.py,E:,data_paths.py,.py,source_system,clearbox,target_related_content,content,,content_match_target_pattern,,,,,10523,2026-04-07T17:03:00.688606+00:00,2026-04-07T17:03:00.688606+00:00,b9e087b492104128922beb125ac18b4f61073712d023b9ac7081dd8c7540e73b,10523,true,true
8,E:\clearbox-ai-studio-v2-main\security\directory_law.py,E:,directory_law.py,.py,source_system,clearbox,target_related_content,content,,content_match_target_pattern,,,,,7822,2026-03-14T21:18:54.718334+00:00,2026-03-16T21:48:46.809207+00:00,e98cda27f207114d0e55716cf5b0626abceccd08f3cb621a1c3a3d842f410868,7822,true,true
8,E:\clearbox-ai-studio-v2-main\security\gateway.py,E:,gateway.py,.py,source_system,clearbox,target_related_content,content,,content_match_target_pattern,,,,,35364,2026-03-14T21:18:54.718334+00:00,2026-03-16T21:48:46.809207+00:00,a5a57288d9c6a8bc53f352b06f5b4d00070ecd57ad47752ebb0513ce4837656e,35364,true,true
8,E:\clearbox-ai-studio-v2-main\security\migrate.py,E:,migrate.py,.py,source_system,clearbox,target_related_content,content,,content_match_target_pattern,,,,,5876,2026-03-02T12:04:57.733605+00:00,2026-03-16T21:48:46.825000+00:00,d7ee1b5386db74c2e1c7141282c5de8d52f5fa1c7ad676bc6f2e55597d4582d6,5876,true,true
8,E:\clearbox-ai-studio-v2-main\security\network.py,E:,network.py,.py,source_system,clearbox,target_related_content,content,,content_match_target_pattern,,,,,3468,2026-03-02T12:04:57.742328+00:00,2026-03-16T21:48:46.825000+00:00,47b36755163c611f9eabd7a71acbe873b5ded2e7e504758aa29fdfd299c5283e,3468,true,true
8,E:\clearbox-ai-studio-v2-main\security\storage_layout.py,E:,storage_layout.py,.py,source_system,clearbox,target_related_content,content,,content_match_target_pattern,,,,,14322,2026-03-02T12:04:57.798590+00:00,2026-03-16T21:48:46.825000+00:00,7d26d4000450b152827a8f2b9ddc903de0bfc36999dafcb503ba0fec00f148b4,14322,true,true
8,E:\clearbox-ai-studio-v2-main\security\tls.py,E:,tls.py,.py,source_system,clearbox,target_related_content,content,,content_match_target_pattern,,,,,7445,2026-03-02T12:04:57.807503+00:00,2026-03-16T21:48:46.825000+00:00,1e3d18a44c4a3c0446c2c82a68fb9c349d6a1f4093ab17b779c841c471b9d7d8,7445,true,true
8,E:\clearbox-ai-studio-v2-main\security\tool_telemetry.py,E:,tool_telemetry.py,.py,source_system,clearbox,target_related_content,content,,content_match_target_pattern,,,,,4003,2026-03-02T12:04:57.822848+00:00,2026-03-16T21:48:46.825000+00:00,92ecfa72284e680f3f4b85087f5431d795a597496d549d500d34fc8fa610f4e5,4003,true,true
8,E:\clearbox-ai-studio-v2-main\tests\smoke\masher.py,E:,masher.py,.py,source_system,clearbox,target_related_content,content,,content_match_target_pattern,,,,,25030,2026-03-23T17:21:08.993577+00:00,2026-03-23T17:21:08.994099+00:00,1d265127e7f2e4b229e191615bf8f2a0427f8812a64f3a8550051530f8e9a3d0,25030,true,true
8,E:\clearbox-ai-studio-v2-main\tests\smoke\run.py,E:,run.py,.py,source_system,clearbox,target_related_content,content,,content_match_target_pattern,,,,,25542,2026-03-23T17:21:08.994099+00:00,2026-03-23T17:21:08.994622+00:00,cbd1359e7a40a59f7ed49a4d922a7b80f20097d9d8f86e8618c122a4a8caa44e,25542,true,true
8,E:\clearbox-ai-studio-v2-main\tests\smoke\witness.py,E:,witness.py,.py,source_system,clearbox,target_related_content,content,,content_match_target_pattern,,,,,20971,2026-03-23T17:21:08.995143+00:00,2026-03-23T17:21:08.995143+00:00,8cf2a1b0c4f56e236ea8316f3883e7ee5d0b34b2fd778730706e37678dc307cb,20971,true,true
8,E:\clearbox-ai-studio-v2-main\tests\test_danger_gate_full_circle.py,E:,test_danger_gate_full_circle.py,.py,source_system,clearbox,target_related_content,content,,content_match_target_pattern,,,,,13335,2026-03-02T12:04:58.702639+00:00,2026-03-16T21:48:46.989743+00:00,c753dcb903bf3871d8eb3d5ff3337ce4bc88c52cd7bb88ed9c7bad45eee2c3f7,13335,true,true
8,E:\clearbox-ai-studio-v2-main\tests\test_intake_direct.py,E:,test_intake_direct.py,.py,source_system,clearbox,target_related_content,content,,content_match_target_pattern,,,,,5320,2026-03-02T12:04:58.745985+00:00,2026-03-16T21:48:46.989743+00:00,e6e0774ea9e6397b491d61ba6e371acd5eb1a2f4eae006948846b2636f31e186,5320,true,true
8,E:\clearbox-ai-studio-v2-main\tests\test_tool_creation_ledger.py,E:,test_tool_creation_ledger.py,.py,source_system,clearbox,target_related_content,content,,content_match_target_pattern,,,,,2572,2026-03-23T17:21:08.997437+00:00,2026-03-23T17:21:08.997437+00:00,60c5df3d936022238977503ca5695a4f16c6b0fa802b16e131ce0436aa535d07,2572,true,true
8,E:\clearbox-ai-studio-v2-main\ui\clearbox_ai_production.html,E:,clearbox_ai_production.html,.html,source_or_document,clearbox,target_related_content,content,,content_match_target_pattern,,,,,199261,2026-04-09T22:20:36.064785+00:00,2026-04-09T22:20:36.065785+00:00,40cb5f7143bb6c2623e4c2178d1471fe6907c950558036838ade98f0338eb7f1,199261,true,true
8,E:\clearbox-ai-studio-v2-main\ui\js\console.js,E:,console.js,.js,source_system,clearbox,target_related_content,content,,content_match_target_pattern,,,,,331656,2026-04-07T13:34:06.776364+00:00,2026-04-07T13:34:06.777386+00:00,793d440fef4cd6f350c23deafdbe66982b3cfc0d2ec5582489ee6f63c776f4cb,331656,true,true
8,E:\clearbox-ai-studio-v2-main\ui\js\core.js,E:,core.js,.js,source_system,clearbox,target_related_content,content,,content_match_target_pattern,,,,,44227,2026-04-08T10:04:22.715442+00:00,2026-04-08T10:04:22.715442+00:00,1db9a97afedc908d6e5a17b64dd0a258a2f64e25316f4456bddcbb71e3917a7b,44227,true,true
8,E:\clearbox-ai-studio-v2-main\ui\js\panel-identity.js,E:,panel-identity.js,.js,source_system,clearbox,target_related_content,content,,content_match_target_pattern,,,,,12839,2026-03-24T18:27:52.695911+00:00,2026-03-24T18:27:52.695911+00:00,c1b1fe12858b4c037a5ad3b4ab5ec5e58e1c73f9db95e852d8eb5a5a5f2952e6,12839,true,true
8,E:\clearbox-ai-studio-v2-main\ui\js\panel-routing.js,E:,panel-routing.js,.js,source_system,clearbox,target_related_content,content,,content_match_target_pattern,,,,,14738,2026-03-22T20:39:19.166351+00:00,2026-03-22T20:39:19.167544+00:00,8fdfc889640dd0c4564f858356f4d0bed86ffa883ba35fce1048283fa57512b3,14738,true,true
8,E:\clearbox-ai-studio-v2-main\ui\vendor\chart.umd.min.js,E:,chart.umd.min.js,.js,source_system,clearbox,target_related_content,content,,content_match_target_pattern,,,,,205909,2026-03-02T12:04:59.830889+00:00,2026-03-16T21:48:47.178732+00:00,e49825b9bc05076246e2aa8587a0335745f2d47dc24c66ac6832dbbe3a38b0d2,205909,true,true
8,G:\BACKUPS ONLY\clearbox-ai-studio-v2-main backup 1\bridges\clearbox_bridge.py,G:,clearbox_bridge.py,.py,source_system,clearbox,target_related_content,content,,content_match_target_pattern,,,,,67347,2026-03-14T12:17:30.985573+00:00,2026-03-13T21:01:51.556898+00:00,04a08ceedadf705c825d8bbbc6f8296c8fe756dbf88c9532757d5e04889920e0,67347,true,true
8,G:\BACKUPS ONLY\clearbox-ai-studio-v2-main backup 1\bridges\clearbox_bridge_server.py,G:,clearbox_bridge_server.py,.py,source_system,clearbox,target_related_content,content,,content_match_target_pattern,,,,,15754,2026-03-14T12:17:30.985573+00:00,2026-03-13T17:30:33.960171+00:00,46017ce5d242c51d0d962cfb06265d310440f96571702b04eab7f574e2de4f46,15754,true,true
8,G:\BACKUPS ONLY\clearbox-ai-studio-v2-main backup 1\bridges\clearbox_gpu.py,G:,clearbox_gpu.py,.py,source_system,clearbox,target_related_content,content,,content_match_target_pattern,,,,,6574,2026-03-14T12:17:30.985573+00:00,2026-03-02T12:04:52.885162+00:00,e1a12ecf823e2c831af19c909fd8ae9a62fc9cb8c6658ccdf6749f3d67cef55c,6574,true,true
8,G:\BACKUPS ONLY\clearbox-ai-studio-v2-main backup 1\bridges\governed_io.py,G:,governed_io.py,.py,source_system,clearbox,target_related_content,content,,content_match_target_pattern,,,,,11395,2026-03-14T12:17:30.985573+00:00,2026-03-02T12:04:52.888511+00:00,94f4c94f3f84dd4490029c465af231067fc1540b038b4bc184703b860fe15bc0,11395,true,true
8,G:\BACKUPS ONLY\clearbox-ai-studio-v2-main backup 1\bridges\helpers.py,G:,helpers.py,.py,source_system,clearbox,target_related_content,content,,content_match_target_pattern,,,,,14931,2026-03-14T12:17:31.002122+00:00,2026-03-13T17:30:33.960171+00:00,a6f536f379f01330db57f4e43aca55b8524daad03d0a459121ca48448ff2e49d,14931,true,true
8,G:\BACKUPS ONLY\clearbox-ai-studio-v2-main backup 1\bridges\plugin_hooks.py,G:,plugin_hooks.py,.py,source_system,clearbox,target_related_content,content,,content_match_target_pattern,,,,,2893,2026-03-14T12:17:31.002122+00:00,2026-03-02T12:04:52.901183+00:00,9654d5d526023a284e389753948747e0363142596f28eb843cdcf3bd6f8920ca,2893,true,true
8,G:\BACKUPS ONLY\clearbox-ai-studio-v2-main backup 1\bridges\routers\config.py,G:,config.py,.py,source_system,clearbox,target_related_content,content,,content_match_target_pattern,,,,,17901,2026-03-14T12:17:31.020030+00:00,2026-03-12T19:19:32.214944+00:00,e317800319aa3e62e6637d06717437bf2bf9a6a9a6ad36062f4ceda3cd5f9cb3,17901,true,true
8,G:\BACKUPS ONLY\clearbox-ai-studio-v2-main backup 1\bridges\routers\control.py,G:,control.py,.py,source_system,clearbox,target_related_content,content,,content_match_target_pattern,,,,,5600,2026-03-14T12:17:31.020030+00:00,2026-03-03T16:31:08.623639+00:00,68de757877182e750ff2ac8ac10b927aa3d245d517cbcc6963cd2e708040d917,5600,true,true
8,G:\BACKUPS ONLY\clearbox-ai-studio-v2-main backup 1\bridges\routers\memory.py,G:,memory.py,.py,source_system,clearbox,target_related_content,content,,content_match_target_pattern,,,,,12368,2026-03-14T12:17:31.020030+00:00,2026-03-12T20:39:19.130124+00:00,1a98da5c00d8b313c74d0a61baa06480866c1bc6bdf6aa7a7f992fafe7e6a061,12368,true,true
8,G:\BACKUPS ONLY\clearbox-ai-studio-v2-main backup 1\bridges\services\ai_briefs.py,G:,ai_briefs.py,.py,source_system,clearbox,target_related_content,content,,content_match_target_pattern,,,,,7182,2026-03-14T12:17:31.052893+00:00,2026-03-03T15:23:51.142448+00:00,e05403c92fda78f64cbc865cdbed1d4e6fc8616b83158e7362088ec357efa423,7182,true,true
8,G:\BACKUPS ONLY\clearbox-ai-studio-v2-main backup 1\bridges\services\chain_executor.py,G:,chain_executor.py,.py,source_system,clearbox,target_related_content,content,,content_match_target_pattern,,,,,35753,2026-03-14T12:17:31.052893+00:00,2026-03-13T17:30:33.960171+00:00,84f85689e0e0c20d08f0acb7b6d1ee50512c1375de044e6f30ab448c8dc8a7a3,35753,true,true
8,G:\BACKUPS ONLY\clearbox-ai-studio-v2-main backup 1\bridges\services\control_tools.py,G:,control_tools.py,.py,source_system,clearbox,target_related_content,content,,content_match_target_pattern,,,,,4667,2026-03-14T12:17:31.052893+00:00,2026-03-03T15:24:31.746739+00:00,fe13b271ce9da48d67bb02bad312e6258f8f3794005d592b4e3519a2dd31437d,4667,true,true
8,G:\BACKUPS ONLY\clearbox-ai-studio-v2-main backup 1\bridges\services\documap_ingestion.py,G:,documap_ingestion.py,.py,source_system,clearbox,target_related_content,content,,content_match_target_pattern,,,,,10900,2026-03-14T12:17:31.068168+00:00,2026-03-03T14:34:04.003265+00:00,b52c1d3d78d48a69cf9174c4bb3999c8eff9768be5171c3a4c3b5b953ca9bc95,10900,true,true
8,G:\BACKUPS ONLY\clearbox-ai-studio-v2-main backup 1\bridges\services\history_queue.py,G:,history_queue.py,.py,source_system,clearbox,target_related,filename_or_path,history,,,,,,1418,2026-03-14T12:17:31.068840+00:00,2026-03-03T15:24:39.094566+00:00,888191c9fde0cd0563a27c1d2624ef259a18927fa03fbfedd790ca2465d06a8f,1418,true,true
8,G:\BACKUPS ONLY\clearbox-ai-studio-v2-main backup 1\bridges\services\inference.py,G:,inference.py,.py,source_system,clearbox,target_related_content,content,,content_match_target_pattern,,,,,15280,2026-03-14T12:17:31.068840+00:00,2026-03-03T18:30:03.024870+00:00,eb8ad7d26870ecebfee3848671b6ffe5a3c2b5ff06632ba2dd0422a08e207ba5,15280,true,true
8,G:\BACKUPS ONLY\clearbox-ai-studio-v2-main backup 1\bridges\services\llm_chat_service.py,G:,llm_chat_service.py,.py,source_system,clearbox,target_related_content,content,,content_match_target_pattern,,,,,19680,2026-03-14T12:17:31.085529+00:00,2026-03-13T17:30:33.960171+00:00,a16e3f3dca1a31be847fc80172bbc15531f99e993e34c1e14c216a7401c18a94,19680,true,true
8,G:\BACKUPS ONLY\clearbox-ai-studio-v2-main backup 1\bridges\services\plugin_runtime.py,G:,plugin_runtime.py,.py,source_system,clearbox,target_related_content,content,,content_match_target_pattern,,,,,7040,2026-03-14T12:17:31.085529+00:00,2026-03-03T16:34:23.977635+00:00,3f2f432704ebbe84124db119f1f1f730a557006a870e3cb5294e76ad230011f0,7040,true,true
8,G:\BACKUPS ONLY\clearbox-ai-studio-v2-main backup 1\bridges\services\reasoning_service.py,G:,reasoning_service.py,.py,source_system,clearbox,target_related_content,content,,content_match_target_pattern,,,,,2255,2026-03-14T12:17:31.103578+00:00,2026-03-03T13:33:19.505823+00:00,970bc2be07fe8c8a81bdb85e4c7e7118f0c7acca6a0481d1ee72d3c564f189d3,2255,true,true
8,G:\BACKUPS ONLY\clearbox-ai-studio-v2-main backup 1\bridges\state.py,G:,state.py,.py,source_system,clearbox,target_related_content,content,,content_match_target_pattern,,,,,11071,2026-03-14T12:17:31.002122+00:00,2026-03-12T19:19:32.218562+00:00,7f9749f8d23170e2165de6e46bc8a8d7a27fd40ced1e472836323e249aa92449,11071,true,true
8,G:\BACKUPS ONLY\clearbox-ai-studio-v2-main backup 1\bridges\tool_defs.py,G:,tool_defs.py,.py,source_system,clearbox,target_related_content,content,,content_match_target_pattern,,,,,38315,2026-03-14T12:17:31.002122+00:00,2026-03-13T22:03:04.960859+00:00,a957f7c6a690b0884b974fccccdbe6396ecd6b30b684b9d28612fcbb91df0e70,38315,true,true
8,G:\BACKUPS ONLY\clearbox-ai-studio-v2-main backup 1\bridges\ws_manager.py,G:,ws_manager.py,.py,source_system,clearbox,target_related_content,content,,content_match_target_pattern,,,,,1536,2026-03-14T12:17:31.002122+00:00,2026-03-02T22:56:45.953739+00:00,733554f0b33f2ecf2881ac9cd3cbb1f73b64057b1f01b563011e8c43a3997785,1536,true,true
8,G:\BACKUPS ONLY\clearbox-ai-studio-v2-main backup 1\Conversations\citations\citation_intake.py,G:,citation_intake.py,.py,source_system,clearbox,target_related_content,content,,content_match_target_pattern,,,,,10269,2026-03-14T12:17:32.852964+00:00,2026-03-12T19:19:32.203218+00:00,039bf6ddfcb8b16427b1d76d44ccd9a947f489df951daa2a35dab3f0d6362236,10269,true,true
8,G:\BACKUPS ONLY\clearbox-ai-studio-v2-main backup 1\Conversations\threads\__init__.py,G:,__init__.py,.py,source_system,clearbox,target_related_content,content,,content_match_target_pattern,,,,,923,2026-03-14T12:17:32.886733+00:00,2026-03-12T19:19:32.203823+00:00,d6868125eb34d283bb255c6bc41778b6403268a0a4f450b475095979a9de266e,923,true,true
8,G:\BACKUPS ONLY\clearbox-ai-studio-v2-main backup 1\Conversations\threads\chat_ingest.py,G:,chat_ingest.py,.py,source_system,clearbox,target_related_content,content,,content_match_target_pattern,,,,,6244,2026-03-14T12:17:32.868953+00:00,2026-03-12T20:36:43.128309+00:00,361a2e9928cb727906e5d582af482eedcdc6200010856521b617756178699faf,6244,true,true
8,G:\BACKUPS ONLY\clearbox-ai-studio-v2-main backup 1\Conversations\threads\citations.py,G:,citations.py,.py,source_system,clearbox,target_related_content,content,,content_match_target_pattern,,,,,10223,2026-03-14T12:17:32.868953+00:00,2026-03-02T12:04:52.946694+00:00,e4f78319b4eebb51ac8533bad0944d08752e1f5ed907997481bc983042e9d45f,10223,true,true
8,G:\BACKUPS ONLY\clearbox-ai-studio-v2-main backup 1\Conversations\threads\lessons.py,G:,lessons.py,.py,source_system,clearbox,target_related_content,content,,content_match_target_pattern,,,,,8260,2026-03-14T12:17:32.868953+00:00,2026-03-12T19:19:32.205473+00:00,c07bc911ed743547ad435eca6365cee08f2d9e48c9a9b0eca716945e86cafebf,8260,true,true
8,G:\BACKUPS ONLY\clearbox-ai-studio-v2-main backup 1\Conversations\threads\models.py,G:,models.py,.py,source_system,clearbox,target_related_content,content,,content_match_target_pattern,,,,,6071,2026-03-14T12:17:32.868953+00:00,2026-03-13T17:30:33.944486+00:00,b8e5f4f91d2b869a5730ed3b2b5bb7968f0ff6adebbb8a3403ff130ad55a607c,6071,true,true
8,G:\BACKUPS ONLY\clearbox-ai-studio-v2-main backup 1\Conversations\threads\summarizer.py,G:,summarizer.py,.py,source_system,clearbox,target_related_content,content,,content_match_target_pattern,,,,,22020,2026-03-14T12:17:32.886733+00:00,2026-03-13T17:30:33.944486+00:00,1ca8391f629d95a484291ebb304b743ee0d8e11b4129d1e9deec82b85c8569d1,22020,true,true
8,G:\BACKUPS ONLY\clearbox-ai-studio-v2-main backup 1\NVIDIA_venv\Lib\site-packages\six.py,G:,six.py,.py,source_system,clearbox,target_related_content,content,,content_match_target_pattern,,,,,34703,2026-03-14T12:17:38.236472+00:00,2026-03-13T20:00:38.581316+00:00,c51c91f703d3d4b3696c923cb5fec213e05e75d9215393befac7f2fa6a3904df,34703,true,true
8,G:\BACKUPS ONLY\clearbox-ai-studio-v2-main backup 1\NVIDIA_venv\Lib\site-packages\typing_extensions.py,G:,typing_extensions.py,.py,source_system,clearbox,target_related_content,content,,content_match_target_pattern,,,,,160429,2026-03-14T12:17:38.243496+00:00,2026-03-13T19:33:05.668270+00:00,433d11d170d3a24d2eb065ebc1bfe848cea7e3d7ce68567ab52bea2d4c2f7ed8,160429,true,true
8,G:\BACKUPS ONLY\clearbox-ai-studio-v2-main backup 1\observe\router.py,G:,router.py,.py,source_system,clearbox,target_related_content,content,,content_match_target_pattern,,,,,4358,2026-03-14T12:20:00.566138+00:00,2026-03-02T12:04:54.984401+00:00,58ff3530e9d9a906cce22309519aa9de9515fec8a123f4d6e4d5caaf7fa3bc96,4358,true,true
8,G:\BACKUPS ONLY\clearbox-ai-studio-v2-main backup 1\plugins\chat_packs\api\router.py,G:,router.py,.py,source_system,clearbox,target_related_content,content,,content_match_target_pattern,,,,,10591,2026-03-14T12:20:00.615375+00:00,2026-03-02T12:04:55.055300+00:00,75acbb7d4e67d5273486278eb5a1744768b46a42a8aceef894b42f55a04d8328,10591,true,true
8,G:\BACKUPS ONLY\clearbox-ai-studio-v2-main backup 1\plugins\chat_packs\config.py,G:,config.py,.py,source_system,clearbox,target_related_content,content,,content_match_target_pattern,,,,,2078,2026-03-14T12:20:00.615375+00:00,2026-03-02T12:04:55.074944+00:00,64c7a69d7ed173604a8a24db7d27995c7a1231e7ae3676e41f4673eda9389903,2078,true,true
8,G:\BACKUPS ONLY\clearbox-ai-studio-v2-main backup 1\plugins\chat_packs\core\engine.py,G:,engine.py,.py,source_system,clearbox,target_related_content,content,,content_match_target_pattern,,,,,20764,2026-03-14T12:20:00.633557+00:00,2026-03-02T12:04:55.090238+00:00,5e3aa94aeba77185b69434c7b678efce78c43beafc02c5549a9dd77af5de61ac,20764,true,true
8,G:\BACKUPS ONLY\clearbox-ai-studio-v2-main backup 1\plugins\clearbox_ai_social\_bridge.py,G:,_bridge.py,.py,source_system,clearbox,target_related_content,content,,content_match_target_pattern,,,,,5626,2026-03-14T12:20:00.666453+00:00,2026-03-12T19:19:32.230927+00:00,9becce976ad9b6b4cfe17857d4651a697c5241d4ac28d507ccfd7873d5056917,5626,true,true
8,G:\BACKUPS ONLY\clearbox-ai-studio-v2-main backup 1\plugins\clearbox_ai_social\_preview_ui.html,G:,_preview_ui.html,.html,source_or_document,clearbox,target_related_content,content,,content_match_target_pattern,,,,,59188,2026-03-14T12:20:00.669080+00:00,2026-03-12T19:19:32.232943+00:00,ca4a2608227dc7ec7fc5c7db175a284e298cf1ac76dbcd716276cc389a3730c9,59188,true,true
8,G:\BACKUPS ONLY\clearbox-ai-studio-v2-main backup 1\plugins\clearbox_ai_social\api\models.py,G:,models.py,.py,source_system,clearbox,target_related_content,content,,content_match_target_pattern,,,,,3365,2026-03-14T12:20:00.669080+00:00,2026-03-12T19:19:32.233964+00:00,9f395e9e48acc07d4b765aebb576f21ee2c8a032e77eeea615dc148d6f141928,3365,true,true
8,G:\BACKUPS ONLY\clearbox-ai-studio-v2-main backup 1\plugins\clearbox_ai_social\core\engine.py,G:,engine.py,.py,source_system,clearbox,target_related_content,content,,content_match_target_pattern,,,,,23847,2026-03-14T12:20:00.701295+00:00,2026-03-12T19:19:32.235974+00:00,5175f4bb2b5e92579b61e9c8ee67bfd9e82940f3294647e5792cfdd9e2351ddc,23847,true,true
8,G:\BACKUPS ONLY\clearbox-ai-studio-v2-main backup 1\plugins\clearbox_network\auth.py,G:,auth.py,.py,source_system,clearbox,target_related_content,content,,content_match_target_pattern,,,,,2653,2026-03-14T12:20:00.751397+00:00,2026-03-02T12:04:55.135057+00:00,f0395261b7507686ae1341efa5db5ea1f94211951411be978082bd414f7e7f67,2653,true,true
8,G:\BACKUPS ONLY\clearbox-ai-studio-v2-main backup 1\plugins\clearbox_network\client.py,G:,client.py,.py,source_system,clearbox,target_related_content,content,,content_match_target_pattern,,,,,6338,2026-03-14T12:20:00.751397+00:00,2026-03-02T12:04:55.171067+00:00,035e50d91c23558865f796ebf075f59afcf035afb65fb58ddbaed6e06b890b69,6338,true,true
8,G:\BACKUPS ONLY\clearbox-ai-studio-v2-main backup 1\plugins\clearbox_network\config.py,G:,config.py,.py,source_system,clearbox,target_related_content,content,,content_match_target_pattern,,,,,3680,2026-03-14T12:20:00.765347+00:00,2026-03-02T12:04:55.211029+00:00,b6b804f672cfd692ce217d9b1036d9135296f59c244337066e088b8c8e349396,3680,true,true
8,G:\BACKUPS ONLY\clearbox-ai-studio-v2-main backup 1\plugins\clearbox_network\paths.py,G:,paths.py,.py,source_system,clearbox,target_related_content,content,,content_match_target_pattern,,,,,4614,2026-03-14T12:20:00.765347+00:00,2026-03-02T12:04:55.244628+00:00,5e7ac2f093f9199f257047e8d229ad0738ae1a550d47b093da7ed13f83f6d94a,4614,true,true
8,G:\BACKUPS ONLY\clearbox-ai-studio-v2-main backup 1\plugins\clearbox_network\router.py,G:,router.py,.py,source_system,clearbox,target_related_content,content,,content_match_target_pattern,,,,,11736,2026-03-14T12:20:00.765347+00:00,2026-03-02T12:04:55.327959+00:00,49a0b50fc3d4f3573d8eaf17e454ac28aef1cc8a4ad09bf7adcbd0a5936cb386,11736,true,true
8,G:\BACKUPS ONLY\clearbox-ai-studio-v2-main backup 1\plugins\clearbox_network\serve.py,G:,serve.py,.py,source_system,clearbox,target_related_content,content,,content_match_target_pattern,,,,,8637,2026-03-14T12:20:00.765347+00:00,2026-03-02T12:04:55.340515+00:00,64fc90fd486323f51f3fa6800894bfd98759a52c68b340e50f39ded82409de01,8637,true,true
8,G:\BACKUPS ONLY\clearbox-ai-studio-v2-main backup 1\plugins\clearbox_node\api\pairing.py,G:,pairing.py,.py,source_system,clearbox,target_related_content,content,,content_match_target_pattern,,,,,11811,2026-03-14T12:20:00.806896+00:00,2026-03-02T12:04:55.363888+00:00,ee6b31cb62c8644e3f77b735e68fd00501030eb7f99f5fc0f99f4614e30d064d,11811,true,true
8,G:\BACKUPS ONLY\clearbox-ai-studio-v2-main backup 1\plugins\clearbox_node\api\router.py,G:,router.py,.py,source_system,clearbox,target_related_content,content,,content_match_target_pattern,,,,,13631,2026-03-14T12:20:00.806896+00:00,2026-03-02T12:04:55.374372+00:00,13b439f29b6c9a842a13207f505fe1510b3a10d9780e97003b832090f6a150a6,13631,true,true
8,G:\BACKUPS ONLY\clearbox-ai-studio-v2-main backup 1\plugins\clearbox_node\config.py,G:,config.py,.py,source_system,clearbox,target_related_content,content,,content_match_target_pattern,,,,,2405,2026-03-14T12:20:00.797651+00:00,2026-03-02T12:04:55.383183+00:00,b126ab415916323dad9be81d3f685f1897e16e9196bb57fec47e7b5b1348f7e6,2405,true,true
8,G:\BACKUPS ONLY\clearbox-ai-studio-v2-main backup 1\plugins\clearbox_node\core\caps.py,G:,caps.py,.py,source_system,clearbox,target_related_content,content,,content_match_target_pattern,,,,,4792,2026-03-14T12:20:00.815375+00:00,2026-03-12T19:19:32.239011+00:00,bf6d5857ff07fac2cf7184fe635b9c4ab2c4d14ffbca734dc1fc745aaefc2fc6,4792,true,true
8,G:\BACKUPS ONLY\clearbox-ai-studio-v2-main backup 1\plugins\clearbox_node\core\discovery.py,G:,discovery.py,.py,source_system,clearbox,target_related_content,content,,content_match_target_pattern,,,,,7202,2026-03-14T12:20:00.831482+00:00,2026-03-12T19:19:32.240031+00:00,2d3ab815475ea20e76c1a2b6faedff4f51f00c988aa558e16c9d3cc14beb60c2,7202,true,true
8,G:\BACKUPS ONLY\clearbox-ai-studio-v2-main backup 1\plugins\clearbox_node\core\ed25519_auth.py,G:,ed25519_auth.py,.py,source_system,clearbox,target_related_content,content,,content_match_target_pattern,,,,,6705,2026-03-14T12:20:00.832053+00:00,2026-03-02T12:04:55.421671+00:00,1a94bc36d54df76096f003995a1b1ac7f61c5e143602d24558cd3fc30308e410,6705,true,true
8,G:\BACKUPS ONLY\clearbox-ai-studio-v2-main backup 1\plugins\clearbox_node\core\engine.py,G:,engine.py,.py,source_system,clearbox,target_related_content,content,,content_match_target_pattern,,,,,22460,2026-03-14T12:20:00.832053+00:00,2026-03-12T19:19:32.241033+00:00,ee5647975391f4455b92460ebf0ae47417ed62179e473fc2ef5ad51303854af5,22460,true,true
8,G:\BACKUPS ONLY\clearbox-ai-studio-v2-main backup 1\plugins\clearbox_node\core\hmac_auth.py,G:,hmac_auth.py,.py,source_system,clearbox,target_related_content,content,,content_match_target_pattern,,,,,3596,2026-03-14T12:20:00.832053+00:00,2026-03-02T12:04:55.507605+00:00,8010b06faec7693a51eaff593e66a7fbb1a73615ad9d0fb9821422dbbbc64e98,3596,true,true
8,G:\BACKUPS ONLY\clearbox-ai-studio-v2-main backup 1\plugins\clearbox_node\core\usb_detect.py,G:,usb_detect.py,.py,source_system,clearbox,target_related_content,content,,content_match_target_pattern,,,,,5900,2026-03-14T12:20:00.832053+00:00,2026-03-02T12:04:55.564142+00:00,6766ed9714db7fc81f69fb7d36f732f2ebbf0deffaa0f47b6141072372936628,5900,true,true
8,G:\BACKUPS ONLY\clearbox-ai-studio-v2-main backup 1\plugins\clearbox_node\node_daemon.py,G:,node_daemon.py,.py,source_system,clearbox,target_related_content,content,,content_match_target_pattern,,,,,18204,2026-03-14T12:20:00.798760+00:00,2026-03-12T19:19:32.243040+00:00,b7e8860a7d7ab8789a0ea19681e1705949ee2032660a02de81aacdcb3d7c727d,18204,true,true
8,G:\BACKUPS ONLY\clearbox-ai-studio-v2-main backup 1\plugins\genesis_cite\indexer.py,G:,indexer.py,.py,source_system,clearbox,target_related_content,content,,content_match_target_pattern,,,,,8293,2026-03-14T12:20:00.958625+00:00,2026-03-02T12:04:55.854420+00:00,4fa802b7b12d4b8f83ad37a82e9b8c72500b09390fea5881044753efa7c03242,8293,true,true
8,G:\BACKUPS ONLY\clearbox-ai-studio-v2-main backup 1\plugins\help_system\api\router.py,G:,router.py,.py,source_system,clearbox,target_related_content,content,,content_match_target_pattern,,,,,4615,2026-03-14T12:20:01.009604+00:00,2026-03-02T12:04:56.010256+00:00,690ea71975096d8d3338c26c8845152dcf1d2203154eff6ad6eb9b481f62ef93,4615,true,true
8,G:\BACKUPS ONLY\clearbox-ai-studio-v2-main backup 1\plugins\help_system\config.py,G:,config.py,.py,source_system,clearbox,target_related_content,content,,content_match_target_pattern,,,,,1771,2026-03-14T12:20:01.001808+00:00,2026-03-02T12:04:56.022698+00:00,5bbc154ed52c2bcfdd701e6998f90c178e55cf34ad32bc46f2f7764a0e747374,1771,true,true
8,G:\BACKUPS ONLY\clearbox-ai-studio-v2-main backup 1\plugins\help_system\core\engine.py,G:,engine.py,.py,source_system,clearbox,target_related_content,content,,content_match_target_pattern,,,,,4153,2026-03-14T12:20:01.029662+00:00,2026-03-02T12:04:56.055816+00:00,f930e17c663b1f1cd7a99ea62575c266bf08d9d6df97c161ff68dad893a117e3,4153,true,true
8,G:\BACKUPS ONLY\clearbox-ai-studio-v2-main backup 1\plugins\lakespeak\api\router.py,G:,router.py,.py,source_system,clearbox,target_related_content,content,,content_match_target_pattern,,,,,6866,2026-03-14T12:20:01.050136+00:00,2026-03-02T12:04:56.097214+00:00,7f8518f9d7bbdbe311457e9818042a2ada6326cdb27920b26c6f4b0dc38d57d9,6866,true,true
8,G:\BACKUPS ONLY\clearbox-ai-studio-v2-main backup 1\plugins\lakespeak\config.py,G:,config.py,.py,source_system,clearbox,target_related_content,content,,content_match_target_pattern,,,,,2242,2026-03-14T12:20:01.050136+00:00,2026-03-02T12:04:56.109617+00:00,3d30520abb5e28a826f01eae859e8653bd41f0e4ca49221a9bfa72931a3ab680,2242,true,true
8,G:\BACKUPS ONLY\clearbox-ai-studio-v2-main backup 1\plugins\lakespeak\events\eval_harness.py,G:,eval_harness.py,.py,source_system,clearbox,target_related_content,content,,content_match_target_pattern,,,,,10420,2026-03-14T12:20:01.069595+00:00,2026-03-02T12:04:56.124316+00:00,8aacaa7663e18cb49c1a701143daa06e1764035c0a81528de009e93a992d9f57,10420,true,true
8,G:\BACKUPS ONLY\clearbox-ai-studio-v2-main backup 1\plugins\lakespeak\events\hashing.py,G:,hashing.py,.py,source_system,clearbox,target_related_content,content,,content_match_target_pattern,,,,,4933,2026-03-14T12:20:01.069595+00:00,2026-03-02T12:04:56.137213+00:00,b4afa9b925f433546c4b7fa72a1e1178b8a07199761da9ced91a4709320ea377,4933,true,true
8,G:\BACKUPS ONLY\clearbox-ai-studio-v2-main backup 1\plugins\lakespeak\index\anchor_reranker.py,G:,anchor_reranker.py,.py,source_system,clearbox,target_related_content,content,,content_match_target_pattern,,,,,6866,2026-03-14T12:20:01.108923+00:00,2026-03-02T12:04:56.171747+00:00,64170eb6351abd05c1ac7c61211d30fee9f4454dec57a0ea42312af096956b6b,6866,true,true
8,G:\BACKUPS ONLY\clearbox-ai-studio-v2-main backup 1\plugins\lakespeak\index\bm25.py,G:,bm25.py,.py,source_system,clearbox,target_related_content,content,,content_match_target_pattern,,,,,9909,2026-03-14T12:20:01.108923+00:00,2026-03-02T12:04:56.181066+00:00,f8bbfa9912b374e16b5b9ddfd2037371e1e2fa38c592e251188087ee333e0792,9909,true,true
8,G:\BACKUPS ONLY\clearbox-ai-studio-v2-main backup 1\plugins\lakespeak\index\dense.py,G:,dense.py,.py,source_system,clearbox,target_related_content,content,,content_match_target_pattern,,,,,9908,2026-03-14T12:20:01.108923+00:00,2026-03-02T12:04:56.194247+00:00,d15af0738b33dcd6b288a4d9831696a5eea5c1718ac4b1e0a326e36ff94be8e1,9908,true,true
8,G:\BACKUPS ONLY\clearbox-ai-studio-v2-main backup 1\plugins\lakespeak\index\hybrid.py,G:,hybrid.py,.py,source_system,clearbox,target_related_content,content,,content_match_target_pattern,,,,,2977,2026-03-14T12:20:01.115331+00:00,2026-03-02T12:04:56.227166+00:00,a4777faa806094667e7ed27d3e9fca30be768425ec3a89d99977dfe4d7c1952e,2977,true,true
8,G:\BACKUPS ONLY\clearbox-ai-studio-v2-main backup 1\plugins\lakespeak\ingest\pipeline.py,G:,pipeline.py,.py,source_system,clearbox,target_related_content,content,,content_match_target_pattern,,,,,22500,2026-03-14T12:20:01.135986+00:00,2026-03-02T12:04:56.290270+00:00,515650d85f1e0d50a2788eb90792f57ef74b22b6a1a222e111c9e92285b9ce70,22500,true,true
8,G:\BACKUPS ONLY\clearbox-ai-studio-v2-main backup 1\plugins\lakespeak\ingest\receipt.py,G:,receipt.py,.py,source_system,clearbox,target_related_content,content,,content_match_target_pattern,,,,,1619,2026-03-14T12:20:01.137991+00:00,2026-03-02T12:04:56.307565+00:00,fd35ddc3eda7ef66c1735fadca4656e8b790118dd9c53ba92696eb09566883b2,1619,true,true
8,G:\BACKUPS ONLY\clearbox-ai-studio-v2-main backup 1\plugins\lakespeak\retrieval\grounding_policy.py,G:,grounding_policy.py,.py,source_system,clearbox,target_related_content,content,,content_match_target_pattern,,,,,6799,2026-03-14T12:20:01.148593+00:00,2026-03-02T12:04:56.320047+00:00,4cbdb5d958dfca3ec50c1982fa474c75b0a02a919c598bc9986dbb62071bb555,6799,true,true
8,G:\BACKUPS ONLY\clearbox-ai-studio-v2-main backup 1\plugins\lakespeak\retrieval\quality_gate.py,G:,quality_gate.py,.py,source_system,clearbox,target_related_content,content,,content_match_target_pattern,,,,,20654,2026-03-14T12:20:01.148593+00:00,2026-03-02T12:04:56.331378+00:00,3d384dc917348efceaba1dd5890b3d587c65d8495a573bcee6c17bddb06a9bf6,20654,true,true
8,G:\BACKUPS ONLY\clearbox-ai-studio-v2-main backup 1\plugins\lakespeak\retrieval\query.py,G:,query.py,.py,source_system,clearbox,target_related_content,content,,content_match_target_pattern,,,,,30638,2026-03-14T12:20:01.148593+00:00,2026-03-02T12:04:56.343959+00:00,0f9f682cf4d152617c366a8478b648c69588eba933142bc8f9649d39af6792ae,30638,true,true
8,G:\BACKUPS ONLY\clearbox-ai-studio-v2-main backup 1\plugins\lakespeak\schemas.py,G:,schemas.py,.py,source_system,clearbox,target_related_content,content,,content_match_target_pattern,,,,,7928,2026-03-14T12:20:01.050136+00:00,2026-03-02T12:04:56.364830+00:00,155b327c50c0fcf2d9811d40c4fee12cb474b0179268fd74816bb92c9e4a6b1d,7928,true,true
8,G:\BACKUPS ONLY\clearbox-ai-studio-v2-main backup 1\plugins\lakespeak\text\spellcheck.py,G:,spellcheck.py,.py,source_system,clearbox,target_related_content,content,,content_match_target_pattern,,,,,19581,2026-03-14T12:20:01.183823+00:00,2026-03-02T12:04:56.386143+00:00,c54e7964fd98b11c8c970c0e06cbb852a3f147bf3c5336c94107b1a4a8cfc60a,19581,true,true
8,G:\BACKUPS ONLY\clearbox-ai-studio-v2-main backup 1\plugins\openrefine\_bridge.py,G:,_bridge.py,.py,source_system,clearbox,target_related_content,content,,content_match_target_pattern,,,,,5049,2026-03-14T12:20:01.206717+00:00,2026-03-12T19:19:32.246081+00:00,c3797b29afa1ec20e0d44ff3c0cca9024826f72dfaa4bc9caf11fd342e89f6d9,5049,true,true
8,G:\BACKUPS ONLY\clearbox-ai-studio-v2-main backup 1\plugins\openrefine\_preview_ui.html,G:,_preview_ui.html,.html,source_or_document,clearbox,target_related_content,content,,content_match_target_pattern,,,,,67907,2026-03-14T12:20:01.206717+00:00,2026-03-12T19:19:32.248101+00:00,edbb21ebb3fe7b9e54df63f475587a189186e30f281dc3b1bc318fd3f131e920,67907,true,true
8,G:\BACKUPS ONLY\clearbox-ai-studio-v2-main backup 1\plugins\openrefine\api\router.py,G:,router.py,.py,source_system,clearbox,target_related_content,content,,content_match_target_pattern,,,,,11313,2026-03-14T12:20:01.219548+00:00,2026-03-12T19:19:32.250111+00:00,b075694272511c34fd304129421f886710b63f5d4956e0b4736bc8ded657bc10,11313,true,true
8,G:\BACKUPS ONLY\clearbox-ai-studio-v2-main backup 1\plugins\openrefine\config.py,G:,config.py,.py,source_system,clearbox,target_related_content,content,,content_match_target_pattern,,,,,4990,2026-03-14T12:20:01.206717+00:00,2026-03-12T19:19:32.250111+00:00,72ec2548fdebcc4da1bf328acb2cd2bb605cec0d819627513d6f2db909deb20e,4990,true,true
8,G:\BACKUPS ONLY\clearbox-ai-studio-v2-main backup 1\plugins\openrefine\core\engine.py,G:,engine.py,.py,source_system,clearbox,target_related_content,content,,content_match_target_pattern,,,,,18678,2026-03-14T12:20:01.242842+00:00,2026-03-12T19:19:32.251113+00:00,2a26b5baf1c93a262dc263b2e37bdbbb66886b2720ca25996686990ff4c033e1,18678,true,true
8,G:\BACKUPS ONLY\clearbox-ai-studio-v2-main backup 1\plugins\reasoning_engine\engine.py,G:,engine.py,.py,source_system,clearbox,target_related_content,content,,content_match_target_pattern,,,,,29029,2026-03-14T12:20:01.275961+00:00,2026-03-14T12:19:50.672446+00:00,f862cc296d3edfc3ff79de2e0594bdd7317e54afcdb7d5044d928b25d8a433b9,29029,true,true
8,G:\BACKUPS ONLY\clearbox-ai-studio-v2-main backup 1\plugins\system_pulse\_bridge.py,G:,_bridge.py,.py,source_system,clearbox,target_related_content,content,,content_match_target_pattern,,,,,3491,2026-03-14T12:20:01.282014+00:00,2026-03-12T19:19:32.253135+00:00,ded7b6661175cba2685273267fd39e56647bfb016ce112cac117175b75acda37,3491,true,true
8,G:\BACKUPS ONLY\clearbox-ai-studio-v2-main backup 1\plugins\system_pulse\_preview_ui.html,G:,_preview_ui.html,.html,source_or_document,clearbox,target_related_content,content,,content_match_target_pattern,,,,,12851,2026-03-14T12:20:01.282014+00:00,2026-03-12T19:19:32.254185+00:00,615c433abda16b10062d5ac581c19fd0727631df4ec5075dccaf81c60a3932cd,12851,true,true
8,G:\BACKUPS ONLY\clearbox-ai-studio-v2-main backup 1\plugins\system_pulse\api\router.py,G:,router.py,.py,source_system,clearbox,target_related_content,content,,content_match_target_pattern,,,,,1699,2026-03-14T12:20:01.298680+00:00,2026-03-12T19:19:32.255188+00:00,fec939338889ce7b96bbbdc10db2e382006824a56449873af7d4493f3fdea014,1699,true,true
8,G:\BACKUPS ONLY\clearbox-ai-studio-v2-main backup 1\plugins\system_pulse\core\engine.py,G:,engine.py,.py,source_system,clearbox,target_related_content,content,,content_match_target_pattern,,,,,5820,2026-03-14T12:20:01.316751+00:00,2026-03-12T19:19:32.256210+00:00,2a7f1e9deab7b89f31a1c87a9c869a53df1ac5caa94545e9fffca3a6b5804fea,5820,true,true
8,G:\BACKUPS ONLY\clearbox-ai-studio-v2-main backup 1\plugins\winutil\api\router.py,G:,router.py,.py,source_system,clearbox,target_related_content,content,,content_match_target_pattern,,,,,13948,2026-03-14T12:20:01.351788+00:00,2026-03-13T22:03:04.965874+00:00,0f1bd2cb655c3a0d3d355290fa7eb50d5a4f9e42dae770de871a1634286f73c1,13948,true,true
8,G:\BACKUPS ONLY\clearbox-ai-studio-v2-main backup 1\plugins\winutil\tools.py,G:,tools.py,.py,source_system,clearbox,target_related_content,content,,content_match_target_pattern,,,,,20764,2026-03-14T12:20:01.349809+00:00,2026-03-13T22:03:04.966877+00:00,66334a859d34acf8423dbe5fc84ab1fc5a9093f8b996aea51c503dc7683e65c1,20764,true,true
8,G:\BACKUPS ONLY\clearbox-ai-studio-v2-main backup 1\plugins\wolf_engine\api\router.py,G:,router.py,.py,source_system,clearbox,target_related_content,content,,content_match_target_pattern,,,,,11965,2026-03-14T12:20:01.418549+00:00,2026-03-13T22:03:04.969887+00:00,d76bbcf0585d5517dfa907b6a8e58a3501398bb40f65fba1921d06e4c402ceb6,11965,true,true
8,G:\BACKUPS ONLY\clearbox-ai-studio-v2-main backup 1\plugins\wolf_engine\archon\cam_stub.py,G:,cam_stub.py,.py,source_system,clearbox,target_related_content,content,,content_match_target_pattern,,,,,3487,2026-03-14T12:20:01.431886+00:00,2026-03-13T22:03:04.972947+00:00,ba26b90a86532ee2f5a114838422880882fff398ca49ed08e6b1bbf9c0bed729,3487,true,true
8,G:\BACKUPS ONLY\clearbox-ai-studio-v2-main backup 1\plugins\wolf_engine\archon\judge.py,G:,judge.py,.py,source_system,clearbox,target_related_content,content,,content_match_target_pattern,,,,,17281,2026-03-14T12:20:01.431886+00:00,2026-03-13T22:03:04.972947+00:00,e6c06ece718b92aaf9fdcb909e8fa0caab0b364fc34c7bb128907a1162e6c1b8,17281,true,true
8,G:\BACKUPS ONLY\clearbox-ai-studio-v2-main backup 1\plugins\wolf_engine\archon\orchestrator.py,G:,orchestrator.py,.py,source_system,clearbox,target_related_content,content,,content_match_target_pattern,,,,,4359,2026-03-14T12:20:01.431886+00:00,2026-03-13T22:03:04.973953+00:00,2597b3a1439af47ecc0ea8d258f48abb3b157f058da3cf33a948c48e07b5e4ba,4359,true,true
8,G:\BACKUPS ONLY\clearbox-ai-studio-v2-main backup 1\plugins\wolf_engine\archon\verdict.py,G:,verdict.py,.py,source_system,clearbox,target_related_content,content,,content_match_target_pattern,,,,,4607,2026-03-14T12:20:01.431886+00:00,2026-03-13T22:03:04.973953+00:00,c3b324ee6b1b35ed4fd27f06699089bdd82ffa61977896eebaebe3a296d9670b,4607,true,true
8,G:\BACKUPS ONLY\clearbox-ai-studio-v2-main backup 1\plugins\wolf_engine\config.py,G:,config.py,.py,source_system,clearbox,target_related_content,content,,content_match_target_pattern,,,,,3993,2026-03-14T12:20:01.382009+00:00,2026-03-13T22:03:04.973953+00:00,a10096098fc8f2bd0e9be602b833e060bda77c2d639c619ee25a2260ad42e6c1,3993,true,true
8,G:\BACKUPS ONLY\clearbox-ai-studio-v2-main backup 1\plugins\wolf_engine\contracts.py,G:,contracts.py,.py,source_system,clearbox,target_related_content,content,,content_match_target_pattern,,,,,2082,2026-03-14T12:20:01.398603+00:00,2026-03-13T22:03:04.975157+00:00,d7a024a32fcaaa30f2b3480ea5ef0d5b559888258032bd7645916f48cb212d46,2082,true,true
8,G:\BACKUPS ONLY\clearbox-ai-studio-v2-main backup 1\plugins\wolf_engine\core\engine.py,G:,engine.py,.py,source_system,clearbox,target_related_content,content,,content_match_target_pattern,,,,,17684,2026-03-14T12:20:01.466560+00:00,2026-03-13T22:03:04.975475+00:00,587ea39da2a6d067d037da27a9a46a9e14aa26931fb2063b4762400d2e772569,17684,true,true
8,G:\BACKUPS ONLY\clearbox-ai-studio-v2-main backup 1\plugins\wolf_engine\dashboard\app.py,G:,app.py,.py,source_system,clearbox,target_related_content,content,,content_match_target_pattern,,,,,14148,2026-03-14T12:20:01.466560+00:00,2026-03-13T22:03:04.975475+00:00,b8c4be69acf943d59a8f5f2e458ad55055108825b2fd0eebf42578dc1e8f7d7c,14148,true,true
8,G:\BACKUPS ONLY\clearbox-ai-studio-v2-main backup 1\plugins\wolf_engine\dashboard\static\js\dashboard.js,G:,dashboard.js,.js,source_system,clearbox,target_related_content,content,,content_match_target_pattern,,,,,41570,2026-03-14T12:20:01.499694+00:00,2026-03-13T22:03:04.975475+00:00,362519e1ee1996ebe28866386426faa594d3f1407a6eea4b2b6608794eb3a904,41570,true,true
8,G:\BACKUPS ONLY\clearbox-ai-studio-v2-main backup 1\plugins\wolf_engine\dashboard\templates\index.html,G:,index.html,.html,source_or_document,clearbox,target_related_content,content,,content_match_target_pattern,,,,,18164,2026-03-14T12:20:01.499694+00:00,2026-03-13T22:03:04.975475+00:00,9803f0ea7d36d2d4d5d67630d4eef01b6efd734114f31b825511fc3f5c92eba0,18164,true,true
8,G:\BACKUPS ONLY\clearbox-ai-studio-v2-main backup 1\plugins\wolf_engine\dashboard\web.py,G:,web.py,.py,source_system,clearbox,target_related_content,content,,content_match_target_pattern,,,,,6999,2026-03-14T12:20:01.485234+00:00,2026-03-13T22:03:04.975475+00:00,d82fc20f2bee531d107f62470941f9861b0758f4e2f247dac7e460acfd86d72f,6999,true,true
8,G:\BACKUPS ONLY\clearbox-ai-studio-v2-main backup 1\plugins\wolf_engine\evidence\fusion.py,G:,fusion.py,.py,source_system,clearbox,target_related_content,content,,content_match_target_pattern,,,,,4515,2026-03-14T12:20:01.507016+00:00,2026-03-13T22:03:04.975475+00:00,95919698651c6707b998fb528645625a1187a6baf954f259c7cc83ba83b7e7f5,4515,true,true
8,G:\BACKUPS ONLY\clearbox-ai-studio-v2-main backup 1\plugins\wolf_engine\evidence\worker_base.py,G:,worker_base.py,.py,source_system,clearbox,target_related_content,content,,content_match_target_pattern,,,,,4815,2026-03-14T12:20:01.516508+00:00,2026-03-13T22:03:04.975475+00:00,6dda1ff2f651310d0d72077899cfbf1e1e42e0699d0f345c08b01702abc46664,4815,true,true
8,G:\BACKUPS ONLY\clearbox-ai-studio-v2-main backup 1\plugins\wolf_engine\evidence\workers.py,G:,workers.py,.py,source_system,clearbox,target_related_content,content,,content_match_target_pattern,,,,,8732,2026-03-14T12:20:01.516508+00:00,2026-03-13T22:03:04.975475+00:00,04437fb416dd7673814d8c1c3856b1d59fbd46aa8c2ae0d750cbb7eba724a1f4,8732,true,true
8,G:\BACKUPS ONLY\clearbox-ai-studio-v2-main backup 1\plugins\wolf_engine\gnome\gnome_service.py,G:,gnome_service.py,.py,source_system,clearbox,target_related_content,content,,content_match_target_pattern,,,,,3221,2026-03-14T12:20:01.549739+00:00,2026-03-13T22:03:04.975475+00:00,18f9e257cb9a6aacc83d29ad6d2103a2399b97a778a24340146002e5bcae52a4,3221,true,true
8,G:\BACKUPS ONLY\clearbox-ai-studio-v2-main backup 1\plugins\wolf_engine\gpu\device.py,G:,device.py,.py,source_system,clearbox,target_related_content,content,,content_match_target_pattern,,,,,2713,2026-03-14T12:20:01.568151+00:00,2026-03-13T22:03:04.975475+00:00,028f24ccf5c22962580e3b2d3d1e113e478615641ecdb4ddd2430010ff2ce769,2713,true,true
8,G:\BACKUPS ONLY\clearbox-ai-studio-v2-main backup 1\plugins\wolf_engine\gpu\forge_memory_gpu.py,G:,forge_memory_gpu.py,.py,source_system,clearbox,target_related_content,content,,content_match_target_pattern,,,,,5684,2026-03-14T12:20:01.568151+00:00,2026-03-13T22:03:04.975475+00:00,ff13fc3e4adfe7c474be7c5407b265f7f3563e4b6ccb35aef71d820709f254cf,5684,true,true
8,G:\BACKUPS ONLY\clearbox-ai-studio-v2-main backup 1\plugins\wolf_engine\metrics\collector.py,G:,collector.py,.py,source_system,clearbox,target_related_content,content,,content_match_target_pattern,,,,,8502,2026-03-14T12:20:01.583048+00:00,2026-03-13T22:03:04.975475+00:00,f5e6ef3d7f9f215e6638fca2e80318947f3ee0581d0155a5c91a741f10801d7c,8502,true,true
8,G:\BACKUPS ONLY\clearbox-ai-studio-v2-main backup 1\plugins\wolf_engine\metrics\exporter.py,G:,exporter.py,.py,source_system,clearbox,target_related_content,content,,content_match_target_pattern,,,,,8265,2026-03-14T12:20:01.583048+00:00,2026-03-13T22:03:04.975475+00:00,ffda016f1237e086dc49be94d696f492eb538df3325ae474cfeeb46d975e6138,8265,true,true
8,G:\BACKUPS ONLY\clearbox-ai-studio-v2-main backup 1\plugins\wolf_engine\modules\operators\crosshair_lock.py,G:,crosshair_lock.py,.py,source_system,clearbox,target_related_content,content,,content_match_target_pattern,,,,,4381,2026-03-14T12:20:01.618307+00:00,2026-03-13T22:03:04.975475+00:00,dd040e1df07357eb2c07688a94930e55dc54d1e7cae8fed910f74ed17a2ea638,4381,true,true
8,G:\BACKUPS ONLY\clearbox-ai-studio-v2-main backup 1\plugins\wolf_engine\modules\operators\edge_entry.py,G:,edge_entry.py,.py,source_system,clearbox,target_related_content,content,,content_match_target_pattern,,,,,4269,2026-03-14T12:20:01.631928+00:00,2026-03-13T22:03:04.975475+00:00,bad6072e56352a10c2ef6784dc8c5ad69fa6021a6940e7a545c511ccbf9db1d1,4269,true,true
8,G:\BACKUPS ONLY\clearbox-ai-studio-v2-main backup 1\plugins\wolf_engine\modules\operators\eomm_compositor.py,G:,eomm_compositor.py,.py,source_system,clearbox,target_related_content,content,,content_match_target_pattern,,,,,3321,2026-03-14T12:20:01.633029+00:00,2026-03-13T22:03:04.975475+00:00,c6bcc9213a825053145a0b337bb093d0a2070041ad4fb9d74d1e99fb4fb450ad,3321,true,true
8,G:\BACKUPS ONLY\clearbox-ai-studio-v2-main backup 1\plugins\wolf_engine\modules\operators\thermal_hitbox.py,G:,thermal_hitbox.py,.py,source_system,clearbox,target_related_content,content,,content_match_target_pattern,,,,,6658,2026-03-14T12:20:01.633029+00:00,2026-03-13T22:03:04.975475+00:00,3140d8606e43504c17070a24628082f74c34ed421dc50f983bbf16b57f32afbc,6658,true,true
8,G:\BACKUPS ONLY\clearbox-ai-studio-v2-main backup 1\plugins\wolf_engine\modules\registry.py,G:,registry.py,.py,source_system,clearbox,target_related_content,content,,content_match_target_pattern,,,,,9405,2026-03-14T12:20:01.599786+00:00,2026-03-13T22:03:04.989127+00:00,f29bd9140facdb8ede2e0f51eb09a4f054e003497674a23ec1e4ab0b0ca931f9,9405,true,true
8,G:\BACKUPS ONLY\clearbox-ai-studio-v2-main backup 1\plugins\wolf_engine\modules\truevision.py,G:,truevision.py,.py,source_system,clearbox,target_related_content,content,,content_match_target_pattern,,,,,2054,2026-03-14T12:20:01.599786+00:00,2026-03-13T22:03:04.990204+00:00,69bed439edc019bc09775dc4f85ae9495128e896b882c1f29542ccb2c4dd717f,2054,true,true
8,G:\BACKUPS ONLY\clearbox-ai-studio-v2-main backup 1\plugins\wolf_engine\pipeline.py,G:,pipeline.py,.py,source_system,clearbox,target_related_content,content,,content_match_target_pattern,,,,,1918,2026-03-14T12:20:01.403322+00:00,2026-03-13T22:03:04.990204+00:00,0e96bd7fdd0fa4cb1861a3e458ef144ffe7aa1cb4696c5b11b166b1deff5bd89,1918,true,true
8,G:\BACKUPS ONLY\clearbox-ai-studio-v2-main backup 1\plugins\wolf_engine\reasoning\cascade_engine.py,G:,cascade_engine.py,.py,source_system,clearbox,target_related_content,content,,content_match_target_pattern,,,,,6119,2026-03-14T12:20:01.666206+00:00,2026-03-13T22:03:04.991277+00:00,b5fc13e33a998bff34e09323ceee2a913e02266ded2b69423b7c830525bfafba,6119,true,true
8,G:\BACKUPS ONLY\clearbox-ai-studio-v2-main backup 1\plugins\wolf_engine\reasoning\engine.py,G:,engine.py,.py,source_system,clearbox,target_related_content,content,,content_match_target_pattern,,,,,6686,2026-03-14T12:20:01.666206+00:00,2026-03-13T22:03:04.991277+00:00,a37c9e24280a3a801a57131441f0dfb2165935189df3d9e794f666642db52bf8,6686,true,true
8,G:\BACKUPS ONLY\clearbox-ai-studio-v2-main backup 1\plugins\wolf_engine\reasoning\pattern_detector.py,G:,pattern_detector.py,.py,source_system,clearbox,target_related_content,content,,content_match_target_pattern,,,,,7665,2026-03-14T12:20:01.666206+00:00,2026-03-13T22:03:04.991277+00:00,8a14cb23507c36693b4845cef2ae8be297cde2fd82bdc2637ffc3a74d652f9f0,7665,true,true
8,G:\BACKUPS ONLY\clearbox-ai-studio-v2-main backup 1\plugins\wolf_engine\reasoning\reasoning_service.py,G:,reasoning_service.py,.py,source_system,clearbox,target_related_content,content,,content_match_target_pattern,,,,,8031,2026-03-14T12:20:01.666206+00:00,2026-03-13T22:03:04.992375+00:00,2f88ab7acdd68fdec361690caeaf2e8a07fa74443115c9aed79c0984f5785bb4,8031,true,true
8,G:\BACKUPS ONLY\clearbox-ai-studio-v2-main backup 1\plugins\wolf_engine\schemas.py,G:,schemas.py,.py,source_system,clearbox,target_related_content,content,,content_match_target_pattern,,,,,3614,2026-03-14T12:20:01.409844+00:00,2026-03-13T22:03:04.992375+00:00,04585e9b3c3dcb1ca4e12306128345d0410a16aaa204ba0f42575451853747a7,3614,true,true
8,G:\BACKUPS ONLY\clearbox-ai-studio-v2-main backup 1\plugins\wolf_engine\services\forge_service.py,G:,forge_service.py,.py,source_system,clearbox,target_related_content,content,,content_match_target_pattern,,,,,4312,2026-03-14T12:20:01.682956+00:00,2026-03-13T22:03:04.993416+00:00,0407ac1d0ad6db81b235dcad1982424394e9ac237073b16db5d808a6607aede2,4312,true,true
8,G:\BACKUPS ONLY\clearbox-ai-studio-v2-main backup 1\plugins\wolf_engine\services\gateway.py,G:,gateway.py,.py,source_system,clearbox,target_related_content,content,,content_match_target_pattern,,,,,4151,2026-03-14T12:20:01.682956+00:00,2026-03-13T22:03:04.993416+00:00,823de116e302220a8d509533f75c3e7d5d94910dbc881444746c230174e7958b,4151,true,true
8,G:\BACKUPS ONLY\clearbox-ai-studio-v2-main backup 1\plugins\wolf_engine\services\health.py,G:,health.py,.py,source_system,clearbox,target_related_content,content,,content_match_target_pattern,,,,,4153,2026-03-14T12:20:01.698641+00:00,2026-03-13T22:03:04.994470+00:00,90abcb955929052e5fefb7bc660b86407f1cc42986e77a4c76d8a0bbe779ca87,4153,true,true
8,G:\BACKUPS ONLY\clearbox-ai-studio-v2-main backup 1\plugins\wolf_engine\services\perception_service.py,G:,perception_service.py,.py,source_system,clearbox,target_related_content,content,,content_match_target_pattern,,,,,4024,2026-03-14T12:20:01.700752+00:00,2026-03-13T22:03:04.994470+00:00,c0c448e39a9f576e57468619128f7dbc25a5c0fc503e88ea745b36072b9c774e,4024,true,true
8,G:\BACKUPS ONLY\clearbox-ai-studio-v2-main backup 1\plugins\wolf_engine\sql\sqlite_writer.py,G:,sqlite_writer.py,.py,source_system,clearbox,target_related_content,content,,content_match_target_pattern,,,,,9075,2026-03-14T12:20:01.716357+00:00,2026-03-13T22:03:04.995577+00:00,ab6c9c9282da6c07146b9bc1d3bcfceb83d923f07702405ff20f14eaa62f30a7,9075,true,true
8,G:\BACKUPS ONLY\clearbox-ai-studio-v2-main backup 1\plugins\wolf_engine\start.py,G:,start.py,.py,source_system,clearbox,target_related_content,content,,content_match_target_pattern,,,,,4392,2026-03-14T12:20:01.411878+00:00,2026-03-13T22:03:04.995577+00:00,2329eaeef9576111131cce8910c99cf2a35ff9576ffee3ec5a8a5bba4fa0128b,4392,true,true
8,G:\BACKUPS ONLY\clearbox-ai-studio-v2-main backup 1\plugins\wolf_engine\tests\test_api.py,G:,test_api.py,.py,source_system,clearbox,target_related_content,content,,content_match_target_pattern,,,,,18624,2026-03-14T12:20:01.734859+00:00,2026-03-13T22:03:04.996687+00:00,78e40a1beab025f8e3b8844e55975a913222c57ec211f57885e88ed5035a512e,18624,true,true
8,G:\BACKUPS ONLY\clearbox-ai-studio-v2-main backup 1\plugins\wolf_engine\tests\test_archon.py,G:,test_archon.py,.py,source_system,clearbox,target_related_content,content,,content_match_target_pattern,,,,,15379,2026-03-14T12:20:01.734859+00:00,2026-03-13T22:03:04.997804+00:00,72bcd2143bf7cdbb0dd5a5fdcfa69d533dc3af98be60e04667ae7733fca50e41,15379,true,true
8,G:\BACKUPS ONLY\clearbox-ai-studio-v2-main backup 1\plugins\wolf_engine\tests\test_engine.py,G:,test_engine.py,.py,source_system,clearbox,target_related_content,content,,content_match_target_pattern,,,,,3469,2026-03-14T12:20:01.734859+00:00,2026-03-13T22:03:04.997804+00:00,7d027f122533a44dbad088d9d008ab81428b2c7d66bc72a150d8a6a52a0b3463,3469,true,true
8,G:\BACKUPS ONLY\clearbox-ai-studio-v2-main backup 1\plugins\wolf_engine\tests\test_evidence.py,G:,test_evidence.py,.py,source_system,clearbox,target_related_content,content,,content_match_target_pattern,,,,,14069,2026-03-14T12:20:01.734859+00:00,2026-03-13T22:03:04.997804+00:00,5069b2120b5794dcab28c577ad8442e4270f5596295923e98e8747b59e9bdeaf,14069,true,true
8,G:\BACKUPS ONLY\clearbox-ai-studio-v2-main backup 1\plugins\wolf_engine\tests\test_metrics.py,G:,test_metrics.py,.py,source_system,clearbox,target_related_content,content,,content_match_target_pattern,,,,,7273,2026-03-14T12:20:01.734859+00:00,2026-03-13T22:03:04.998906+00:00,9cbcc65e4049214037a316de7aa5e7a24d318f30235c41999cdbcfd69009c70e,7273,true,true
8,G:\BACKUPS ONLY\clearbox-ai-studio-v2-main backup 1\plugins\wolf_engine\tests\test_reasoning.py,G:,test_reasoning.py,.py,source_system,clearbox,target_related_content,content,,content_match_target_pattern,,,,,16166,2026-03-14T12:20:01.749655+00:00,2026-03-13T22:03:04.999974+00:00,eb356cb3c0982d900f80132a6b0964934e5a21ebdc107c4135c0bfea03632c35,16166,true,true
8,G:\BACKUPS ONLY\clearbox-ai-studio-v2-main backup 1\plugins\wolf_engine\tests\test_stress.py,G:,test_stress.py,.py,source_system,clearbox,target_related_content,content,,content_match_target_pattern,,,,,8428,2026-03-14T12:20:01.749655+00:00,2026-03-13T22:03:04.999974+00:00,7e0bdf412199e7b8aff56ebcae0239a94c1da0b29f08634337b5084a6449f757,8428,true,true
8,G:\BACKUPS ONLY\clearbox-ai-studio-v2-main backup 1\scripts\_quarantine\migrate_maps.py,G:,migrate_maps.py,.py,source_system,clearbox,target_related_content,content,,content_match_target_pattern,,,,,4605,2026-03-14T12:20:01.832146+00:00,2026-03-02T12:04:57.584262+00:00,f5266c385fccd5c76fd49a14117862f05cb860e15e20c21322af6c61defe150c,4605,true,true
8,G:\BACKUPS ONLY\clearbox-ai-studio-v2-main backup 1\scripts\citation_server.py,G:,citation_server.py,.py,source_system,clearbox,target_related_content,content,,content_match_target_pattern,,,,,21597,2026-03-14T12:20:01.785288+00:00,2026-03-12T19:19:32.263173+00:00,37ba35937dc52d88a3041b574bf804d27daf42f6c7b4fdef0a648b0e1fec1c38,21597,true,true
8,G:\BACKUPS ONLY\clearbox-ai-studio-v2-main backup 1\scripts\clearbox_install.py,G:,clearbox_install.py,.py,source_system,clearbox,target_related_content,content,,content_match_target_pattern,,,,,73847,2026-03-14T12:20:01.799676+00:00,2026-03-13T17:30:33.960171+00:00,7a126a4a138a060336da000e376254110e3a913049d8a6431d71ef4200ac5e2e,73847,true,true
8,G:\BACKUPS ONLY\clearbox-ai-studio-v2-main backup 1\scripts\clearbox_state.py,G:,clearbox_state.py,.py,source_system,clearbox,target_related_content,content,,content_match_target_pattern,,,,,4291,2026-03-14T12:20:01.799676+00:00,2026-03-02T12:04:57.501460+00:00,e0909e88eecf8102da9ca4805a54843c31440ae83bb0f2ebc876ae04124514c1,4291,true,true
8,G:\BACKUPS ONLY\clearbox-ai-studio-v2-main backup 1\scripts\generate_manual_ui_checklist.py,G:,generate_manual_ui_checklist.py,.py,source_system,clearbox,target_related_content,content,,content_match_target_pattern,,,,,16680,2026-03-14T12:20:01.807316+00:00,2026-03-12T19:19:32.269222+00:00,11a2fb0588016e366e020d8f1252401d8e259f1f62e85c34379d41879e1c0b09,16680,true,true
8,G:\BACKUPS ONLY\clearbox-ai-studio-v2-main backup 1\scripts\local_llm_server.py,G:,local_llm_server.py,.py,source_system,clearbox,target_related_content,content,,content_match_target_pattern,,,,,94271,2026-03-14T12:20:01.815389+00:00,2026-03-12T19:19:32.270780+00:00,7b6fb81cbfd9fc1e20c82739b6b0f0670b3d85a70d30b1da46bd45dec639a4f0,94271,true,true
8,G:\BACKUPS ONLY\clearbox-ai-studio-v2-main backup 1\security\action_ledger.py,G:,action_ledger.py,.py,source_system,clearbox,target_related_content,content,,content_match_target_pattern,,,,,1474,2026-03-14T12:20:01.882920+00:00,2026-03-02T12:04:57.642156+00:00,9948d40528f1ce2cfed372abd5adad6c35e47e54a67317c524e9e857ccbca5a2,1474,true,true
8,G:\BACKUPS ONLY\clearbox-ai-studio-v2-main backup 1\security\auth.py,G:,auth.py,.py,source_system,clearbox,target_related_content,content,,content_match_target_pattern,,,,,13663,2026-03-14T12:20:01.882920+00:00,2026-03-12T19:19:32.272334+00:00,17b83c08aa475086ce8a4dc2b158dbbeec1492693c0d282b88c563d79c0b033b,13663,true,true
8,G:\BACKUPS ONLY\clearbox-ai-studio-v2-main backup 1\security\data_paths.py,G:,data_paths.py,.py,source_system,clearbox,target_related_content,content,,content_match_target_pattern,,,,,8548,2026-03-14T12:20:01.882920+00:00,2026-03-13T17:31:19.854314+00:00,c1d673c814550eb32d23bbb065e0ce4128a26159d1850c67b587036cc78801e3,8548,true,true
8,G:\BACKUPS ONLY\clearbox-ai-studio-v2-main backup 1\security\directory_law.py,G:,directory_law.py,.py,source_system,clearbox,target_related_content,content,,content_match_target_pattern,,,,,8152,2026-03-14T12:20:01.882920+00:00,2026-03-13T22:03:05.002133+00:00,a653d534fd496cbff2e41cf0056497c413ad04639b76f913647d901a9cf7e290,8152,true,true
8,G:\BACKUPS ONLY\clearbox-ai-studio-v2-main backup 1\security\gateway.py,G:,gateway.py,.py,source_system,clearbox,target_related_content,content,,content_match_target_pattern,,,,,36227,2026-03-14T12:20:01.882920+00:00,2026-03-13T22:03:05.003227+00:00,fe644164c3601fccabdb7e8c464eed94d33084afb2874ca1782b9539e8e5f6ee,36227,true,true
8,G:\BACKUPS ONLY\clearbox-ai-studio-v2-main backup 1\security\middleware.py,G:,middleware.py,.py,source_system,clearbox,target_related_content,content,,content_match_target_pattern,,,,,6015,2026-03-14T12:20:01.882920+00:00,2026-03-02T12:04:57.725596+00:00,8b3901bec11366dc446164448db88a818adc24e74666f9a513e83aa1b2fb4341,6015,true,true
8,G:\BACKUPS ONLY\clearbox-ai-studio-v2-main backup 1\security\migrate.py,G:,migrate.py,.py,source_system,clearbox,target_related_content,content,,content_match_target_pattern,,,,,5731,2026-03-14T12:20:01.882920+00:00,2026-03-02T12:04:57.733605+00:00,46c04fe085c6946303421381b78a82b98420cc1cfe6a7cd6fa41e873423b24ed,5731,true,true
8,G:\BACKUPS ONLY\clearbox-ai-studio-v2-main backup 1\security\network.py,G:,network.py,.py,source_system,clearbox,target_related_content,content,,content_match_target_pattern,,,,,3367,2026-03-14T12:20:01.882920+00:00,2026-03-02T12:04:57.742328+00:00,1b2351b57617393677fe49d592c704f1dc805d912516ddaeb3995f5dde3788d3,3367,true,true
8,G:\BACKUPS ONLY\clearbox-ai-studio-v2-main backup 1\security\storage_layout.py,G:,storage_layout.py,.py,source_system,clearbox,target_related_content,content,,content_match_target_pattern,,,,,13990,2026-03-14T12:20:01.901480+00:00,2026-03-02T12:04:57.798590+00:00,8942b59f3833e559927284bf795872b13ec12da903e8f1e9765a88eb4a48c7a1,13990,true,true
8,G:\BACKUPS ONLY\clearbox-ai-studio-v2-main backup 1\security\tls.py,G:,tls.py,.py,source_system,clearbox,target_related_content,content,,content_match_target_pattern,,,,,7236,2026-03-14T12:20:01.907312+00:00,2026-03-02T12:04:57.807503+00:00,e8ece9221dfe510ca069492d92360fdcb49eb321e7246cb4bf4e9b4673e54848,7236,true,true
8,G:\BACKUPS ONLY\clearbox-ai-studio-v2-main backup 1\security\tool_telemetry.py,G:,tool_telemetry.py,.py,source_system,clearbox,target_related_content,content,,content_match_target_pattern,,,,,3874,2026-03-14T12:20:01.907312+00:00,2026-03-02T12:04:57.822848+00:00,df581d72a6461e2ce4423f4e098654e67069c1adac1055dbe4142cc15730c4bb,3874,true,true
8,G:\BACKUPS ONLY\clearbox-ai-studio-v2-main backup 1\tests\smoke\masher.py,G:,masher.py,.py,source_system,clearbox,target_related_content,content,,content_match_target_pattern,,,,,25490,2026-03-14T12:20:02.081852+00:00,2026-03-13T17:30:33.975850+00:00,fdf6b038d7aa30d033d89a8f330d5c5d598215c25d6bfa48da6c481b65b97152,25490,true,true
8,G:\BACKUPS ONLY\clearbox-ai-studio-v2-main backup 1\tests\smoke\run.py,G:,run.py,.py,source_system,clearbox,target_related_content,content,,content_match_target_pattern,,,,,25542,2026-03-14T12:20:02.082874+00:00,2026-03-12T19:19:32.277635+00:00,cbd1359e7a40a59f7ed49a4d922a7b80f20097d9d8f86e8618c122a4a8caa44e,25542,true,true
8,G:\BACKUPS ONLY\clearbox-ai-studio-v2-main backup 1\tests\smoke\witness.py,G:,witness.py,.py,source_system,clearbox,target_related_content,content,,content_match_target_pattern,,,,,20971,2026-03-14T12:20:02.082874+00:00,2026-03-12T19:19:32.278703+00:00,8cf2a1b0c4f56e236ea8316f3883e7ee5d0b34b2fd778730706e37678dc307cb,20971,true,true
8,G:\BACKUPS ONLY\clearbox-ai-studio-v2-main backup 1\tests\test_danger_gate_full_circle.py,G:,test_danger_gate_full_circle.py,.py,source_system,clearbox,target_related_content,content,,content_match_target_pattern,,,,,13018,2026-03-14T12:20:01.987585+00:00,2026-03-02T12:04:58.702639+00:00,6fadd2553b8f0e48952689a981e24c1ab7fe651e8eb22d63c854778dc88c19fe,13018,true,true
8,G:\BACKUPS ONLY\clearbox-ai-studio-v2-main backup 1\tests\test_intake_direct.py,G:,test_intake_direct.py,.py,source_system,clearbox,target_related_content,content,,content_match_target_pattern,,,,,5160,2026-03-14T12:20:01.999680+00:00,2026-03-02T12:04:58.745985+00:00,cbbb461e0226c6b89de503abe2e2706c9fb1977cf58795e2444aab9ba4a78cc5,5160,true,true
8,G:\BACKUPS ONLY\clearbox-ai-studio-v2-main backup 1\tests\test_wolf_redteam.py,G:,test_wolf_redteam.py,.py,source_system,clearbox,target_related_content,content,,content_match_target_pattern,,,,,27688,2026-03-14T12:20:02.016710+00:00,2026-03-02T12:04:58.829742+00:00,593917d0a24b90d1e868887dbb0acf2504990d0e43947b9e37d2b6d2c89bc934,27688,true,true
8,G:\BACKUPS ONLY\clearbox-ai-studio-v2-main backup 1\tests\test_wolf_wiring.py,G:,test_wolf_wiring.py,.py,source_system,clearbox,target_related_content,content,,content_match_target_pattern,,,,,12550,2026-03-14T12:20:02.016710+00:00,2026-03-02T12:04:58.833604+00:00,19ae784e63016b95c58c9e08ac1ca493592d6971ef22b4b6602d9568aeec8fe6,12550,true,true
8,G:\BACKUPS ONLY\clearbox-ai-studio-v2-main backup 1\tests\wolf_engine\test_api.py,G:,test_api.py,.py,source_system,clearbox,target_related_content,content,,content_match_target_pattern,,,,,18134,2026-03-14T12:20:06.351872+00:00,2026-03-02T12:04:58.868490+00:00,fc6fae22f6a0658e624e10d861855c0ee4f0845e1a3ab29b6b6553891019c6a0,18134,true,true
8,G:\BACKUPS ONLY\clearbox-ai-studio-v2-main backup 1\tests\wolf_engine\test_archon.py,G:,test_archon.py,.py,source_system,clearbox,target_related_content,content,,content_match_target_pattern,,,,,14973,2026-03-14T12:20:06.351872+00:00,2026-03-02T12:04:58.877874+00:00,a2788c0d13aff3a5f6e1f320406916cefb9ba5dda20141b6a8e2ce016c77260e,14973,true,true
8,G:\BACKUPS ONLY\clearbox-ai-studio-v2-main backup 1\tests\wolf_engine\test_engine.py,G:,test_engine.py,.py,source_system,clearbox,target_related_content,content,,content_match_target_pattern,,,,,3374,2026-03-14T12:20:06.366226+00:00,2026-03-02T12:04:58.883631+00:00,05e5702c12c524a6050c160b8da8b5a9c91743457cec55355dcec0846b4c6efb,3374,true,true
8,G:\BACKUPS ONLY\clearbox-ai-studio-v2-main backup 1\tests\wolf_engine\test_evidence.py,G:,test_evidence.py,.py,source_system,clearbox,target_related_content,content,,content_match_target_pattern,,,,,13689,2026-03-14T12:20:06.367229+00:00,2026-03-02T12:04:58.883631+00:00,907545651cc2109abd3135618b864ccec27479a18fea97b0c6fac942adfa9e9f,13689,true,true
8,G:\BACKUPS ONLY\clearbox-ai-studio-v2-main backup 1\tests\wolf_engine\test_metrics.py,G:,test_metrics.py,.py,source_system,clearbox,target_related_content,content,,content_match_target_pattern,,,,,7073,2026-03-14T12:20:06.368100+00:00,2026-03-02T12:04:58.901819+00:00,633e0df0da56b64b32835f280545c4b0b6416516965c5685e95e881d95934a42,7073,true,true
8,G:\BACKUPS ONLY\clearbox-ai-studio-v2-main backup 1\tests\wolf_engine\test_reasoning.py,G:,test_reasoning.py,.py,source_system,clearbox,target_related_content,content,,content_match_target_pattern,,,,,15729,2026-03-14T12:20:06.368100+00:00,2026-03-02T12:04:58.901819+00:00,238e2952ef92ff6f00be73ec29c5a1d1074f08be083c75b4798955255256baa4,15729,true,true
8,G:\BACKUPS ONLY\clearbox-ai-studio-v2-main backup 1\tests\wolf_engine\test_stress.py,G:,test_stress.py,.py,source_system,clearbox,target_related_content,content,,content_match_target_pattern,,,,,8208,2026-03-14T12:20:06.368100+00:00,2026-03-02T12:04:58.934185+00:00,4a8b0050267f00a08ffd2c8b001988f89a8f0eee14bb4e028772939cf5063452,8208,true,true
8,G:\BACKUPS ONLY\clearbox-ai-studio-v2-main backup 1\tools\diagnostic\probes\api_smoke.py,G:,api_smoke.py,.py,source_system,clearbox,target_related_content,content,,content_match_target_pattern,,,,,22742,2026-03-14T12:20:06.549679+00:00,2026-03-13T17:30:33.975850+00:00,d817810d5544bb3e3e14efc5bee6234f6d60c93201b2411cc0eaa3c7f4e6d2fd,22742,true,true
8,G:\BACKUPS ONLY\clearbox-ai-studio-v2-main backup 1\tools\diagnostic\probes\base.py,G:,base.py,.py,source_system,clearbox,target_related_content,content,,content_match_target_pattern,,,,,1860,2026-03-14T12:20:06.549679+00:00,2026-03-02T12:04:59.054148+00:00,51e087c2df9fa076825051445cc662b6b51d2ae47362943bd6eca2ce24b22137,1860,true,true
8,G:\BACKUPS ONLY\clearbox-ai-studio-v2-main backup 1\tools\diagnostic\probes\observe_sensors.py,G:,observe_sensors.py,.py,source_system,clearbox,target_related_content,content,,content_match_target_pattern,,,,,3754,2026-03-14T12:20:06.568285+00:00,2026-03-02T12:04:59.108763+00:00,6e1c44b60d96c8a61dcae282c5243bb218a3ef9dea0105b1093dc7e02e0ef591,3754,true,true
8,G:\BACKUPS ONLY\clearbox-ai-studio-v2-main backup 1\tools\diagnostic\runner.py,G:,runner.py,.py,source_system,clearbox,target_related_content,content,,content_match_target_pattern,,,,,14320,2026-03-14T12:20:06.549679+00:00,2026-03-02T12:04:59.147778+00:00,45da156348978995e91bcd1918613f3a52470b2ceda63ac5d78ba50726924305,14320,true,true
8,G:\BACKUPS ONLY\clearbox-ai-studio-v2-main backup 1\tools\diagnostic\schema.py,G:,schema.py,.py,source_system,clearbox,target_related_content,content,,content_match_target_pattern,,,,,4754,2026-03-14T12:20:06.549679+00:00,2026-03-02T12:04:59.159086+00:00,20d52d8cab6856200422c11a5c92ee8e8a049821983ec93e5dc4d7f8e45b5b6d,4754,true,true
8,G:\BACKUPS ONLY\clearbox-ai-studio-v2-main backup 1\tools\lexicon\analyze_unmapped_tokens.py,G:,analyze_unmapped_tokens.py,.py,source_system,clearbox,target_related_content,content,,content_match_target_pattern,,,,,14135,2026-03-14T12:20:06.651389+00:00,2026-03-02T14:24:37.751749+00:00,03539df032ccd396ce38621a0940419a6e965b75d243618c05b853a1baa685f2,14135,true,true
8,G:\BACKUPS ONLY\clearbox-ai-studio-v2-main backup 1\tools\lexicon\enrich_lexicon.py,G:,enrich_lexicon.py,.py,source_system,clearbox,target_related_content,content,,content_match_target_pattern,,,,,21913,2026-03-14T12:20:06.651389+00:00,2026-03-02T12:21:25.130297+00:00,8c4ed2cb72d6cd3e6b88a9e9bef73448b7ed9e890f2dfde0aff30c8cf87ce937,21913,true,true
8,G:\BACKUPS ONLY\clearbox-ai-studio-v2-main backup 1\tools\lexicon\rebuild_lexicon.py,G:,rebuild_lexicon.py,.py,source_system,clearbox,target_related_content,content,,content_match_target_pattern,,,,,10045,2026-03-14T12:20:06.651389+00:00,2026-03-02T12:04:59.338402+00:00,03a17c89610d4b1480df2ee42d505bdeca19f44d27eed8e3f28db7b90a5d0964,10045,true,true
8,G:\BACKUPS ONLY\clearbox-ai-studio-v2-main backup 1\tools\lexicon\validate_lexicon_schema.py,G:,validate_lexicon_schema.py,.py,source_system,clearbox,target_related_content,content,,content_match_target_pattern,,,,,2683,2026-03-14T12:20:06.666293+00:00,2026-03-02T12:04:59.357137+00:00,3ffbfc65c8a9fc94311fdd06394c1e3321695ba8e57cc3b53a471d76b254c8ab,2683,true,true
8,G:\BACKUPS ONLY\clearbox-ai-studio-v2-main backup 1\ui\clearbox_ai_production.html,G:,clearbox_ai_production.html,.html,source_or_document,clearbox,target_related_content,content,,content_match_target_pattern,,,,,214734,2026-03-14T12:20:06.766378+00:00,2026-03-13T22:03:05.005443+00:00,3dd6488f8421267421d06aa6f48d51820222f51f62a03beac9090891d6b7af8b,214734,true,true
8,G:\BACKUPS ONLY\clearbox-ai-studio-v2-main backup 1\ui\js\console.js,G:,console.js,.js,source_system,clearbox,target_related_content,content,,content_match_target_pattern,,,,,312487,2026-03-14T12:20:07.101686+00:00,2026-03-13T17:30:33.975850+00:00,cba68f2a0726257424a8d4f46663db1355d3e110be0d344a867860e3ae312aef,312487,true,true
8,G:\BACKUPS ONLY\clearbox-ai-studio-v2-main backup 1\ui\js\core.js,G:,core.js,.js,source_system,clearbox,target_related_content,content,,content_match_target_pattern,,,,,42788,2026-03-14T12:20:07.112236+00:00,2026-03-13T22:03:05.006448+00:00,d49519b4de2dff648bc73ee3339e85f74311a46a2b2d63fdbd1a1c7a204a1db5,42788,true,true
8,G:\BACKUPS ONLY\clearbox-ai-studio-v2-main backup 1\ui\js\panel-identity.js,G:,panel-identity.js,.js,source_system,clearbox,target_related_content,content,,content_match_target_pattern,,,,,12828,2026-03-14T12:20:07.119846+00:00,2026-03-12T19:19:32.292872+00:00,1d2a653372ca0d5d7f5df115424a49cc050688554c5858b9efc1a9e194796d0f,12828,true,true
8,G:\BACKUPS ONLY\clearbox-ai-studio-v2-main backup 1\ui\js\panel-plugins.js,G:,panel-plugins.js,.js,source_system,clearbox,target_related_content,content,,content_match_target_pattern,,,,,30205,2026-03-14T12:20:07.152239+00:00,2026-03-12T19:19:32.294442+00:00,ed73502c90da009710e20cc7492dd56dc41288e5a0bac89aadaf781191f591f7,30205,true,true
8,G:\BACKUPS ONLY\clearbox-ai-studio-v2-main backup 1\ui\js\panel-routing.js,G:,panel-routing.js,.js,source_system,clearbox,target_related_content,content,,content_match_target_pattern,,,,,14470,2026-03-14T12:20:07.153243+00:00,2026-03-02T12:04:59.753111+00:00,d39f65945fec32ac79f5db8cd9439bc3fbecc7af8e1d4db25822ad720ad1ee2f,14470,true,true
8,G:\BACKUPS ONLY\clearbox-ai-studio-v2-main backup 1\ui\vendor\chart.umd.min.js,G:,chart.umd.min.js,.js,source_system,clearbox,target_related_content,content,,content_match_target_pattern,,,,,205889,2026-03-14T12:20:07.168309+00:00,2026-03-02T12:04:59.833694+00:00,206b6e8bb00fc7bba2c7ee80ca41db3e9e05ba7be0aa35abeba9cfd5357f5d0e,205889,true,true
8,G:\BACKUPS ONLY\clearbox-ai-studio-v2-main\bridges\clearbox_bridge.py,G:,clearbox_bridge.py,.py,source_system,clearbox,target_related_content,content,,content_match_target_pattern,,,,,67347,2026-03-15T12:09:33.644841+00:00,2026-03-14T21:18:54.551831+00:00,04a08ceedadf705c825d8bbbc6f8296c8fe756dbf88c9532757d5e04889920e0,67347,true,true
8,G:\BACKUPS ONLY\clearbox-ai-studio-v2-main\bridges\clearbox_bridge_server.py,G:,clearbox_bridge_server.py,.py,source_system,clearbox,target_related_content,content,,content_match_target_pattern,,,,,16511,2026-03-15T12:09:33.644841+00:00,2026-03-15T11:18:54.049727+00:00,823f8fc44c0560c43469d106d04f8fe56d6ba5d365beb02c862b40a3aae3fc51,16511,true,true
8,G:\BACKUPS ONLY\clearbox-ai-studio-v2-main\bridges\clearbox_gpu.py,G:,clearbox_gpu.py,.py,source_system,clearbox,target_related_content,content,,content_match_target_pattern,,,,,6574,2026-03-15T12:09:33.644841+00:00,2026-03-02T12:04:52.885162+00:00,e1a12ecf823e2c831af19c909fd8ae9a62fc9cb8c6658ccdf6749f3d67cef55c,6574,true,true
8,G:\BACKUPS ONLY\clearbox-ai-studio-v2-main\bridges\governed_io.py,G:,governed_io.py,.py,source_system,clearbox,target_related_content,content,,content_match_target_pattern,,,,,11395,2026-03-15T12:09:33.644841+00:00,2026-03-02T12:04:52.888511+00:00,94f4c94f3f84dd4490029c465af231067fc1540b038b4bc184703b860fe15bc0,11395,true,true
8,G:\BACKUPS ONLY\clearbox-ai-studio-v2-main\bridges\helpers.py,G:,helpers.py,.py,source_system,clearbox,target_related_content,content,,content_match_target_pattern,,,,,14931,2026-03-15T12:09:33.644841+00:00,2026-03-13T17:30:33.960171+00:00,a6f536f379f01330db57f4e43aca55b8524daad03d0a459121ca48448ff2e49d,14931,true,true
8,G:\BACKUPS ONLY\clearbox-ai-studio-v2-main\bridges\plugin_hooks.py,G:,plugin_hooks.py,.py,source_system,clearbox,target_related_content,content,,content_match_target_pattern,,,,,2893,2026-03-15T12:09:33.644841+00:00,2026-03-02T12:04:52.901183+00:00,9654d5d526023a284e389753948747e0363142596f28eb843cdcf3bd6f8920ca,2893,true,true
8,G:\BACKUPS ONLY\clearbox-ai-studio-v2-main\bridges\routers\config.py,G:,config.py,.py,source_system,clearbox,target_related_content,content,,content_match_target_pattern,,,,,17902,2026-03-15T12:09:33.660791+00:00,2026-03-14T21:18:54.551831+00:00,e966bdac2e1c6528eee04210f57bf3d694211801370aad88e9eb4b9ff73f457f,17902,true,true
8,G:\BACKUPS ONLY\clearbox-ai-studio-v2-main\bridges\routers\control.py,G:,control.py,.py,source_system,clearbox,target_related_content,content,,content_match_target_pattern,,,,,5600,2026-03-15T12:09:33.660791+00:00,2026-03-03T16:31:08.623639+00:00,68de757877182e750ff2ac8ac10b927aa3d245d517cbcc6963cd2e708040d917,5600,true,true
8,G:\BACKUPS ONLY\clearbox-ai-studio-v2-main\bridges\routers\memory.py,G:,memory.py,.py,source_system,clearbox,target_related_content,content,,content_match_target_pattern,,,,,12368,2026-03-15T12:09:33.660791+00:00,2026-03-14T21:18:54.551831+00:00,1a98da5c00d8b313c74d0a61baa06480866c1bc6bdf6aa7a7f992fafe7e6a061,12368,true,true
8,G:\BACKUPS ONLY\clearbox-ai-studio-v2-main\bridges\services\ai_briefs.py,G:,ai_briefs.py,.py,source_system,clearbox,target_related_content,content,,content_match_target_pattern,,,,,7182,2026-03-15T12:09:33.690742+00:00,2026-03-03T15:23:51.142448+00:00,e05403c92fda78f64cbc865cdbed1d4e6fc8616b83158e7362088ec357efa423,7182,true,true
8,G:\BACKUPS ONLY\clearbox-ai-studio-v2-main\bridges\services\chain_executor.py,G:,chain_executor.py,.py,source_system,clearbox,target_related_content,content,,content_match_target_pattern,,,,,35753,2026-03-15T12:09:33.704238+00:00,2026-03-14T21:18:54.551831+00:00,84f85689e0e0c20d08f0acb7b6d1ee50512c1375de044e6f30ab448c8dc8a7a3,35753,true,true
8,G:\BACKUPS ONLY\clearbox-ai-studio-v2-main\bridges\services\control_tools.py,G:,control_tools.py,.py,source_system,clearbox,target_related_content,content,,content_match_target_pattern,,,,,4667,2026-03-15T12:09:33.711236+00:00,2026-03-03T15:24:31.746739+00:00,fe13b271ce9da48d67bb02bad312e6258f8f3794005d592b4e3519a2dd31437d,4667,true,true
8,G:\BACKUPS ONLY\clearbox-ai-studio-v2-main\bridges\services\documap_ingestion.py,G:,documap_ingestion.py,.py,source_system,clearbox,target_related_content,content,,content_match_target_pattern,,,,,11026,2026-03-15T12:09:33.714244+00:00,2026-03-14T21:18:54.562598+00:00,65db2db56ff36f8a6ff97069fb1146c1bebc169e011bd0a7c491633f156e720f,11026,true,true
8,G:\BACKUPS ONLY\clearbox-ai-studio-v2-main\bridges\services\history_queue.py,G:,history_queue.py,.py,source_system,clearbox,target_related,filename_or_path,history,,,,,,1418,2026-03-15T12:09:33.719722+00:00,2026-03-03T15:24:39.094566+00:00,888191c9fde0cd0563a27c1d2624ef259a18927fa03fbfedd790ca2465d06a8f,1418,true,true
8,G:\BACKUPS ONLY\clearbox-ai-studio-v2-main\bridges\services\inference.py,G:,inference.py,.py,source_system,clearbox,target_related_content,content,,content_match_target_pattern,,,,,15634,2026-03-15T12:09:33.720756+00:00,2026-03-14T21:18:54.562598+00:00,3af64e372774aa42a6eafeb37aa37abd6f6b0c0e422bc23c320fafa5480b7904,15634,true,true
8,G:\BACKUPS ONLY\clearbox-ai-studio-v2-main\bridges\services\llm_chat_service.py,G:,llm_chat_service.py,.py,source_system,clearbox,target_related_content,content,,content_match_target_pattern,,,,,19680,2026-03-15T12:09:33.721758+00:00,2026-03-14T21:18:54.566789+00:00,a16e3f3dca1a31be847fc80172bbc15531f99e993e34c1e14c216a7401c18a94,19680,true,true
8,G:\BACKUPS ONLY\clearbox-ai-studio-v2-main\bridges\services\plugin_runtime.py,G:,plugin_runtime.py,.py,source_system,clearbox,target_related_content,content,,content_match_target_pattern,,,,,7040,2026-03-15T12:09:33.737644+00:00,2026-03-03T16:34:23.977635+00:00,3f2f432704ebbe84124db119f1f1f730a557006a870e3cb5294e76ad230011f0,7040,true,true
8,G:\BACKUPS ONLY\clearbox-ai-studio-v2-main\bridges\services\reasoning_service.py,G:,reasoning_service.py,.py,source_system,clearbox,target_related_content,content,,content_match_target_pattern,,,,,2647,2026-03-15T12:09:33.741472+00:00,2026-03-14T22:08:21.901728+00:00,68af7490dae23ab78a373ac77007ab6e45b95b06d77ee38b1131d3017d867919,2647,true,true
8,G:\BACKUPS ONLY\clearbox-ai-studio-v2-main\bridges\state.py,G:,state.py,.py,source_system,clearbox,target_related_content,content,,content_match_target_pattern,,,,,11061,2026-03-15T12:09:33.644841+00:00,2026-03-15T01:02:24.244473+00:00,b025e496b33b3f6c7a7f1800b1b915e1bc1eddfcf80cfcadc220d4857cefc308,11061,true,true
8,G:\BACKUPS ONLY\clearbox-ai-studio-v2-main\bridges\tool_defs.py,G:,tool_defs.py,.py,source_system,clearbox,target_related_content,content,,content_match_target_pattern,,,,,37051,2026-03-15T12:09:33.644841+00:00,2026-03-15T10:38:50.692050+00:00,225b4af13564227ff563697970848295910229e6bc8f6c783f175124ca0a37e7,37051,true,true
8,G:\BACKUPS ONLY\clearbox-ai-studio-v2-main\bridges\ws_manager.py,G:,ws_manager.py,.py,source_system,clearbox,target_related_content,content,,content_match_target_pattern,,,,,1536,2026-03-15T12:09:33.660791+00:00,2026-03-02T22:56:45.953739+00:00,733554f0b33f2ecf2881ac9cd3cbb1f73b64057b1f01b563011e8c43a3997785,1536,true,true
8,G:\BACKUPS ONLY\clearbox-ai-studio-v2-main\Conversations\citations\citation_intake.py,G:,citation_intake.py,.py,source_system,clearbox,target_related_content,content,,content_match_target_pattern,,,,,10269,2026-03-15T12:09:34.750990+00:00,2026-03-12T19:19:32.203218+00:00,039bf6ddfcb8b16427b1d76d44ccd9a947f489df951daa2a35dab3f0d6362236,10269,true,true
8,G:\BACKUPS ONLY\clearbox-ai-studio-v2-main\Conversations\threads\__init__.py,G:,__init__.py,.py,source_system,clearbox,target_related_content,content,,content_match_target_pattern,,,,,923,2026-03-15T12:09:34.805077+00:00,2026-03-14T21:18:48.071496+00:00,d6868125eb34d283bb255c6bc41778b6403268a0a4f450b475095979a9de266e,923,true,true
8,G:\BACKUPS ONLY\clearbox-ai-studio-v2-main\Conversations\threads\chat_ingest.py,G:,chat_ingest.py,.py,source_system,clearbox,target_related_content,content,,content_match_target_pattern,,,,,6527,2026-03-15T12:09:34.767043+00:00,2026-03-14T21:18:48.071496+00:00,e2fc9bc9ab067e117588ac0fdd5347c6b5829e1d9c22663b72e4f2b6eb14a99a,6527,true,true
8,G:\BACKUPS ONLY\clearbox-ai-studio-v2-main\Conversations\threads\citations.py,G:,citations.py,.py,source_system,clearbox,target_related_content,content,,content_match_target_pattern,,,,,10223,2026-03-15T12:09:34.767043+00:00,2026-03-02T12:04:52.946694+00:00,e4f78319b4eebb51ac8533bad0944d08752e1f5ed907997481bc983042e9d45f,10223,true,true
8,G:\BACKUPS ONLY\clearbox-ai-studio-v2-main\Conversations\threads\lessons.py,G:,lessons.py,.py,source_system,clearbox,target_related_content,content,,content_match_target_pattern,,,,,8260,2026-03-15T12:09:34.783153+00:00,2026-03-12T19:19:32.205473+00:00,c07bc911ed743547ad435eca6365cee08f2d9e48c9a9b0eca716945e86cafebf,8260,true,true
8,G:\BACKUPS ONLY\clearbox-ai-studio-v2-main\Conversations\threads\models.py,G:,models.py,.py,source_system,clearbox,target_related_content,content,,content_match_target_pattern,,,,,6052,2026-03-15T12:09:34.805077+00:00,2026-03-15T01:08:00.053932+00:00,c4bbf7ae8dad1d0498d2e5ba252418ff5d59c26a35c761cd257cb1a8ebc1494f,6052,true,true
8,G:\BACKUPS ONLY\clearbox-ai-studio-v2-main\Conversations\threads\summarizer.py,G:,summarizer.py,.py,source_system,clearbox,target_related_content,content,,content_match_target_pattern,,,,,22020,2026-03-15T12:09:34.805077+00:00,2026-03-13T17:30:33.944486+00:00,1ca8391f629d95a484291ebb304b743ee0d8e11b4129d1e9deec82b85c8569d1,22020,true,true
8,G:\BACKUPS ONLY\clearbox-ai-studio-v2-main\core\chat_packs\api\router.py,G:,router.py,.py,source_system,clearbox,target_related_content,content,,content_match_target_pattern,,,,,10852,2026-03-15T12:09:34.852773+00:00,2026-03-15T11:18:54.050123+00:00,78b51f06e3c7a4f2a774f4caad13f5dd069cf3db7f66a1e172ce2dff8807186a,10852,true,true
8,G:\BACKUPS ONLY\clearbox-ai-studio-v2-main\core\chat_packs\config.py,G:,config.py,.py,source_system,clearbox,target_related_content,content,,content_match_target_pattern,,,,,2078,2026-03-15T12:09:34.852773+00:00,2026-03-02T12:04:55.074944+00:00,64c7a69d7ed173604a8a24db7d27995c7a1231e7ae3676e41f4673eda9389903,2078,true,true
8,G:\BACKUPS ONLY\clearbox-ai-studio-v2-main\core\chat_packs\core\engine.py,G:,engine.py,.py,source_system,clearbox,target_related_content,content,,content_match_target_pattern,,,,,21307,2026-03-15T12:09:34.871660+00:00,2026-03-15T11:18:54.050123+00:00,873d56077df2834238cf8972de5723115566ca9a1488ca73538d3106ee6e0379,21307,true,true
8,G:\BACKUPS ONLY\clearbox-ai-studio-v2-main\core\clearbox_network\auth.py,G:,auth.py,.py,source_system,clearbox,target_related_content,content,,content_match_target_pattern,,,,,2653,2026-03-15T12:09:34.888358+00:00,2026-03-02T12:04:55.135057+00:00,f0395261b7507686ae1341efa5db5ea1f94211951411be978082bd414f7e7f67,2653,true,true
8,G:\BACKUPS ONLY\clearbox-ai-studio-v2-main\core\clearbox_network\client.py,G:,client.py,.py,source_system,clearbox,target_related_content,content,,content_match_target_pattern,,,,,6338,2026-03-15T12:09:34.888358+00:00,2026-03-02T12:04:55.171067+00:00,035e50d91c23558865f796ebf075f59afcf035afb65fb58ddbaed6e06b890b69,6338,true,true
8,G:\BACKUPS ONLY\clearbox-ai-studio-v2-main\core\clearbox_network\config.py,G:,config.py,.py,source_system,clearbox,target_related_content,content,,content_match_target_pattern,,,,,3677,2026-03-15T12:09:34.888358+00:00,2026-03-14T21:28:24.847117+00:00,28b9e5b71eb76b1c695367ab7d58f2fa5440bae94b432c7420c82ecdd1ba6b3a,3677,true,true
8,G:\BACKUPS ONLY\clearbox-ai-studio-v2-main\core\clearbox_network\paths.py,G:,paths.py,.py,source_system,clearbox,target_related_content,content,,content_match_target_pattern,,,,,4614,2026-03-15T12:09:34.888358+00:00,2026-03-02T12:04:55.244628+00:00,5e7ac2f093f9199f257047e8d229ad0738ae1a550d47b093da7ed13f83f6d94a,4614,true,true
8,G:\BACKUPS ONLY\clearbox-ai-studio-v2-main\core\clearbox_network\router.py,G:,router.py,.py,source_system,clearbox,target_related_content,content,,content_match_target_pattern,,,,,11743,2026-03-15T12:09:34.904470+00:00,2026-03-14T21:34:59.427021+00:00,0e9a32f0d82969221afc14d40c961e7ea09ad42f55800bcad12be3b2e2e84cf6,11743,true,true
8,G:\BACKUPS ONLY\clearbox-ai-studio-v2-main\core\clearbox_network\serve.py,G:,serve.py,.py,source_system,clearbox,target_related_content,content,,content_match_target_pattern,,,,,8637,2026-03-15T12:09:34.904470+00:00,2026-03-02T12:04:55.340515+00:00,64fc90fd486323f51f3fa6800894bfd98759a52c68b340e50f39ded82409de01,8637,true,true
8,G:\BACKUPS ONLY\clearbox-ai-studio-v2-main\core\clearbox_node\api\pairing.py,G:,pairing.py,.py,source_system,clearbox,target_related_content,content,,content_match_target_pattern,,,,,11765,2026-03-15T12:09:34.938410+00:00,2026-03-14T21:28:24.845095+00:00,6c61591977c10fdee79323b0ee3aeba2504126d95523b8af591f9807481087d2,11765,true,true
8,G:\BACKUPS ONLY\clearbox-ai-studio-v2-main\core\clearbox_node\api\router.py,G:,router.py,.py,source_system,clearbox,target_related_content,content,,content_match_target_pattern,,,,,15309,2026-03-15T12:09:34.938410+00:00,2026-03-14T21:28:24.846105+00:00,39b9855d65e9f9465ccf144db8e9ce89bd17c276af5dbeba632aec3bedbdd7be,15309,true,true
8,G:\BACKUPS ONLY\clearbox-ai-studio-v2-main\core\clearbox_node\config.py,G:,config.py,.py,source_system,clearbox,target_related_content,content,,content_match_target_pattern,,,,,2405,2026-03-15T12:09:34.920199+00:00,2026-03-02T12:04:55.383183+00:00,b126ab415916323dad9be81d3f685f1897e16e9196bb57fec47e7b5b1348f7e6,2405,true,true
8,G:\BACKUPS ONLY\clearbox-ai-studio-v2-main\core\clearbox_node\core\caps.py,G:,caps.py,.py,source_system,clearbox,target_related_content,content,,content_match_target_pattern,,,,,4792,2026-03-15T12:09:34.954130+00:00,2026-03-12T19:19:32.239011+00:00,bf6d5857ff07fac2cf7184fe635b9c4ab2c4d14ffbca734dc1fc745aaefc2fc6,4792,true,true
8,G:\BACKUPS ONLY\clearbox-ai-studio-v2-main\core\clearbox_node\core\discovery.py,G:,discovery.py,.py,source_system,clearbox,target_related_content,content,,content_match_target_pattern,,,,,7202,2026-03-15T12:09:34.954130+00:00,2026-03-12T19:19:32.240031+00:00,2d3ab815475ea20e76c1a2b6faedff4f51f00c988aa558e16c9d3cc14beb60c2,7202,true,true
8,G:\BACKUPS ONLY\clearbox-ai-studio-v2-main\core\clearbox_node\core\ed25519_auth.py,G:,ed25519_auth.py,.py,source_system,clearbox,target_related_content,content,,content_match_target_pattern,,,,,6705,2026-03-15T12:09:34.954130+00:00,2026-03-02T12:04:55.421671+00:00,1a94bc36d54df76096f003995a1b1ac7f61c5e143602d24558cd3fc30308e410,6705,true,true
8,G:\BACKUPS ONLY\clearbox-ai-studio-v2-main\core\clearbox_node\core\engine.py,G:,engine.py,.py,source_system,clearbox,target_related_content,content,,content_match_target_pattern,,,,,22384,2026-03-15T12:09:34.954130+00:00,2026-03-14T21:28:24.846105+00:00,6f625f21366ab3770f01d213b5c31cf2fffb8ad6f32103adb0b9246b70784930,22384,true,true
8,G:\BACKUPS ONLY\clearbox-ai-studio-v2-main\core\clearbox_node\core\hmac_auth.py,G:,hmac_auth.py,.py,source_system,clearbox,target_related_content,content,,content_match_target_pattern,,,,,3596,2026-03-15T12:09:34.954130+00:00,2026-03-02T12:04:55.507605+00:00,8010b06faec7693a51eaff593e66a7fbb1a73615ad9d0fb9821422dbbbc64e98,3596,true,true
8,G:\BACKUPS ONLY\clearbox-ai-studio-v2-main\core\clearbox_node\core\usb_detect.py,G:,usb_detect.py,.py,source_system,clearbox,target_related_content,content,,content_match_target_pattern,,,,,5900,2026-03-15T12:09:34.970183+00:00,2026-03-02T12:04:55.564142+00:00,6766ed9714db7fc81f69fb7d36f732f2ebbf0deffaa0f47b6141072372936628,5900,true,true
8,G:\BACKUPS ONLY\clearbox-ai-studio-v2-main\core\clearbox_node\node_daemon.py,G:,node_daemon.py,.py,source_system,clearbox,target_related_content,content,,content_match_target_pattern,,,,,18157,2026-03-15T12:09:34.920199+00:00,2026-03-14T21:28:24.847117+00:00,1e645945e60ab009335e3dd6321a5fdf8cb312d4fed625f076ce417b9756bad1,18157,true,true
8,G:\BACKUPS ONLY\clearbox-ai-studio-v2-main\core\help_system\api\router.py,G:,router.py,.py,source_system,clearbox,target_related_content,content,,content_match_target_pattern,,,,,4749,2026-03-15T12:09:35.017299+00:00,2026-03-15T11:18:54.050123+00:00,b512ed71f6dee6111de03dc1da881fbae55adc317e0f35d8eee8ddb6b4308369,4749,true,true
8,G:\BACKUPS ONLY\clearbox-ai-studio-v2-main\core\help_system\config.py,G:,config.py,.py,source_system,clearbox,target_related_content,content,,content_match_target_pattern,,,,,1771,2026-03-15T12:09:35.017299+00:00,2026-03-02T12:04:56.022698+00:00,5bbc154ed52c2bcfdd701e6998f90c178e55cf34ad32bc46f2f7764a0e747374,1771,true,true
8,G:\BACKUPS ONLY\clearbox-ai-studio-v2-main\core\help_system\core\engine.py,G:,engine.py,.py,source_system,clearbox,target_related_content,content,,content_match_target_pattern,,,,,4528,2026-03-15T12:09:35.038354+00:00,2026-03-15T11:59:13.069588+00:00,6fb21d2e5e5819111e31f7abe1d423d96aa735140c17f085f7f1bccd81d69d14,4528,true,true
8,G:\BACKUPS ONLY\clearbox-ai-studio-v2-main\core\lakespeak\api\router.py,G:,router.py,.py,source_system,clearbox,target_related_content,content,,content_match_target_pattern,,,,,7195,2026-03-15T12:09:35.072529+00:00,2026-03-14T21:18:54.574812+00:00,df1b16cbe5dd10b5d38ad80bf8c3ccc4daf6f07a67029fd9d27060bdf31fc5c6,7195,true,true
8,G:\BACKUPS ONLY\clearbox-ai-studio-v2-main\core\lakespeak\config.py,G:,config.py,.py,source_system,clearbox,target_related_content,content,,content_match_target_pattern,,,,,2305,2026-03-15T12:09:35.055852+00:00,2026-03-14T21:18:54.574812+00:00,ef5040d031d8492d6a8f42ed7c1b68a1e755510ba222d9263438c9c6d634c1e8,2305,true,true
8,G:\BACKUPS ONLY\clearbox-ai-studio-v2-main\core\lakespeak\events\eval_harness.py,G:,eval_harness.py,.py,source_system,clearbox,target_related_content,content,,content_match_target_pattern,,,,,10676,2026-03-15T12:09:35.089181+00:00,2026-03-14T21:18:54.575814+00:00,1a4f515dfe4b35f2796ff5e3c036375d6f7e35af6e2ea4407bcfc70617ffd8b4,10676,true,true
8,G:\BACKUPS ONLY\clearbox-ai-studio-v2-main\core\lakespeak\events\hashing.py,G:,hashing.py,.py,source_system,clearbox,target_related_content,content,,content_match_target_pattern,,,,,5073,2026-03-15T12:09:35.089181+00:00,2026-03-14T21:18:54.575814+00:00,719ab6adde648a709d4a73bbde7fe98da892317e900cf491f58a8665bdf2e966,5073,true,true
8,G:\BACKUPS ONLY\clearbox-ai-studio-v2-main\core\lakespeak\index\anchor_reranker.py,G:,anchor_reranker.py,.py,source_system,clearbox,target_related_content,content,,content_match_target_pattern,,,,,7090,2026-03-15T12:09:35.106501+00:00,2026-03-14T21:18:54.577819+00:00,c04574f61cc2486b9aa36af7e1f2ab4486cbf4c5335d75e0a766984f0126885a,7090,true,true
8,G:\BACKUPS ONLY\clearbox-ai-studio-v2-main\core\lakespeak\index\bm25.py,G:,bm25.py,.py,source_system,clearbox,target_related_content,content,,content_match_target_pattern,,,,,11683,2026-03-15T12:09:35.106501+00:00,2026-03-14T21:18:54.577819+00:00,8f95b680c532e4b826beec601984726b7ac5c59427dd121230478688a39a1c4b,11683,true,true
8,G:\BACKUPS ONLY\clearbox-ai-studio-v2-main\core\lakespeak\index\dense.py,G:,dense.py,.py,source_system,clearbox,target_related_content,content,,content_match_target_pattern,,,,,11573,2026-03-15T12:09:35.106501+00:00,2026-03-14T21:18:54.577819+00:00,11ce3cbd678eea6d1eefbd0af6f38a5ba2ea867c36c506b6d2e0bd3a5a825624,11573,true,true
8,G:\BACKUPS ONLY\clearbox-ai-studio-v2-main\core\lakespeak\index\hybrid.py,G:,hybrid.py,.py,source_system,clearbox,target_related_content,content,,content_match_target_pattern,,,,,3219,2026-03-15T12:09:35.106501+00:00,2026-03-14T21:18:54.578821+00:00,a318bb6716aad93c45586045003d390f575569ba84ff9a0ec25934149a758b6a,3219,true,true
8,G:\BACKUPS ONLY\clearbox-ai-studio-v2-main\core\lakespeak\ingest\pipeline.py,G:,pipeline.py,.py,source_system,clearbox,target_related_content,content,,content_match_target_pattern,,,,,24134,2026-03-15T12:09:35.137406+00:00,2026-03-14T21:18:54.579824+00:00,aea5e7db47b0e3fd9278b426c490562d9dc70b8bfa23454b88ade43ebfeebf32,24134,true,true
8,G:\BACKUPS ONLY\clearbox-ai-studio-v2-main\core\lakespeak\ingest\receipt.py,G:,receipt.py,.py,source_system,clearbox,target_related_content,content,,content_match_target_pattern,,,,,1775,2026-03-15T12:09:35.137406+00:00,2026-03-14T21:18:54.579824+00:00,bbce7306fb12baa29c8c98f7ab68c8db5376ea1a5c564ca230157435c8c42541,1775,true,true
8,G:\BACKUPS ONLY\clearbox-ai-studio-v2-main\core\lakespeak\retrieval\grounding_policy.py,G:,grounding_policy.py,.py,source_system,clearbox,target_related_content,content,,content_match_target_pattern,,,,,6947,2026-03-15T12:09:35.155190+00:00,2026-03-14T21:18:54.579824+00:00,dc750cfbfa4dae37b46e07399d10009c38c5c58619fe2466050987931ecea60b,6947,true,true
8,G:\BACKUPS ONLY\clearbox-ai-studio-v2-main\core\lakespeak\retrieval\quality_gate.py,G:,quality_gate.py,.py,source_system,clearbox,target_related_content,content,,content_match_target_pattern,,,,,21163,2026-03-15T12:09:35.155190+00:00,2026-03-14T21:18:54.580826+00:00,b37fbb5d1754a95709a8894fed7b58bb2a1553754b0e15916961e447691c6d38,21163,true,true
8,G:\BACKUPS ONLY\clearbox-ai-studio-v2-main\core\lakespeak\retrieval\query.py,G:,query.py,.py,source_system,clearbox,target_related_content,content,,content_match_target_pattern,,,,,32251,2026-03-15T12:09:35.155190+00:00,2026-03-14T21:18:54.581828+00:00,e8431fb76f64705721ca2e703d8eb092fa90ba385efc88854d9d875848545e0d,32251,true,true
8,G:\BACKUPS ONLY\clearbox-ai-studio-v2-main\core\lakespeak\schemas.py,G:,schemas.py,.py,source_system,clearbox,target_related_content,content,,content_match_target_pattern,,,,,8396,2026-03-15T12:09:35.055852+00:00,2026-03-14T21:18:54.581828+00:00,f8670082e3b4f85a4a5c72b1614dd89a26bc442340715c289a06036fea9e8987,8396,true,true
8,G:\BACKUPS ONLY\clearbox-ai-studio-v2-main\core\lakespeak\text\spellcheck.py,G:,spellcheck.py,.py,source_system,clearbox,target_related_content,content,,content_match_target_pattern,,,,,20079,2026-03-15T12:09:35.182900+00:00,2026-03-14T21:18:54.583877+00:00,779cd27df88b001f4303e0fe258071a04b07f08d98438ccee8c5ac216857fd9b,20079,true,true
8,G:\BACKUPS ONLY\clearbox-ai-studio-v2-main\core\observe\router.py,G:,router.py,.py,source_system,clearbox,target_related_content,content,,content_match_target_pattern,,,,,4383,2026-03-15T12:09:35.203589+00:00,2026-03-15T10:38:50.685730+00:00,da87d9895ce15b90542a037c6ce775f04ac059d251bfc83cef5b8a34b6b77cf9,4383,true,true
8,G:\BACKUPS ONLY\clearbox-ai-studio-v2-main\core\reasoning_engine\engine.py,G:,engine.py,.py,source_system,clearbox,target_related_content,content,,content_match_target_pattern,,,,,29970,2026-03-15T12:09:35.235308+00:00,2026-03-14T22:07:38.097794+00:00,3c1270dd68efc5c196b2ba086de6635a4cc360d55255e00c676d4b28f0244031,29970,true,true
8,G:\BACKUPS ONLY\clearbox-ai-studio-v2-main\core\system_pulse\_bridge.py,G:,_bridge.py,.py,source_system,clearbox,target_related_content,content,,content_match_target_pattern,,,,,3473,2026-03-15T12:09:35.252806+00:00,2026-03-14T21:28:24.847117+00:00,b57be3069648a51b021d2d5ca60c78a047af4606a4f538c76a349073927d297e,3473,true,true
8,G:\BACKUPS ONLY\clearbox-ai-studio-v2-main\core\system_pulse\_preview_ui.html,G:,_preview_ui.html,.html,source_or_document,clearbox,target_related_content,content,,content_match_target_pattern,,,,,12851,2026-03-15T12:09:35.252806+00:00,2026-03-12T19:19:32.254185+00:00,615c433abda16b10062d5ac581c19fd0727631df4ec5075dccaf81c60a3932cd,12851,true,true
8,G:\BACKUPS ONLY\clearbox-ai-studio-v2-main\core\system_pulse\api\router.py,G:,router.py,.py,source_system,clearbox,target_related_content,content,,content_match_target_pattern,,,,,1662,2026-03-15T12:09:35.267232+00:00,2026-03-14T21:34:59.427021+00:00,de3c3b9b854d0b3c6e3015de7f84ff1917eff30740977f446db2e88b44df67d2,1662,true,true
8,G:\BACKUPS ONLY\clearbox-ai-studio-v2-main\core\system_pulse\core\engine.py,G:,engine.py,.py,source_system,clearbox,target_related_content,content,,content_match_target_pattern,,,,,5820,2026-03-15T12:09:35.295870+00:00,2026-03-12T19:19:32.256210+00:00,2a7f1e9deab7b89f31a1c87a9c869a53df1ac5caa94545e9fffca3a6b5804fea,5820,true,true
8,G:\BACKUPS ONLY\clearbox-ai-studio-v2-main\NVIDIA_venv\Lib\site-packages\six.py,G:,six.py,.py,source_system,clearbox,target_related_content,content,,content_match_target_pattern,,,,,34703,2026-03-15T12:09:38.188420+00:00,2026-03-13T20:00:38.581316+00:00,c51c91f703d3d4b3696c923cb5fec213e05e75d9215393befac7f2fa6a3904df,34703,true,true
8,G:\BACKUPS ONLY\clearbox-ai-studio-v2-main\NVIDIA_venv\Lib\site-packages\typing_extensions.py,G:,typing_extensions.py,.py,source_system,clearbox,target_related_content,content,,content_match_target_pattern,,,,,160429,2026-03-15T12:09:38.188420+00:00,2026-03-13T19:33:05.668270+00:00,433d11d170d3a24d2eb065ebc1bfe848cea7e3d7ce68567ab52bea2d4c2f7ed8,160429,true,true
8,G:\BACKUPS ONLY\clearbox-ai-studio-v2-main\plugins\clearbox_ai_social\_bridge.py,G:,_bridge.py,.py,source_system,clearbox,target_related_content,content,,content_match_target_pattern,,,,,5626,2026-03-15T12:11:42.043483+00:00,2026-03-12T19:19:32.230927+00:00,9becce976ad9b6b4cfe17857d4651a697c5241d4ac28d507ccfd7873d5056917,5626,true,true
8,G:\BACKUPS ONLY\clearbox-ai-studio-v2-main\plugins\clearbox_ai_social\_preview_ui.html,G:,_preview_ui.html,.html,source_or_document,clearbox,target_related_content,content,,content_match_target_pattern,,,,,59188,2026-03-15T12:11:42.043483+00:00,2026-03-12T19:19:32.232943+00:00,ca4a2608227dc7ec7fc5c7db175a284e298cf1ac76dbcd716276cc389a3730c9,59188,true,true
8,G:\BACKUPS ONLY\clearbox-ai-studio-v2-main\plugins\clearbox_ai_social\api\models.py,G:,models.py,.py,source_system,clearbox,target_related_content,content,,content_match_target_pattern,,,,,3365,2026-03-15T12:11:42.059140+00:00,2026-03-12T19:19:32.233964+00:00,9f395e9e48acc07d4b765aebb576f21ee2c8a032e77eeea615dc148d6f141928,3365,true,true
8,G:\BACKUPS ONLY\clearbox-ai-studio-v2-main\plugins\clearbox_ai_social\core\engine.py,G:,engine.py,.py,source_system,clearbox,target_related_content,content,,content_match_target_pattern,,,,,23847,2026-03-15T12:11:42.082211+00:00,2026-03-12T19:19:32.235974+00:00,5175f4bb2b5e92579b61e9c8ee67bfd9e82940f3294647e5792cfdd9e2351ddc,23847,true,true
8,G:\BACKUPS ONLY\clearbox-ai-studio-v2-main\plugins\genesis_cite\indexer.py,G:,indexer.py,.py,source_system,clearbox,target_related_content,content,,content_match_target_pattern,,,,,8293,2026-03-15T12:11:42.147034+00:00,2026-03-02T12:04:55.854420+00:00,4fa802b7b12d4b8f83ad37a82e9b8c72500b09390fea5881044753efa7c03242,8293,true,true
8,G:\BACKUPS ONLY\clearbox-ai-studio-v2-main\plugins\openrefine\_bridge.py,G:,_bridge.py,.py,source_system,clearbox,target_related_content,content,,content_match_target_pattern,,,,,5049,2026-03-15T12:11:42.198310+00:00,2026-03-12T19:19:32.246081+00:00,c3797b29afa1ec20e0d44ff3c0cca9024826f72dfaa4bc9caf11fd342e89f6d9,5049,true,true
8,G:\BACKUPS ONLY\clearbox-ai-studio-v2-main\plugins\openrefine\_preview_ui.html,G:,_preview_ui.html,.html,source_or_document,clearbox,target_related_content,content,,content_match_target_pattern,,,,,67907,2026-03-15T12:11:42.198310+00:00,2026-03-12T19:19:32.248101+00:00,edbb21ebb3fe7b9e54df63f475587a189186e30f281dc3b1bc318fd3f131e920,67907,true,true
8,G:\BACKUPS ONLY\clearbox-ai-studio-v2-main\plugins\openrefine\api\router.py,G:,router.py,.py,source_system,clearbox,target_related_content,content,,content_match_target_pattern,,,,,11313,2026-03-15T12:11:42.198310+00:00,2026-03-12T19:19:32.250111+00:00,b075694272511c34fd304129421f886710b63f5d4956e0b4736bc8ded657bc10,11313,true,true
8,G:\BACKUPS ONLY\clearbox-ai-studio-v2-main\plugins\openrefine\config.py,G:,config.py,.py,source_system,clearbox,target_related_content,content,,content_match_target_pattern,,,,,4990,2026-03-15T12:11:42.198310+00:00,2026-03-12T19:19:32.250111+00:00,72ec2548fdebcc4da1bf328acb2cd2bb605cec0d819627513d6f2db909deb20e,4990,true,true
8,G:\BACKUPS ONLY\clearbox-ai-studio-v2-main\plugins\openrefine\core\engine.py,G:,engine.py,.py,source_system,clearbox,target_related_content,content,,content_match_target_pattern,,,,,18678,2026-03-15T12:11:42.230305+00:00,2026-03-12T19:19:32.251113+00:00,2a26b5baf1c93a262dc263b2e37bdbbb66886b2720ca25996686990ff4c033e1,18678,true,true
8,G:\BACKUPS ONLY\clearbox-ai-studio-v2-main\plugins\winutil\api\router.py,G:,router.py,.py,source_system,clearbox,target_related_content,content,,content_match_target_pattern,,,,,13948,2026-03-15T12:11:42.277772+00:00,2026-03-13T22:03:04.965874+00:00,0f1bd2cb655c3a0d3d355290fa7eb50d5a4f9e42dae770de871a1634286f73c1,13948,true,true
8,G:\BACKUPS ONLY\clearbox-ai-studio-v2-main\plugins\winutil\tools.py,G:,tools.py,.py,source_system,clearbox,target_related_content,content,,content_match_target_pattern,,,,,20764,2026-03-15T12:11:42.262030+00:00,2026-03-13T22:03:04.966877+00:00,66334a859d34acf8423dbe5fc84ab1fc5a9093f8b996aea51c503dc7683e65c1,20764,true,true
8,G:\BACKUPS ONLY\clearbox-ai-studio-v2-main\scripts\_quarantine\migrate_maps.py,G:,migrate_maps.py,.py,source_system,clearbox,target_related_content,content,,content_match_target_pattern,,,,,4605,2026-03-15T12:11:42.432659+00:00,2026-03-02T12:04:57.584262+00:00,f5266c385fccd5c76fd49a14117862f05cb860e15e20c21322af6c61defe150c,4605,true,true
8,G:\BACKUPS ONLY\clearbox-ai-studio-v2-main\scripts\citation_server.py,G:,citation_server.py,.py,source_system,clearbox,target_related_content,content,,content_match_target_pattern,,,,,21597,2026-03-15T12:11:42.372851+00:00,2026-03-14T21:18:54.718334+00:00,37ba35937dc52d88a3041b574bf804d27daf42f6c7b4fdef0a648b0e1fec1c38,21597,true,true
8,G:\BACKUPS ONLY\clearbox-ai-studio-v2-main\scripts\clearbox_install.py,G:,clearbox_install.py,.py,source_system,clearbox,target_related_content,content,,content_match_target_pattern,,,,,73649,2026-03-15T12:11:42.372851+00:00,2026-03-15T11:18:54.050123+00:00,595752fda9c6d4df0652c8ad7f92855a83674049e779acea3106c8a0c165c4e2,73649,true,true
8,G:\BACKUPS ONLY\clearbox-ai-studio-v2-main\scripts\clearbox_state.py,G:,clearbox_state.py,.py,source_system,clearbox,target_related_content,content,,content_match_target_pattern,,,,,4291,2026-03-15T12:11:42.372851+00:00,2026-03-02T12:04:57.501460+00:00,e0909e88eecf8102da9ca4805a54843c31440ae83bb0f2ebc876ae04124514c1,4291,true,true
8,G:\BACKUPS ONLY\clearbox-ai-studio-v2-main\scripts\generate_manual_ui_checklist.py,G:,generate_manual_ui_checklist.py,.py,source_system,clearbox,target_related_content,content,,content_match_target_pattern,,,,,16680,2026-03-15T12:11:42.388609+00:00,2026-03-12T19:19:32.269222+00:00,11a2fb0588016e366e020d8f1252401d8e259f1f62e85c34379d41879e1c0b09,16680,true,true
8,G:\BACKUPS ONLY\clearbox-ai-studio-v2-main\scripts\local_llm_server.py,G:,local_llm_server.py,.py,source_system,clearbox,target_related_content,content,,content_match_target_pattern,,,,,94276,2026-03-15T12:11:42.404475+00:00,2026-03-14T21:18:54.718334+00:00,b3b876913e67dc530ac3032bb98120915757be2f619737036b50f3bcaa6719ac,94276,true,true
8,G:\BACKUPS ONLY\clearbox-ai-studio-v2-main\security\action_ledger.py,G:,action_ledger.py,.py,source_system,clearbox,target_related_content,content,,content_match_target_pattern,,,,,1474,2026-03-15T12:11:42.566034+00:00,2026-03-02T12:04:57.642156+00:00,9948d40528f1ce2cfed372abd5adad6c35e47e54a67317c524e9e857ccbca5a2,1474,true,true
8,G:\BACKUPS ONLY\clearbox-ai-studio-v2-main\security\auth.py,G:,auth.py,.py,source_system,clearbox,target_related_content,content,,content_match_target_pattern,,,,,13663,2026-03-15T12:11:42.566034+00:00,2026-03-12T19:19:32.272334+00:00,17b83c08aa475086ce8a4dc2b158dbbeec1492693c0d282b88c563d79c0b033b,13663,true,true
8,G:\BACKUPS ONLY\clearbox-ai-studio-v2-main\security\data_paths.py,G:,data_paths.py,.py,source_system,clearbox,target_related_content,content,,content_match_target_pattern,,,,,8443,2026-03-15T12:11:42.582196+00:00,2026-03-15T01:03:02.126521+00:00,7dd4a9226e5915d3e8ae0a87759f4529164fb9fc4de948f2a63b67598fa2e18f,8443,true,true
8,G:\BACKUPS ONLY\clearbox-ai-studio-v2-main\security\directory_law.py,G:,directory_law.py,.py,source_system,clearbox,target_related_content,content,,content_match_target_pattern,,,,,7813,2026-03-15T12:11:42.582196+00:00,2026-03-15T01:03:02.126521+00:00,3ef927a2bdbd2000456c25d4055cd68c10bd74a5bcfaad208c9fa036f20b5830,7813,true,true
8,G:\BACKUPS ONLY\clearbox-ai-studio-v2-main\security\gateway.py,G:,gateway.py,.py,source_system,clearbox,target_related_content,content,,content_match_target_pattern,,,,,35343,2026-03-15T12:11:42.582196+00:00,2026-03-15T01:03:02.127525+00:00,2770aacdabd95e1914be1353db0a12ced2e6674cbbd363c8bf4b287513318d0f,35343,true,true
8,G:\BACKUPS ONLY\clearbox-ai-studio-v2-main\security\middleware.py,G:,middleware.py,.py,source_system,clearbox,target_related_content,content,,content_match_target_pattern,,,,,6015,2026-03-15T12:11:42.598104+00:00,2026-03-02T12:04:57.725596+00:00,8b3901bec11366dc446164448db88a818adc24e74666f9a513e83aa1b2fb4341,6015,true,true
8,G:\BACKUPS ONLY\clearbox-ai-studio-v2-main\security\migrate.py,G:,migrate.py,.py,source_system,clearbox,target_related_content,content,,content_match_target_pattern,,,,,5731,2026-03-15T12:11:42.598104+00:00,2026-03-02T12:04:57.733605+00:00,46c04fe085c6946303421381b78a82b98420cc1cfe6a7cd6fa41e873423b24ed,5731,true,true
8,G:\BACKUPS ONLY\clearbox-ai-studio-v2-main\security\network.py,G:,network.py,.py,source_system,clearbox,target_related_content,content,,content_match_target_pattern,,,,,3367,2026-03-15T12:11:42.598104+00:00,2026-03-02T12:04:57.742328+00:00,1b2351b57617393677fe49d592c704f1dc805d912516ddaeb3995f5dde3788d3,3367,true,true
8,G:\BACKUPS ONLY\clearbox-ai-studio-v2-main\security\storage_layout.py,G:,storage_layout.py,.py,source_system,clearbox,target_related_content,content,,content_match_target_pattern,,,,,13990,2026-03-15T12:11:42.613863+00:00,2026-03-02T12:04:57.798590+00:00,8942b59f3833e559927284bf795872b13ec12da903e8f1e9765a88eb4a48c7a1,13990,true,true
8,G:\BACKUPS ONLY\clearbox-ai-studio-v2-main\security\tls.py,G:,tls.py,.py,source_system,clearbox,target_related_content,content,,content_match_target_pattern,,,,,7236,2026-03-15T12:11:42.613863+00:00,2026-03-02T12:04:57.807503+00:00,e8ece9221dfe510ca069492d92360fdcb49eb321e7246cb4bf4e9b4673e54848,7236,true,true
8,G:\BACKUPS ONLY\clearbox-ai-studio-v2-main\security\tool_telemetry.py,G:,tool_telemetry.py,.py,source_system,clearbox,target_related_content,content,,content_match_target_pattern,,,,,3874,2026-03-15T12:11:42.613863+00:00,2026-03-02T12:04:57.822848+00:00,df581d72a6461e2ce4423f4e098654e67069c1adac1055dbe4142cc15730c4bb,3874,true,true
8,G:\BACKUPS ONLY\clearbox-ai-studio-v2-main\tests\smoke\masher.py,G:,masher.py,.py,source_system,clearbox,target_related_content,content,,content_match_target_pattern,,,,,25024,2026-03-15T12:11:42.874921+00:00,2026-03-15T01:08:00.054935+00:00,77f66fd73d6c23af69fe03bb339d4a9e5beb070ba1c505abb9020734c461ce2c,25024,true,true
8,G:\BACKUPS ONLY\clearbox-ai-studio-v2-main\tests\smoke\run.py,G:,run.py,.py,source_system,clearbox,target_related_content,content,,content_match_target_pattern,,,,,25542,2026-03-15T12:11:42.874921+00:00,2026-03-12T19:19:32.277635+00:00,cbd1359e7a40a59f7ed49a4d922a7b80f20097d9d8f86e8618c122a4a8caa44e,25542,true,true
8,G:\BACKUPS ONLY\clearbox-ai-studio-v2-main\tests\smoke\witness.py,G:,witness.py,.py,source_system,clearbox,target_related_content,content,,content_match_target_pattern,,,,,20971,2026-03-15T12:11:42.874921+00:00,2026-03-12T19:19:32.278703+00:00,8cf2a1b0c4f56e236ea8316f3883e7ee5d0b34b2fd778730706e37678dc307cb,20971,true,true
8,G:\BACKUPS ONLY\clearbox-ai-studio-v2-main\tests\test_danger_gate_full_circle.py,G:,test_danger_gate_full_circle.py,.py,source_system,clearbox,target_related_content,content,,content_match_target_pattern,,,,,13018,2026-03-15T12:11:42.763326+00:00,2026-03-02T12:04:58.702639+00:00,6fadd2553b8f0e48952689a981e24c1ab7fe651e8eb22d63c854778dc88c19fe,13018,true,true
8,G:\BACKUPS ONLY\clearbox-ai-studio-v2-main\tests\test_intake_direct.py,G:,test_intake_direct.py,.py,source_system,clearbox,target_related_content,content,,content_match_target_pattern,,,,,5160,2026-03-15T12:11:42.779425+00:00,2026-03-02T12:04:58.745985+00:00,cbbb461e0226c6b89de503abe2e2706c9fb1977cf58795e2444aab9ba4a78cc5,5160,true,true
8,G:\BACKUPS ONLY\clearbox-ai-studio-v2-main\tools\diagnostic\probes\api_smoke.py,G:,api_smoke.py,.py,source_system,clearbox,target_related_content,content,,content_match_target_pattern,,,,,22276,2026-03-15T12:11:46.197910+00:00,2026-03-15T01:08:00.054935+00:00,645079190dbad1609a98a361ad253f80083d29d4e552386cb9120f8a32117e6a,22276,true,true
8,G:\BACKUPS ONLY\clearbox-ai-studio-v2-main\tools\diagnostic\probes\base.py,G:,base.py,.py,source_system,clearbox,target_related_content,content,,content_match_target_pattern,,,,,1860,2026-03-15T12:11:46.197910+00:00,2026-03-02T12:04:59.054148+00:00,51e087c2df9fa076825051445cc662b6b51d2ae47362943bd6eca2ce24b22137,1860,true,true
8,G:\BACKUPS ONLY\clearbox-ai-studio-v2-main\tools\diagnostic\probes\observe_sensors.py,G:,observe_sensors.py,.py,source_system,clearbox,target_related_content,content,,content_match_target_pattern,,,,,3754,2026-03-15T12:11:46.197910+00:00,2026-03-02T12:04:59.108763+00:00,6e1c44b60d96c8a61dcae282c5243bb218a3ef9dea0105b1093dc7e02e0ef591,3754,true,true
8,G:\BACKUPS ONLY\clearbox-ai-studio-v2-main\tools\diagnostic\runner.py,G:,runner.py,.py,source_system,clearbox,target_related_content,content,,content_match_target_pattern,,,,,14320,2026-03-15T12:11:46.182837+00:00,2026-03-02T12:04:59.147778+00:00,45da156348978995e91bcd1918613f3a52470b2ceda63ac5d78ba50726924305,14320,true,true
8,G:\BACKUPS ONLY\clearbox-ai-studio-v2-main\tools\diagnostic\schema.py,G:,schema.py,.py,source_system,clearbox,target_related_content,content,,content_match_target_pattern,,,,,4754,2026-03-15T12:11:46.182837+00:00,2026-03-02T12:04:59.159086+00:00,20d52d8cab6856200422c11a5c92ee8e8a049821983ec93e5dc4d7f8e45b5b6d,4754,true,true
8,G:\BACKUPS ONLY\clearbox-ai-studio-v2-main\tools\lexicon\analyze_unmapped_tokens.py,G:,analyze_unmapped_tokens.py,.py,source_system,clearbox,target_related_content,content,,content_match_target_pattern,,,,,14135,2026-03-15T12:11:46.277430+00:00,2026-03-02T14:24:37.751749+00:00,03539df032ccd396ce38621a0940419a6e965b75d243618c05b853a1baa685f2,14135,true,true
8,G:\BACKUPS ONLY\clearbox-ai-studio-v2-main\tools\lexicon\enrich_lexicon.py,G:,enrich_lexicon.py,.py,source_system,clearbox,target_related_content,content,,content_match_target_pattern,,,,,21913,2026-03-15T12:11:46.293379+00:00,2026-03-02T12:21:25.130297+00:00,8c4ed2cb72d6cd3e6b88a9e9bef73448b7ed9e890f2dfde0aff30c8cf87ce937,21913,true,true
8,G:\BACKUPS ONLY\clearbox-ai-studio-v2-main\tools\lexicon\rebuild_lexicon.py,G:,rebuild_lexicon.py,.py,source_system,clearbox,target_related_content,content,,content_match_target_pattern,,,,,10045,2026-03-15T12:11:46.293379+00:00,2026-03-02T12:04:59.338402+00:00,03a17c89610d4b1480df2ee42d505bdeca19f44d27eed8e3f28db7b90a5d0964,10045,true,true
8,G:\BACKUPS ONLY\clearbox-ai-studio-v2-main\tools\lexicon\validate_lexicon_schema.py,G:,validate_lexicon_schema.py,.py,source_system,clearbox,target_related_content,content,,content_match_target_pattern,,,,,2683,2026-03-15T12:11:46.293379+00:00,2026-03-02T12:04:59.357137+00:00,3ffbfc65c8a9fc94311fdd06394c1e3321695ba8e57cc3b53a471d76b254c8ab,2683,true,true
8,G:\BACKUPS ONLY\clearbox-ai-studio-v2-main\ui\clearbox_ai_production.html,G:,clearbox_ai_production.html,.html,source_or_document,clearbox,target_related_content,content,,content_match_target_pattern,,,,,221990,2026-03-15T12:11:46.348575+00:00,2026-03-15T11:59:26.216568+00:00,497466066c2ff5655bbd039ad372d4c8e6bd9112653cfdb1c861e543d9667b8b,221990,true,true
8,G:\BACKUPS ONLY\clearbox-ai-studio-v2-main\ui\js\console.js,G:,console.js,.js,source_system,clearbox,target_related_content,content,,content_match_target_pattern,,,,,312755,2026-03-15T12:11:46.495053+00:00,2026-03-15T01:06:13.987336+00:00,3b720427819dc658c6017d5c5265a4d2286ef6202e9ad4b9c08784ec942df4ce,312755,true,true
8,G:\BACKUPS ONLY\clearbox-ai-studio-v2-main\ui\js\core.js,G:,core.js,.js,source_system,clearbox,target_related_content,content,,content_match_target_pattern,,,,,42515,2026-03-15T12:11:46.511126+00:00,2026-03-15T01:06:13.984326+00:00,d02fd2db11ae51424199706fc976c9ba27390ad6b375821d48de663d113414c1,42515,true,true
8,G:\BACKUPS ONLY\clearbox-ai-studio-v2-main\ui\js\panel-identity.js,G:,panel-identity.js,.js,source_system,clearbox,target_related_content,content,,content_match_target_pattern,,,,,12828,2026-03-15T12:11:46.527149+00:00,2026-03-12T19:19:32.292872+00:00,1d2a653372ca0d5d7f5df115424a49cc050688554c5858b9efc1a9e194796d0f,12828,true,true
8,G:\BACKUPS ONLY\clearbox-ai-studio-v2-main\ui\js\panel-mesh.js,G:,panel-mesh.js,.js,source_system,clearbox,target_related_content,content,,content_match_target_pattern,,,,,8497,2026-03-15T12:11:46.543067+00:00,2026-03-14T21:34:59.432769+00:00,7c9f6e0ddf28bc85877eda2cfef31dd1fa2c6a8c88adda6cdccba5a37a4594b7,8497,true,true
8,G:\BACKUPS ONLY\clearbox-ai-studio-v2-main\ui\js\panel-routing.js,G:,panel-routing.js,.js,source_system,clearbox,target_related_content,content,,content_match_target_pattern,,,,,14470,2026-03-15T12:11:46.543067+00:00,2026-03-02T12:04:59.753111+00:00,d39f65945fec32ac79f5db8cd9439bc3fbecc7af8e1d4db25822ad720ad1ee2f,14470,true,true
8,G:\BACKUPS ONLY\clearbox-ai-studio-v2-main\ui\vendor\chart.umd.min.js,G:,chart.umd.min.js,.js,source_system,clearbox,target_related_content,content,,content_match_target_pattern,,,,,205889,2026-03-15T12:11:46.558834+00:00,2026-03-02T12:04:59.833694+00:00,206b6e8bb00fc7bba2c7ee80ca41db3e9e05ba7be0aa35abeba9cfd5357f5d0e,205889,true,true
8,C:\Users\mydyi\Documents\FOREST_AI_LOCAL\.forestvenv\Lib\site-packages\typing_extensions.py,C:,typing_extensions.py,.py,source_system,forest_ai,target_related_content,content,,content_match_target_pattern,,,,,160429,2025-10-06T23:55:54.781880+00:00,2025-10-05T23:22:44.998488+00:00,433d11d170d3a24d2eb065ebc1bfe848cea7e3d7ce68567ab52bea2d4c2f7ed8,160429,true,true
8,C:\Users\mydyi\Documents\FOREST_AI_LOCAL\bridges\forest_bridge.py,C:,forest_bridge.py,.py,source_system,forest_ai,target_related_content,content,,content_match_target_pattern,,,,,32605,2025-10-06T23:58:13.033835+00:00,2025-10-07T01:02:24.321821+00:00,00400693effb11e81cd9d9cdf63b2b99fd7aa77d35fa4689d9968e39060beff0,32605,true,true
8,C:\Users\mydyi\Documents\FOREST_AI_LOCAL\bridges\forest_bridge_server.py,C:,forest_bridge_server.py,.py,source_system,forest_ai,target_related_content,content,,content_match_target_pattern,,,,,24414,2025-10-06T23:58:13.053222+00:00,2025-10-07T11:19:58.567794+00:00,4ce6717c5f3435e37f5f4ce3e71635f17ff29b2cf2a12ef775b530bfb0007f78,24414,true,true
8,C:\Users\mydyi\Documents\FOREST_AI_LOCAL\bridges\forest_gpu.py,C:,forest_gpu.py,.py,source_system,forest_ai,target_related_content,content,,content_match_target_pattern,,,,,6767,2025-10-06T23:58:13.056242+00:00,2025-10-05T23:18:26.398563+00:00,6029f2360261eeb046720940d53c9b6dde390a732e1bb017a5d6771587c5b83a,6767,true,true
8,C:\Users\mydyi\Documents\FOREST_AI_LOCAL\bridges\ui\forest_ui.js,C:,forest_ui.js,.js,source_system,forest_ai,target_related_content,content,,content_match_target_pattern,,,,,20998,2025-10-06T23:58:13.067584+00:00,2025-10-06T09:34:32.733659+00:00,594ca8d90edf97d986a88c9ad142819221797734dfa85c31094eb238b86c4d4c,20998,true,true
8,C:\Users\mydyi\Documents\FOREST_AI_LOCAL\bridges\ui\index.html,C:,index.html,.html,source_or_document,forest_ai,target_related_content,content,,content_match_target_pattern,,,,,9084,2025-10-06T23:58:13.085800+00:00,2025-10-06T09:34:32.729658+00:00,044409e686dd5303ba949c2020baa63bf0cb1fea84176ee5610b2a47f0fbfd11,9084,true,true
8,C:\Users\mydyi\Documents\FOREST_AI_LOCAL\FOREST_AI_PRODUCTION\bridges\forest_bridge.py,C:,forest_bridge.py,.py,source_system,forest_ai,target_related_content,content,,content_match_target_pattern,,,,,32605,2025-10-07T11:34:58.885204+00:00,2025-10-07T01:02:24.321821+00:00,00400693effb11e81cd9d9cdf63b2b99fd7aa77d35fa4689d9968e39060beff0,32605,true,true
8,C:\Users\mydyi\Documents\FOREST_AI_LOCAL\FOREST_AI_PRODUCTION\bridges\forest_bridge_server.py,C:,forest_bridge_server.py,.py,source_system,forest_ai,target_related_content,content,,content_match_target_pattern,,,,,24414,2025-10-07T11:34:58.921664+00:00,2025-10-07T11:19:58.567794+00:00,4ce6717c5f3435e37f5f4ce3e71635f17ff29b2cf2a12ef775b530bfb0007f78,24414,true,true
8,C:\Users\mydyi\Documents\FOREST_AI_LOCAL\FOREST_AI_PRODUCTION\bridges\forest_database.py,C:,forest_database.py,.py,source_system,forest_ai,target_related_content,content,,content_match_target_pattern,,,,,20740,2025-10-07T12:24:22.412035+00:00,2025-10-07T12:42:20.777832+00:00,7b53f8b62852c670881f6c3fde76b661772ca7f82d10545bcd947a805bb7e4e0,20740,true,true
8,C:\Users\mydyi\Documents\FOREST_AI_LOCAL\FOREST_AI_PRODUCTION\bridges\forest_gpu.py,C:,forest_gpu.py,.py,source_system,forest_ai,target_related_content,content,,content_match_target_pattern,,,,,6767,2025-10-07T11:34:58.955346+00:00,2025-10-05T23:18:26.398563+00:00,6029f2360261eeb046720940d53c9b6dde390a732e1bb017a5d6771587c5b83a,6767,true,true
8,C:\Users\mydyi\Documents\FOREST_AI_LOCAL\FOREST_AI_PRODUCTION\launch.py,C:,launch.py,.py,source_system,forest_ai,target_related_content,content,,content_match_target_pattern,,,,,15524,2025-10-07T12:23:29.174537+00:00,2025-10-07T12:42:20.777832+00:00,68fdac8d921d9e6e854cd3dc0a03d31a73c51bfe2077f9944b834f8d970f920e,15524,true,true
8,C:\Users\mydyi\Documents\FOREST_AI_LOCAL\FOREST_AI_PRODUCTION\plugins\advanced_mapping.py,C:,advanced_mapping.py,.py,source_system,forest_ai,target_related_content,content,,content_match_target_pattern,,,,,15280,2025-10-07T17:57:34.421218+00:00,2025-10-07T18:39:01.613943+00:00,2391859fea5dcab0b38b3f1be1a91d86d4ba3cb2ca93cdf73404f27d3c7d06ef,15280,true,true
8,C:\Users\mydyi\Documents\FOREST_AI_LOCAL\FOREST_AI_PRODUCTION\scripts\metrics_loop.py,C:,metrics_loop.py,.py,source_system,forest_ai,target_related_content,content,,content_match_target_pattern,,,,,7069,2025-10-07T12:25:46.994698+00:00,2025-10-07T12:42:20.780831+00:00,7708a69a985b91864b070bcaaf57eb42d3d9c0e699c23c6cc199f1b05848018a,7069,true,true
8,C:\Users\mydyi\Documents\FOREST_AI_LOCAL\FOREST_AI_PRODUCTION\tools\analyze_unmapped_tokens.py,C:,analyze_unmapped_tokens.py,.py,source_system,forest_ai,target_related_content,content,,content_match_target_pattern,,,,,14395,2025-10-07T11:34:59.060597+00:00,2025-10-07T11:19:58.554734+00:00,0029d923e2581c89805952e8a437d2de16775a645d003c32bdcde6fd2c0d4b37,14395,true,true
8,C:\Users\mydyi\Documents\FOREST_AI_LOCAL\FOREST_AI_PRODUCTION\tools\enrich_lexicon.py,C:,enrich_lexicon.py,.py,source_system,forest_ai,target_related_content,content,,content_match_target_pattern,,,,,22485,2025-10-07T11:34:59.086421+00:00,2025-10-07T10:09:06.163551+00:00,075fdf87e90181066aaadc7121c252b0706333e4f70388c373349e18ef1cd1b2,22485,true,true
8,C:\Users\mydyi\Documents\FOREST_AI_LOCAL\FOREST_AI_PRODUCTION\tools\validate_lexicon_schema.py,C:,validate_lexicon_schema.py,.py,source_system,forest_ai,target_related_content,content,,content_match_target_pattern,,,,,2765,2025-10-07T11:34:59.112399+00:00,2025-10-06T11:21:31.119994+00:00,12d4a5307e01f4e1d3345b110bbce1e59895b9022e8e1351100fcb71c1ca9f55,2765,true,true
8,C:\Users\mydyi\Documents\FOREST_AI_LOCAL\Production Ready Lexicon Builder\lexicon_engine.py,C:,lexicon_engine.py,.py,source_system,forest_ai,target_related_content,content,,content_match_target_pattern,,,,,26670,2025-10-06T23:58:57.349944+00:00,2025-10-05T21:33:20.514102+00:00,e1fbb9473d3ced0733dde0d455ed3e7659563ab0ba456a7d14846863c5a2ee30,26670,true,true
8,C:\Users\mydyi\Documents\FOREST_AI_LOCAL\scripts\forest_inject.bat,C:,forest_inject.bat,.bat,source_system,forest_ai,target_related_content,content,,content_match_target_pattern,,,,,1564,2025-10-06T23:59:13.209761+00:00,2025-10-05T23:34:20.769376+00:00,233597c7e228ad41db3e6dbf4a921fbf80b8c81bff04c3ed035018b06ed20404,1564,true,true
8,C:\Users\mydyi\Documents\FOREST_AI_LOCAL\tmp_sample_tokens.py,C:,tmp_sample_tokens.py,.py,source_system,forest_ai,target_related_content,content,,content_match_target_pattern,,,,,2180,2025-10-07T01:10:42.288394+00:00,2025-10-07T01:43:04.522574+00:00,3e3d116380e76b0307f5924647dc6f9fc7c69877baa000cc23c2502041a47c10,2180,true,true
8,C:\Users\mydyi\Documents\FOREST_AI_LOCAL\tools\analyze_unmapped_tokens.py,C:,analyze_unmapped_tokens.py,.py,source_system,forest_ai,target_related_content,content,,content_match_target_pattern,,,,,14395,2025-10-07T11:17:45.552710+00:00,2025-10-07T11:19:58.554734+00:00,0029d923e2581c89805952e8a437d2de16775a645d003c32bdcde6fd2c0d4b37,14395,true,true
8,C:\Users\mydyi\Documents\FOREST_AI_LOCAL\tools\enrich_lexicon.py,C:,enrich_lexicon.py,.py,source_system,forest_ai,target_related_content,content,,content_match_target_pattern,,,,,22485,2025-10-07T00:51:54.938488+00:00,2025-10-07T10:09:06.163551+00:00,075fdf87e90181066aaadc7121c252b0706333e4f70388c373349e18ef1cd1b2,22485,true,true
8,C:\Users\mydyi\Documents\FOREST_AI_LOCAL\tools\rebuild_lexicon.py,C:,rebuild_lexicon.py,.py,source_system,forest_ai,target_related_content,content,,content_match_target_pattern,,,,,10330,2025-10-06T23:59:13.225611+00:00,2025-10-06T11:21:31.119994+00:00,fa374d725b56bd50672051c6113570062796ab52f0fb52b8fcf394a3b4a4633a,10330,true,true
8,C:\Users\mydyi\Documents\FOREST_AI_LOCAL\tools\rebuild_lexicon_a_wordnet.py,C:,rebuild_lexicon_a_wordnet.py,.py,source_system,forest_ai,target_related_content,content,,content_match_target_pattern,,,,,4584,2025-10-07T09:18:32.509043+00:00,2025-10-07T10:09:06.163551+00:00,43064a021ba1b4263b6d034013f2498b548a7efac664c1b37e78fb9fc82ffe53,4584,true,true
8,C:\Users\mydyi\Documents\FOREST_AI_LOCAL\tools\rebuild_lexicon_wordnet.py,C:,rebuild_lexicon_wordnet.py,.py,source_system,forest_ai,target_related_content,content,,content_match_target_pattern,,,,,4252,2025-10-07T10:44:43.905279+00:00,2025-10-07T10:56:25.401003+00:00,5897980ed538b9cec88864448aacf1789673bf27c72112777973025d470ed530,4252,true,true
8,C:\Users\mydyi\Documents\FOREST_AI_LOCAL\tools\test_unmapped_workflow.py,C:,test_unmapped_workflow.py,.py,source_system,forest_ai,target_related_content,content,,content_match_target_pattern,,,,,8983,2025-10-07T11:21:42.688521+00:00,2025-10-07T11:26:14.676434+00:00,d6c3bf32a6e844c52066ad0c1fcac8f022859d17af5da724a18ec521fb7673aa,8983,true,true
8,C:\Users\mydyi\Documents\FOREST_AI_LOCAL\tools\validate_lexicon_schema.py,C:,validate_lexicon_schema.py,.py,source_system,forest_ai,target_related_content,content,,content_match_target_pattern,,,,,2765,2025-10-06T23:59:13.225611+00:00,2025-10-06T11:21:31.119994+00:00,12d4a5307e01f4e1d3345b110bbce1e59895b9022e8e1351100fcb71c1ca9f55,2765,true,true
8,C:\Users\mydyi\Documents\FOREST_AI_LOCAL\ui\forest_ui.js,C:,forest_ui.js,.js,source_system,forest_ai,target_related_content,content,,content_match_target_pattern,,,,,35053,2025-10-06T23:59:13.241725+00:00,2025-10-07T01:02:24.341305+00:00,dee3ea49d103dcc690bd01fe2d507f0bdc73fbbff00339d7ebd98f9a66c9c511,35053,true,true
8,C:\Users\mydyi\Documents\FOREST_AI_LOCAL\ui\index.html,C:,index.html,.html,source_or_document,forest_ai,target_related_content,content,,content_match_target_pattern,,,,,16586,2025-10-06T23:59:13.257795+00:00,2025-10-07T01:02:24.335481+00:00,dffad4ed3928864adfd07e5dd74cd8f154d71b7c981520e1f895638674d0479f,16586,true,true
8,C:\Users\mydyi\Documents\FOREST_AI_LOCAL\updated ui work ideas\forest_ai_complete_pipeline.html,C:,forest_ai_complete_pipeline.html,.html,source_or_document,forest_ai,target_related_content,content,,content_match_target_pattern,,,,,51413,2025-10-06T23:59:13.329355+00:00,2025-10-06T09:47:43.667441+00:00,058d98adeb049e4e692a7ba67b92da45e2f22f4355a3a24a7c1c2e05b38ca0d4,51413,true,true
8,C:\Users\mydyi\Documents\FOREST_AI_LOCAL\updated ui work ideas\forest_ai_enhanced_pipeline.html,C:,forest_ai_enhanced_pipeline.html,.html,source_or_document,forest_ai,target_related_content,content,,content_match_target_pattern,,,,,121874,2025-10-06T23:59:13.375300+00:00,2025-10-06T09:47:43.672442+00:00,cadb327926dce21f00d1e8e60e6b4327c2a8074d520e3eb58010662534062cd2,121874,true,true
8,C:\Users\mydyi\Documents\FOREST_AI_LOCAL\updated ui work ideas\FOREST_AI_HTML.html,C:,FOREST_AI_HTML.html,.html,source_or_document,forest_ai,target_related_content,content,,content_match_target_pattern,,,,,248033,2025-10-06T23:59:13.511581+00:00,2025-10-06T09:47:43.681440+00:00,eb88778ae11eb3ea6faf7c6b613bcd93e1c588dfe330c082745587f6099d47f1,248033,true,true
8,C:\Users\mydyi\Documents\New folder\FOREST_AI_PRODUCTION\bridges\forest_bridge.py,C:,forest_bridge.py,.py,source_system,forest_ai,target_related_content,content,,content_match_target_pattern,,,,,32605,2025-10-07T18:48:21.320047+00:00,2025-10-07T01:02:24.321821+00:00,00400693effb11e81cd9d9cdf63b2b99fd7aa77d35fa4689d9968e39060beff0,32605,true,true
8,C:\Users\mydyi\Documents\New folder\FOREST_AI_PRODUCTION\bridges\forest_bridge_server.py,C:,forest_bridge_server.py,.py,source_system,forest_ai,target_related_content,content,,content_match_target_pattern,,,,,24414,2025-10-07T18:48:21.323870+00:00,2025-10-07T11:19:58.567794+00:00,4ce6717c5f3435e37f5f4ce3e71635f17ff29b2cf2a12ef775b530bfb0007f78,24414,true,true
8,C:\Users\mydyi\Documents\New folder\FOREST_AI_PRODUCTION\bridges\forest_database.py,C:,forest_database.py,.py,source_system,forest_ai,target_related_content,content,,content_match_target_pattern,,,,,20740,2025-10-07T18:48:21.325393+00:00,2025-10-07T12:42:20.777832+00:00,7b53f8b62852c670881f6c3fde76b661772ca7f82d10545bcd947a805bb7e4e0,20740,true,true
8,C:\Users\mydyi\Documents\New folder\FOREST_AI_PRODUCTION\bridges\forest_gpu.py,C:,forest_gpu.py,.py,source_system,forest_ai,target_related_content,content,,content_match_target_pattern,,,,,6767,2025-10-07T18:48:21.327394+00:00,2025-10-05T23:18:26.398563+00:00,6029f2360261eeb046720940d53c9b6dde390a732e1bb017a5d6771587c5b83a,6767,true,true
8,C:\Users\mydyi\Documents\New folder\FOREST_AI_PRODUCTION\launch.py,C:,launch.py,.py,source_system,forest_ai,target_related_content,content,,content_match_target_pattern,,,,,15524,2025-10-07T18:46:15.341961+00:00,2025-10-07T12:42:20.777832+00:00,68fdac8d921d9e6e854cd3dc0a03d31a73c51bfe2077f9944b834f8d970f920e,15524,true,true
8,C:\Users\mydyi\Documents\New folder\FOREST_AI_PRODUCTION\plugins\advanced_mapping.py,C:,advanced_mapping.py,.py,source_system,forest_ai,target_related_content,content,,content_match_target_pattern,,,,,15280,2025-10-07T18:48:21.360403+00:00,2025-10-07T18:39:01.613943+00:00,2391859fea5dcab0b38b3f1be1a91d86d4ba3cb2ca93cdf73404f27d3c7d06ef,15280,true,true
8,C:\Users\mydyi\Documents\New folder\FOREST_AI_PRODUCTION\scripts\metrics_loop.py,C:,metrics_loop.py,.py,source_system,forest_ai,target_related_content,content,,content_match_target_pattern,,,,,7069,2025-10-07T18:48:21.369946+00:00,2025-10-07T12:42:20.780831+00:00,7708a69a985b91864b070bcaaf57eb42d3d9c0e699c23c6cc199f1b05848018a,7069,true,true
8,C:\Users\mydyi\Documents\New folder\FOREST_AI_PRODUCTION\tools\analyze_unmapped_tokens.py,C:,analyze_unmapped_tokens.py,.py,source_system,forest_ai,target_related_content,content,,content_match_target_pattern,,,,,14395,2025-10-07T18:48:21.380799+00:00,2025-10-07T11:19:58.554734+00:00,0029d923e2581c89805952e8a437d2de16775a645d003c32bdcde6fd2c0d4b37,14395,true,true
8,C:\Users\mydyi\Documents\New folder\FOREST_AI_PRODUCTION\tools\enrich_lexicon.py,C:,enrich_lexicon.py,.py,source_system,forest_ai,target_related_content,content,,content_match_target_pattern,,,,,22485,2025-10-07T18:48:21.382799+00:00,2025-10-07T10:09:06.163551+00:00,075fdf87e90181066aaadc7121c252b0706333e4f70388c373349e18ef1cd1b2,22485,true,true
8,C:\Users\mydyi\Documents\New folder\FOREST_AI_PRODUCTION\tools\validate_lexicon_schema.py,C:,validate_lexicon_schema.py,.py,source_system,forest_ai,target_related_content,content,,content_match_target_pattern,,,,,2765,2025-10-07T18:48:21.386794+00:00,2025-10-06T11:21:31.119994+00:00,12d4a5307e01f4e1d3345b110bbce1e59895b9022e8e1351100fcb71c1ca9f55,2765,true,true
8,C:\Users\mydyi\Documents\New folder\updated ui work ideas\forest_ai_complete_pipeline.html,C:,forest_ai_complete_pipeline.html,.html,source_or_document,forest_ai,target_related_content,content,,content_match_target_pattern,,,,,51413,2025-10-07T18:48:30.404629+00:00,2025-10-06T09:47:43.667441+00:00,058d98adeb049e4e692a7ba67b92da45e2f22f4355a3a24a7c1c2e05b38ca0d4,51413,true,true
8,C:\Users\mydyi\Documents\New folder\updated ui work ideas\forest_ai_enhanced_pipeline.html,C:,forest_ai_enhanced_pipeline.html,.html,source_or_document,forest_ai,target_related_content,content,,content_match_target_pattern,,,,,121874,2025-10-07T18:48:30.459130+00:00,2025-10-06T09:47:43.672442+00:00,cadb327926dce21f00d1e8e60e6b4327c2a8074d520e3eb58010662534062cd2,121874,true,true
8,C:\Users\mydyi\Documents\New folder\updated ui work ideas\FOREST_AI_HTML.html,C:,FOREST_AI_HTML.html,.html,source_or_document,forest_ai,target_related_content,content,,content_match_target_pattern,,,,,248033,2025-10-07T18:48:30.552447+00:00,2025-10-06T09:47:43.681440+00:00,eb88778ae11eb3ea6faf7c6b613bcd93e1c588dfe330c082745587f6099d47f1,248033,true,true
8,C:\Users\mydyi\Downloads\Thoughts and Concerns on Forest AI Documents\chat.py,C:,chat.py,.py,source_system,forest_ai,target_related_content,content,,content_match_target_pattern,,,,,2543,2025-10-08T03:40:00+00:00,2025-10-07T23:41:12.099548+00:00,7191d576c799f25f472623cbec61c670dfc9b1a8676e826b3e830f29948eba9c,2543,true,true
8,C:\Users\mydyi\Downloads\Thoughts and Concerns on Forest AI Documents\core\config.py,C:,config.py,.py,source_system,forest_ai,target_related_content,content,,content_match_target_pattern,,,,,811,2025-10-08T03:40:00+00:00,2025-10-07T23:41:12.093724+00:00,30e45d7954fa0dec1858533fe2c16f6a78069908bf1febd6657b159ea217a2fb,811,true,true
8,C:\Users\mydyi\Downloads\Thoughts and Concerns on Forest AI Documents\core\system.py,C:,system.py,.py,source_system,forest_ai,target_related_content,content,,content_match_target_pattern,,,,,899,2025-10-08T03:40:00+00:00,2025-10-07T23:41:12.087589+00:00,314fe60060a4cf07efe04ef0b9b90b12afb37bc04b2378d82f9988c248f4845a,899,true,true
8,C:\Users\mydyi\Downloads\Thoughts and Concerns on Forest AI Documents\events.py,C:,events.py,.py,source_system,forest_ai,target_related_content,content,,content_match_target_pattern,,,,,1292,2025-10-08T03:40:00+00:00,2025-10-07T23:41:12.118562+00:00,c5cdfff839d54ba4e88ef460b601870e44f1adfa3ba8bcd20e72885789ff0cca,1292,true,true
8,C:\Users\mydyi\Downloads\Thoughts and Concerns on Forest AI Documents\jobs.py,C:,jobs.py,.py,source_system,forest_ai,target_related_content,content,,content_match_target_pattern,,,,,1358,2025-10-08T03:40:00+00:00,2025-10-07T23:41:12.092455+00:00,dc94a98a8c5bd6bfe017cfa16993e150804f18028ad8d754ddc191c38093f223,1358,true,true
8,C:\Users\mydyi\Downloads\Thoughts and Concerns on Forest AI Documents\lexicon.py,C:,lexicon.py,.py,source_system,forest_ai,target_related_content,content,,content_match_target_pattern,,,,,2375,2025-10-08T03:40:00+00:00,2025-10-07T23:41:12.060591+00:00,ddb6abbc9f7b96ff851a71dd264516d24ff0bce0bb3f9a0aea10f86a985389b9,2375,true,true
8,C:\Users\mydyi\Downloads\Thoughts and Concerns on Forest AI Documents\map_616.py,C:,map_616.py,.py,source_system,forest_ai,target_related_content,content,,content_match_target_pattern,,,,,2436,2025-10-08T03:40:00+00:00,2025-10-07T23:41:12.063793+00:00,f3b3d78e17626af01d2bc97f956358f777ffcea8ca63094306e8af148875ba32,2436,true,true
8,C:\Users\mydyi\Downloads\Thoughts and Concerns on Forest AI Documents\plugin.py,C:,plugin.py,.py,source_system,forest_ai,target_related_content,content,,content_match_target_pattern,,,,,1249,2025-10-08T03:40:00+00:00,2025-10-07T23:41:12.040414+00:00,5da34caaa1babed8b1885e313036235392ccd3641f6e480ae1bffb4d2ea59afd,1249,true,true
8,C:\Users\mydyi\Downloads\Thoughts and Concerns on Forest AI Documents\search.py,C:,search.py,.py,source_system,forest_ai,target_related_content,content,,content_match_target_pattern,,,,,1196,2025-10-08T03:40:00+00:00,2025-10-07T23:41:12.067802+00:00,931bb9c2a593243892bb0ce36449accc61e57f70136322121ab1ed16dfafb9a7,1196,true,true
5,C:\ffmpeg\doc\faq.html,C:,faq.html,.html,source_or_document,misc,target_related_content,content,,content_match_target_pattern,,,,,65088,2025-09-11T21:12:30.009472+00:00,2025-09-11T21:08:08.033933+00:00,12e4eaa685c874b975e9ad774aabd588871088a877f531ba2f7aa628b1670c45,65088,true,true
5,C:\ffmpeg\doc\ffmpeg-all.html,C:,ffmpeg-all.html,.html,source_or_document,misc,target_related_content,content,,content_match_target_pattern,,,,,3007663,2025-09-11T21:12:30.014413+00:00,2025-09-11T21:08:08.054905+00:00,eb14072ed43ecdc099f2320c7f813138e7feebbf5b96cce4e5d1773847e61768,3007663,true,true
5,C:\ffmpeg\doc\ffmpeg-bitstream-filters.html,C:,ffmpeg-bitstream-filters.html,.html,source_or_document,misc,target_related_content,content,,content_match_target_pattern,,,,,60991,2025-09-11T21:12:30.018413+00:00,2025-09-11T21:08:08.054905+00:00,d9cbce7bab234cb93dc64eefc28725a0c6f4561c1d9ff3d576293ea1e6d2edd8,60991,true,true
5,C:\ffmpeg\doc\ffmpeg-codecs.html,C:,ffmpeg-codecs.html,.html,source_or_document,misc,target_related_content,content,,content_match_target_pattern,,,,,342418,2025-09-11T21:12:30.021406+00:00,2025-09-11T21:08:08.054905+00:00,ceb38f956d937a75f10c67de93d37aee94a4c27da3afea43ede4b766e6282541,342418,true,true
5,C:\ffmpeg\doc\ffmpeg-devices.html,C:,ffmpeg-devices.html,.html,source_or_document,misc,target_related_content,content,,content_match_target_pattern,,,,,112837,2025-09-11T21:12:30.024405+00:00,2025-09-11T21:08:08.067979+00:00,4cbeaf4948a0c267ea4de2f8bdaae49b169bd7d1a69202a4cf71fe79d9deb1a5,112837,true,true
5,C:\ffmpeg\doc\ffmpeg-filters.html,C:,ffmpeg-filters.html,.html,source_or_document,misc,target_related_content,content,,content_match_target_pattern,,,,,1660563,2025-09-11T21:12:30.027406+00:00,2025-09-11T21:08:08.079545+00:00,a99ca7fef977091a7138f38541a1ed3de6d1c859ab14df3938b14bf2ba1975ee,1660563,true,true
5,C:\ffmpeg\doc\ffmpeg-formats.html,C:,ffmpeg-formats.html,.html,source_or_document,misc,target_related_content,content,,content_match_target_pattern,,,,,322775,2025-09-11T21:12:30.030015+00:00,2025-09-11T21:08:08.083551+00:00,60d89c9342e8f8bb03a4361d4a6ad913ab4d1acc25af2a81d8678b2863370b68,322775,true,true
5,C:\ffmpeg\doc\ffmpeg-protocols.html,C:,ffmpeg-protocols.html,.html,source_or_document,misc,target_related_content,content,,content_match_target_pattern,,,,,111588,2025-09-11T21:12:30.033015+00:00,2025-09-11T21:08:08.088559+00:00,0e6c2a211fc55cb2dd2256430a710d5f08bfefbbeaf9dd5fbebf4dbcb64f541b,111588,true,true
5,C:\ffmpeg\doc\ffmpeg-resampler.html,C:,ffmpeg-resampler.html,.html,source_or_document,misc,target_related_content,content,,content_match_target_pattern,,,,,13818,2025-09-11T21:12:30.036264+00:00,2025-09-11T21:08:08.092565+00:00,ef33b5c00313e980fd8bef875e48ad49534f8d4da3acd62c2cb121cf2f767986,13818,true,true
5,C:\ffmpeg\doc\ffmpeg-scaler.html,C:,ffmpeg-scaler.html,.html,source_or_document,misc,target_related_content,content,,content_match_target_pattern,,,,,9148,2025-09-11T21:12:30.038265+00:00,2025-09-11T21:08:08.096570+00:00,1729255c932ccf4d91e4caf67ded294b10a6f082bc592e72f86224a19287cb34,9148,true,true
5,C:\ffmpeg\doc\ffmpeg.html,C:,ffmpeg.html,.html,source_or_document,misc,target_related_content,content,,content_match_target_pattern,,,,,215687,2025-09-11T21:12:30.044154+00:00,2025-09-11T21:08:08.106270+00:00,1239a3817dac06cb269a09cea80d4573ee2fe06869767a06aa8ae3db110540c6,215687,true,true
5,C:\ffmpeg\doc\ffplay-all.html,C:,ffplay-all.html,.html,source_or_document,misc,target_related_content,content,,content_match_target_pattern,,,,,2325352,2025-09-11T21:12:30.047154+00:00,2025-09-11T21:08:08.118100+00:00,58c8310d2d1b52fa18b95239275844640c9b57f6391f6d5898666292af121060,2325352,true,true
5,C:\ffmpeg\doc\ffplay.html,C:,ffplay.html,.html,source_or_document,misc,target_related_content,content,,content_match_target_pattern,,,,,41496,2025-09-11T21:12:30.051219+00:00,2025-09-11T21:08:08.124525+00:00,891c59d348249afe14ddc7e8b2a940d5f3bbe95ded003456fb50cfab13160eac,41496,true,true
5,C:\ffmpeg\doc\ffprobe-all.html,C:,ffprobe-all.html,.html,source_or_document,misc,target_related_content,content,,content_match_target_pattern,,,,,2341400,2025-09-11T21:12:30.054219+00:00,2025-09-11T21:08:08.138040+00:00,dce76c2ffe3bbb686c0a19f0abd2e9f9b1f61bed78ef16751b88654e322b68d1,2341400,true,true
5,C:\ffmpeg\doc\ffprobe.html,C:,ffprobe.html,.html,source_or_document,misc,target_related_content,content,,content_match_target_pattern,,,,,57470,2025-09-11T21:12:30.058186+00:00,2025-09-11T21:08:08.140042+00:00,7e2880aa23f856b0224956945d5dcbc338ef534e7623d1912a51294017fc9ad3,57470,true,true
5,C:\ffmpeg\doc\general.html,C:,general.html,.html,source_or_document,misc,target_related_content,content,,content_match_target_pattern,,,,,125459,2025-09-11T21:12:30.061186+00:00,2025-09-11T21:08:08.140042+00:00,6f583b0151464a42df5fb835235249c3e1400cfc1a23cabc0674cda03fbfad36,125459,true,true
5,C:\ffmpeg\doc\git-howto.html,C:,git-howto.html,.html,source_or_document,misc,target_related_content,content,,content_match_target_pattern,,,,,27737,2025-09-11T21:12:30.064032+00:00,2025-09-11T21:08:08.150024+00:00,e44ed6484fa73f819c59494c68be232728319250bd86c6e32a760ddca620e108,27737,true,true
5,C:\Users\mydyi\.claude-server-commander\tool-history.jsonl,C:,tool-history.jsonl,.jsonl,data_or_config,misc,target_related_content,content;filename_or_path,history,content_match_target_pattern,,,,,1296944,2026-03-09T09:39:15.555867+00:00,2026-03-23T13:57:26.231375+00:00,745e114422a120769917b5122f7bb9293fa7777ef9434a1e82cc4353bcfad297,1296944,true,true
5,C:\Users\mydyi\Documents\New folder\bridges\forest_bridge.py,C:,forest_bridge.py,.py,source_system,misc,target_related_content,content,,content_match_target_pattern,,,,,32605,2025-10-07T18:46:15.211487+00:00,2025-10-07T01:02:24.321821+00:00,00400693effb11e81cd9d9cdf63b2b99fd7aa77d35fa4689d9968e39060beff0,32605,true,true
5,C:\Users\mydyi\Documents\New folder\bridges\forest_bridge_server.py,C:,forest_bridge_server.py,.py,source_system,misc,target_related_content,content,,content_match_target_pattern,,,,,24414,2025-10-07T18:46:15.229742+00:00,2025-10-07T11:19:58.567794+00:00,4ce6717c5f3435e37f5f4ce3e71635f17ff29b2cf2a12ef775b530bfb0007f78,24414,true,true
5,C:\Users\mydyi\Documents\New folder\bridges\forest_gpu.py,C:,forest_gpu.py,.py,source_system,misc,target_related_content,content,,content_match_target_pattern,,,,,6767,2025-10-07T18:46:15.233272+00:00,2025-10-05T23:18:26.398563+00:00,6029f2360261eeb046720940d53c9b6dde390a732e1bb017a5d6771587c5b83a,6767,true,true
5,C:\Users\mydyi\Documents\New folder\bridges\ui\forest_ui.js,C:,forest_ui.js,.js,source_system,misc,target_related_content,content,,content_match_target_pattern,,,,,20998,2025-10-07T18:46:15.239999+00:00,2025-10-06T09:34:32.733659+00:00,594ca8d90edf97d986a88c9ad142819221797734dfa85c31094eb238b86c4d4c,20998,true,true
5,C:\Users\mydyi\Documents\New folder\bridges\ui\index.html,C:,index.html,.html,source_or_document,misc,target_related_content,content,,content_match_target_pattern,,,,,9084,2025-10-07T18:46:15.257829+00:00,2025-10-06T09:34:32.729658+00:00,044409e686dd5303ba949c2020baa63bf0cb1fea84176ee5610b2a47f0fbfd11,9084,true,true
5,C:\Users\mydyi\Documents\New folder\Production Ready Lexicon Builder\lexicon_engine.py,C:,lexicon_engine.py,.py,source_system,misc,target_related_content,content,,content_match_target_pattern,,,,,26670,2025-10-07T18:48:22.048966+00:00,2025-10-05T21:33:20.514102+00:00,e1fbb9473d3ced0733dde0d455ed3e7659563ab0ba456a7d14846863c5a2ee30,26670,true,true
5,C:\Users\mydyi\Documents\New folder\scripts\forest_inject.bat,C:,forest_inject.bat,.bat,source_system,misc,target_related_content,content,,content_match_target_pattern,,,,,1564,2025-10-07T18:48:30.239077+00:00,2025-10-05T23:34:20.769376+00:00,233597c7e228ad41db3e6dbf4a921fbf80b8c81bff04c3ed035018b06ed20404,1564,true,true
5,C:\Users\mydyi\Documents\New folder\tmp_sample_tokens.py,C:,tmp_sample_tokens.py,.py,source_system,misc,target_related_content,content,,content_match_target_pattern,,,,,2180,2025-10-07T18:46:15.211487+00:00,2025-10-07T01:43:04.522574+00:00,3e3d116380e76b0307f5924647dc6f9fc7c69877baa000cc23c2502041a47c10,2180,true,true
5,C:\Users\mydyi\Documents\New folder\tools\analyze_unmapped_tokens.py,C:,analyze_unmapped_tokens.py,.py,source_system,misc,target_related_content,content,,content_match_target_pattern,,,,,14395,2025-10-07T18:48:30.266283+00:00,2025-10-07T11:19:58.554734+00:00,0029d923e2581c89805952e8a437d2de16775a645d003c32bdcde6fd2c0d4b37,14395,true,true
5,C:\Users\mydyi\Documents\New folder\tools\enrich_lexicon.py,C:,enrich_lexicon.py,.py,source_system,misc,target_related_content,content,,content_match_target_pattern,,,,,22485,2025-10-07T18:48:30.273080+00:00,2025-10-07T10:09:06.163551+00:00,075fdf87e90181066aaadc7121c252b0706333e4f70388c373349e18ef1cd1b2,22485,true,true
5,C:\Users\mydyi\Documents\New folder\tools\rebuild_lexicon.py,C:,rebuild_lexicon.py,.py,source_system,misc,target_related_content,content,,content_match_target_pattern,,,,,10330,2025-10-07T18:48:30.279474+00:00,2025-10-06T11:21:31.119994+00:00,fa374d725b56bd50672051c6113570062796ab52f0fb52b8fcf394a3b4a4633a,10330,true,true
5,C:\Users\mydyi\Documents\New folder\tools\rebuild_lexicon_a_wordnet.py,C:,rebuild_lexicon_a_wordnet.py,.py,source_system,misc,target_related_content,content,,content_match_target_pattern,,,,,4584,2025-10-07T18:48:30.283313+00:00,2025-10-07T10:09:06.163551+00:00,43064a021ba1b4263b6d034013f2498b548a7efac664c1b37e78fb9fc82ffe53,4584,true,true
5,C:\Users\mydyi\Documents\New folder\tools\rebuild_lexicon_wordnet.py,C:,rebuild_lexicon_wordnet.py,.py,source_system,misc,target_related_content,content,,content_match_target_pattern,,,,,4252,2025-10-07T18:48:30.285313+00:00,2025-10-07T10:56:25.401003+00:00,5897980ed538b9cec88864448aacf1789673bf27c72112777973025d470ed530,4252,true,true
5,C:\Users\mydyi\Documents\New folder\tools\test_unmapped_workflow.py,C:,test_unmapped_workflow.py,.py,source_system,misc,target_related_content,content,,content_match_target_pattern,,,,,8983,2025-10-07T18:48:30.288314+00:00,2025-10-07T11:26:14.676434+00:00,d6c3bf32a6e844c52066ad0c1fcac8f022859d17af5da724a18ec521fb7673aa,8983,true,true
5,C:\Users\mydyi\Documents\New folder\tools\validate_lexicon_schema.py,C:,validate_lexicon_schema.py,.py,source_system,misc,target_related_content,content,,content_match_target_pattern,,,,,2765,2025-10-07T18:48:30.289986+00:00,2025-10-06T11:21:31.119994+00:00,12d4a5307e01f4e1d3345b110bbce1e59895b9022e8e1351100fcb71c1ca9f55,2765,true,true
5,C:\Users\mydyi\Documents\New folder\ui\forest_ui.js,C:,forest_ui.js,.js,source_system,misc,target_related_content,content,,content_match_target_pattern,,,,,35053,2025-10-07T18:48:30.322028+00:00,2025-10-07T01:02:24.341305+00:00,dee3ea49d103dcc690bd01fe2d507f0bdc73fbbff00339d7ebd98f9a66c9c511,35053,true,true
5,C:\Users\mydyi\Documents\New folder\ui\index.html,C:,index.html,.html,source_or_document,misc,target_related_content,content,,content_match_target_pattern,,,,,16586,2025-10-07T18:48:30.354457+00:00,2025-10-07T01:02:24.335481+00:00,dffad4ed3928864adfd07e5dd74cd8f154d71b7c981520e1f895638674d0479f,16586,true,true
5,C:\Users\mydyi\Downloads\05b6e602532b3d075340cbcc28a8c83e4d269fb9a6179f9cc2c87c077f3584ee-2026-04-07-12-48-39-ad0041cbbad646f5a0a32474b8d459eb\chat.html,C:,chat.html,.html,source_or_document,misc,target_related_content,content,,content_match_target_pattern,,,,,145052747,2026-04-07T16:46:42+00:00,2026-04-09T23:09:47.399541+00:00,3399923c1dda33a27d575bc6e51f0e3e598e5b790af37aeb1d752655435a7152,145052747,true,true
5,C:\Users\mydyi\Downloads\05b6e602532b3d075340cbcc28a8c83e4d269fb9a6179f9cc2c87c077f3584ee-2026-04-07-12-48-39-ad0041cbbad646f5a0a32474b8d459eb\file_00000000565c71f7ab617791ec8158ad-cascade_demo.py,C:,file_00000000565c71f7ab617791ec8158ad-cascade_demo.py,.py,source_system,misc,target_related_content,content,,content_match_target_pattern,,,,,14805,2026-04-07T16:46:44+00:00,2026-04-09T23:09:56.252761+00:00,03262dcb47f3f4c796583625d1967f58c4b8cf24c1b9eee60903c022b8815adf,14805,true,true
5,C:\Users\mydyi\Downloads\block_governance_js.js,C:,block_governance_js.js,.js,source_system,misc,target_related_content,content,,content_match_target_pattern,,,,,20150,2026-02-12T12:42:02.756636+00:00,2026-02-12T12:42:02.756636+00:00,8775d269ecf915a865ff2bc8cae2c8100955b45821fcba82ddc24c92d4d66efa,20150,true,true
5,C:\Users\mydyi\Downloads\ffmpeg-8.0-essentials_build\ffmpeg-8.0-essentials_build\doc\faq.html,C:,faq.html,.html,source_or_document,misc,target_related_content,content,,content_match_target_pattern,,,,,65088,2025-08-22T20:52:22+00:00,2025-09-11T21:08:08.033933+00:00,12e4eaa685c874b975e9ad774aabd588871088a877f531ba2f7aa628b1670c45,65088,true,true
5,C:\Users\mydyi\Downloads\ffmpeg-8.0-essentials_build\ffmpeg-8.0-essentials_build\doc\ffmpeg-all.html,C:,ffmpeg-all.html,.html,source_or_document,misc,target_related_content,content,,content_match_target_pattern,,,,,3007663,2025-08-22T20:52:22+00:00,2025-09-11T21:08:08.054905+00:00,eb14072ed43ecdc099f2320c7f813138e7feebbf5b96cce4e5d1773847e61768,3007663,true,true
5,C:\Users\mydyi\Downloads\ffmpeg-8.0-essentials_build\ffmpeg-8.0-essentials_build\doc\ffmpeg-bitstream-filters.html,C:,ffmpeg-bitstream-filters.html,.html,source_or_document,misc,target_related_content,content,,content_match_target_pattern,,,,,60991,2025-08-22T20:52:22+00:00,2025-09-11T21:08:08.054905+00:00,d9cbce7bab234cb93dc64eefc28725a0c6f4561c1d9ff3d576293ea1e6d2edd8,60991,true,true
5,C:\Users\mydyi\Downloads\ffmpeg-8.0-essentials_build\ffmpeg-8.0-essentials_build\doc\ffmpeg-codecs.html,C:,ffmpeg-codecs.html,.html,source_or_document,misc,target_related_content,content,,content_match_target_pattern,,,,,342418,2025-08-22T20:52:22+00:00,2025-09-11T21:08:08.054905+00:00,ceb38f956d937a75f10c67de93d37aee94a4c27da3afea43ede4b766e6282541,342418,true,true
5,C:\Users\mydyi\Downloads\ffmpeg-8.0-essentials_build\ffmpeg-8.0-essentials_build\doc\ffmpeg-devices.html,C:,ffmpeg-devices.html,.html,source_or_document,misc,target_related_content,content,,content_match_target_pattern,,,,,112837,2025-08-22T20:52:22+00:00,2025-09-11T21:08:08.067979+00:00,4cbeaf4948a0c267ea4de2f8bdaae49b169bd7d1a69202a4cf71fe79d9deb1a5,112837,true,true
5,C:\Users\mydyi\Downloads\ffmpeg-8.0-essentials_build\ffmpeg-8.0-essentials_build\doc\ffmpeg-filters.html,C:,ffmpeg-filters.html,.html,source_or_document,misc,target_related_content,content,,content_match_target_pattern,,,,,1660563,2025-08-22T20:52:22+00:00,2025-09-11T21:08:08.079545+00:00,a99ca7fef977091a7138f38541a1ed3de6d1c859ab14df3938b14bf2ba1975ee,1660563,true,true
5,C:\Users\mydyi\Downloads\ffmpeg-8.0-essentials_build\ffmpeg-8.0-essentials_build\doc\ffmpeg-formats.html,C:,ffmpeg-formats.html,.html,source_or_document,misc,target_related_content,content,,content_match_target_pattern,,,,,322775,2025-08-22T20:52:22+00:00,2025-09-11T21:08:08.083551+00:00,60d89c9342e8f8bb03a4361d4a6ad913ab4d1acc25af2a81d8678b2863370b68,322775,true,true
5,C:\Users\mydyi\Downloads\ffmpeg-8.0-essentials_build\ffmpeg-8.0-essentials_build\doc\ffmpeg-protocols.html,C:,ffmpeg-protocols.html,.html,source_or_document,misc,target_related_content,content,,content_match_target_pattern,,,,,111588,2025-08-22T20:52:22+00:00,2025-09-11T21:08:08.088559+00:00,0e6c2a211fc55cb2dd2256430a710d5f08bfefbbeaf9dd5fbebf4dbcb64f541b,111588,true,true
5,C:\Users\mydyi\Downloads\ffmpeg-8.0-essentials_build\ffmpeg-8.0-essentials_build\doc\ffmpeg-resampler.html,C:,ffmpeg-resampler.html,.html,source_or_document,misc,target_related_content,content,,content_match_target_pattern,,,,,13818,2025-08-22T20:52:22+00:00,2025-09-11T21:08:08.092565+00:00,ef33b5c00313e980fd8bef875e48ad49534f8d4da3acd62c2cb121cf2f767986,13818,true,true
5,C:\Users\mydyi\Downloads\ffmpeg-8.0-essentials_build\ffmpeg-8.0-essentials_build\doc\ffmpeg-scaler.html,C:,ffmpeg-scaler.html,.html,source_or_document,misc,target_related_content,content,,content_match_target_pattern,,,,,9148,2025-08-22T20:52:22+00:00,2025-09-11T21:08:08.096570+00:00,1729255c932ccf4d91e4caf67ded294b10a6f082bc592e72f86224a19287cb34,9148,true,true
5,C:\Users\mydyi\Downloads\ffmpeg-8.0-essentials_build\ffmpeg-8.0-essentials_build\doc\ffmpeg.html,C:,ffmpeg.html,.html,source_or_document,misc,target_related_content,content,,content_match_target_pattern,,,,,215687,2025-08-22T20:52:22+00:00,2025-09-11T21:08:08.106270+00:00,1239a3817dac06cb269a09cea80d4573ee2fe06869767a06aa8ae3db110540c6,215687,true,true
5,C:\Users\mydyi\Downloads\ffmpeg-8.0-essentials_build\ffmpeg-8.0-essentials_build\doc\ffplay-all.html,C:,ffplay-all.html,.html,source_or_document,misc,target_related_content,content,,content_match_target_pattern,,,,,2325352,2025-08-22T20:52:22+00:00,2025-09-11T21:08:08.118100+00:00,58c8310d2d1b52fa18b95239275844640c9b57f6391f6d5898666292af121060,2325352,true,true
5,C:\Users\mydyi\Downloads\ffmpeg-8.0-essentials_build\ffmpeg-8.0-essentials_build\doc\ffplay.html,C:,ffplay.html,.html,source_or_document,misc,target_related_content,content,,content_match_target_pattern,,,,,41496,2025-08-22T20:52:22+00:00,2025-09-11T21:08:08.124525+00:00,891c59d348249afe14ddc7e8b2a940d5f3bbe95ded003456fb50cfab13160eac,41496,true,true
5,C:\Users\mydyi\Downloads\ffmpeg-8.0-essentials_build\ffmpeg-8.0-essentials_build\doc\ffprobe-all.html,C:,ffprobe-all.html,.html,source_or_document,misc,target_related_content,content,,content_match_target_pattern,,,,,2341400,2025-08-22T20:52:22+00:00,2025-09-11T21:08:08.138040+00:00,dce76c2ffe3bbb686c0a19f0abd2e9f9b1f61bed78ef16751b88654e322b68d1,2341400,true,true
5,C:\Users\mydyi\Downloads\ffmpeg-8.0-essentials_build\ffmpeg-8.0-essentials_build\doc\ffprobe.html,C:,ffprobe.html,.html,source_or_document,misc,target_related_content,content,,content_match_target_pattern,,,,,57470,2025-08-22T20:52:22+00:00,2025-09-11T21:08:08.140042+00:00,7e2880aa23f856b0224956945d5dcbc338ef534e7623d1912a51294017fc9ad3,57470,true,true
5,C:\Users\mydyi\Downloads\ffmpeg-8.0-essentials_build\ffmpeg-8.0-essentials_build\doc\general.html,C:,general.html,.html,source_or_document,misc,target_related_content,content,,content_match_target_pattern,,,,,125459,2025-08-22T20:52:22+00:00,2025-09-11T21:08:08.140042+00:00,6f583b0151464a42df5fb835235249c3e1400cfc1a23cabc0674cda03fbfad36,125459,true,true
5,C:\Users\mydyi\Downloads\ffmpeg-8.0-essentials_build\ffmpeg-8.0-essentials_build\doc\git-howto.html,C:,git-howto.html,.html,source_or_document,misc,target_related_content,content,,content_match_target_pattern,,,,,27737,2025-08-22T20:52:22+00:00,2025-09-11T21:08:08.150024+00:00,e44ed6484fa73f819c59494c68be232728319250bd86c6e32a760ddca620e108,27737,true,true
5,C:\Users\mydyi\Downloads\files chat block governance\block_governance_js.js,C:,block_governance_js.js,.js,source_system,misc,target_related_content,content,,content_match_target_pattern,,,,,20150,2026-02-12T17:42:22+00:00,2026-02-12T13:06:33.916782+00:00,8775d269ecf915a865ff2bc8cae2c8100955b45821fcba82ddc24c92d4d66efa,20150,true,true
5,C:\Users\mydyi\OneDrive\Documents\Desktop\Python_Reasoning_Functions_20260515_173030\ALL_EXTRACTED_FUNCTIONS.py,C:,ALL_EXTRACTED_FUNCTIONS.py,.py,source_system,misc,target_related_content,content,,content_match_target_pattern,,,,,11376872,2026-05-15T21:30:44.222776+00:00,2026-05-15T21:30:44.271906+00:00,9b19a6ffec8c7c7bc187e5c5a3261b361a3cf00eeb1cf42f2fb84c661580a626,11376872,true,true
5,C:\Users\mydyi\OneDrive\Documents\Desktop\Python_Reasoning_Functions_20260515_173222\ALL_EXTRACTED_FUNCTIONS.py,C:,ALL_EXTRACTED_FUNCTIONS.py,.py,source_system,misc,target_related_content,content,,content_match_target_pattern,,,,,11715417,2026-05-15T21:32:27.571594+00:00,2026-05-15T21:32:27.636198+00:00,115b6fa71207dd436e49510a77bd049a3ee8a49c68a90cb8390795a17b6ca2c3,11715417,true,true
5,C:\Users\mydyi\OneDrive\Documents\Desktop\sovereign-data-engine\anchor\anchor_module.py,C:,anchor_module.py,.py,source_system,misc,target_related_content,content,,content_match_target_pattern,,,,,32056,2026-03-19T20:18:09.780932+00:00,2025-06-08T10:33:38+00:00,22f4af83ec126ec845700bf59aa0d88d85ecaa05441c2c4c6fb2d27079c53fcc,32056,true,true
5,C:\Users\mydyi\OneDrive\Documents\Desktop\sovereign-data-engine\bloom\bloom_module.py,C:,bloom_module.py,.py,source_system,misc,target_related_content,content,,content_match_target_pattern,,,,,28427,2026-03-19T20:18:09.803388+00:00,2025-06-08T10:32:13+00:00,6dc703affc3b881c38a77e12fd7d12fa55aa0aca8837950abc765f08d4befef7,28427,true,true
5,E:\TrueCore-Agent-Library-main\TrueCore-Agent-Library-main\phase_c_infer.py,E:,phase_c_infer.py,.py,source_system,misc,target_related_content,content,,content_match_target_pattern,,,,,24864,2026-04-02T09:19:02+00:00,2026-04-09T22:42:30.441603+00:00,9e56f63ae18847b10c2c68661a7db9df2d2dd5267fcbb1b8cd29be39e7cfcc0f,24864,true,true
3,C:\Users\mydyi\ClearboxAISocial\marketplace\my_listings.jsonl,C:,my_listings.jsonl,.jsonl,data_or_config,clearbox,target_related_content,content,,content_match_target_pattern,,,,,1479,2026-03-20T19:55:37.655922+00:00,2026-03-20T19:55:37.689422+00:00,d522a1b0850914376bfe6424dcff7e122d5958741fce42b33ee5f1313129c372,1479,true,true
3,C:\Users\mydyi\ClearboxAISocial\profile\my_profile.json,C:,my_profile.json,.json,data_or_config,clearbox,target_related_content,content,,content_match_target_pattern,,,,,648,2026-03-20T19:55:37.655579+00:00,2026-03-20T19:55:37.655579+00:00,f992085bd715abd356729b9c85a357ca656cb6f3bf6822545e10bb25e0e49bc1,648,true,true
3,C:\Users\mydyi\Desktop\Clearbox-616-Standalone\data\lexicon\alias_map.json,C:,alias_map.json,.json,data_or_config,clearbox,target_related_content,content,,content_match_target_pattern,,,,,115453,2026-04-10T18:20:19.411072+00:00,2026-04-10T21:36:17.078815+00:00,9749aeb8b59c3e0d683247cebabe7622129f92050a41bc97381a7b68aee9085d,115453,true,true
3,C:\Users\mydyi\Desktop\Clearbox-616-Standalone\data\lexicon\backups\alias_map.20260410_193337.json,C:,alias_map.20260410_193337.json,.json,data_or_config,clearbox,target_related_content,content,,content_match_target_pattern,,,,,108309,2026-04-10T19:33:37.016199+00:00,2026-04-10T18:20:19.411072+00:00,57ca5df08f3d1afc1ec919a708a56a9cfe37499806c9e8629528be00356d1a78,108309,true,true
3,C:\Users\mydyi\Desktop\Clearbox-616-Standalone\data\lexicon\backups\local_overlay.20260410_193337.json,C:,local_overlay.20260410_193337.json,.json,data_or_config,clearbox,target_related_content,content,,content_match_target_pattern,,,,,6947709,2026-04-10T19:33:37.018201+00:00,2026-04-10T18:20:19.980020+00:00,fdd256f41d39f4a6e0a14f653381497bb903d799ebeb7182cedd5078cc44ddcd,6947709,true,true
3,C:\Users\mydyi\Desktop\Clearbox-616-Standalone\data\lexicon\local_overlay.json,C:,local_overlay.json,.json,data_or_config,clearbox,target_related_content,content,,content_match_target_pattern,,,,,6890672,2026-04-10T18:20:19.955653+00:00,2026-04-10T21:36:17.522429+00:00,4e6d228868818e9ff85060fc938ab762a6b2a5e7a3831359ca36be7ae2a407f3,6890672,true,true
3,C:\Users\mydyi\Desktop\Clearbox-616-Standalone\data\lexicon_canonical\canonical_C.json,C:,canonical_C.json,.json,data_or_config,clearbox,target_related_content,content,,content_match_target_pattern,,,,,16322115,2026-04-10T21:38:28.285261+00:00,2026-04-10T21:38:28.296271+00:00,0086fcba5257a6820143152615bb5aa7c26206e7219475c40403e92d7782d971,16322115,true,true
3,C:\Users\mydyi\Desktop\Clearbox-616-Standalone\data\lexicon_canonical\canonical_E.json,C:,canonical_E.json,.json,data_or_config,clearbox,target_related_content,content,,content_match_target_pattern,,,,,7706247,2026-04-10T21:38:28.319112+00:00,2026-04-10T21:38:28.327137+00:00,9e0db9b474a5e6063e2d79b5d69dbda5f2d02d8895ebbb325062c4bc65a25350,7706247,true,true
3,C:\Users\mydyi\Desktop\Clearbox-616-Standalone\data\lexicon_canonical\canonical_F.json,C:,canonical_F.json,.json,data_or_config,clearbox,target_related_content,content,,content_match_target_pattern,,,,,6038458,2026-04-10T21:38:28.337167+00:00,2026-04-10T21:38:28.341186+00:00,68106c2615de5b085d680a25405a6470478c536eb2b422adc5b3e3be455e177f,6038458,true,true
3,C:\Users\mydyi\Desktop\Clearbox-616-Standalone\data\lexicon_canonical\canonical_J.json,C:,canonical_J.json,.json,data_or_config,clearbox,target_related_content,content,,content_match_target_pattern,,,,,1460588,2026-04-10T21:38:28.390281+00:00,2026-04-10T21:38:28.392308+00:00,5ef889a00368445a154d9f1a4b7085964d1e0832e9197720d574cf526b536cb0,1460588,true,true
3,C:\Users\mydyi\Desktop\Clearbox-616-Standalone\data\lexicon_canonical\canonical_MISC.json,C:,canonical_MISC.json,.json,data_or_config,clearbox,target_related_content,content,,content_match_target_pattern,,,,,475815,2026-04-10T21:38:28.441367+00:00,2026-04-10T21:38:28.442372+00:00,9c31da058b3e698113473d0560863c51c53fcc68ca8f8aebc3bd011ec4590724,475815,true,true
3,C:\Users\mydyi\Desktop\Clearbox-616-Standalone\data\lexicon_canonical\canonical_O.json,C:,canonical_O.json,.json,data_or_config,clearbox,target_related_content,content,,content_match_target_pattern,,,,,4987195,2026-04-10T21:38:28.452922+00:00,2026-04-10T21:38:28.467561+00:00,f691e44f9e8073e33ba75f1ac5281162e810fa4e1dfe8792b924712b64552dcc,4987195,true,true
3,C:\Users\mydyi\Desktop\Clearbox-616-Standalone\data\lexicon_canonical\canonical_P.json,C:,canonical_P.json,.json,data_or_config,clearbox,target_related_content,content,,content_match_target_pattern,,,,,18637753,2026-04-10T21:38:28.469570+00:00,2026-04-10T21:38:28.487268+00:00,3c4db76ac2715b2745af1b396fc7dedd0868c8a25ff4a5083ff86cefacdc382c,18637753,true,true
3,C:\Users\mydyi\Desktop\Clearbox-616-Standalone\data\lexicon_canonical\canonical_R.json,C:,canonical_R.json,.json,data_or_config,clearbox,target_related_content,content,,content_match_target_pattern,,,,,7924911,2026-04-10T21:38:28.510567+00:00,2026-04-10T21:38:28.515567+00:00,52ccea400bdf83815488614d82f15ff784e228e2f1b85360986f2484d8b4ec21,7924911,true,true
3,C:\Users\mydyi\Desktop\Clearbox-616-Standalone\data\lexicon_canonical\canonical_S.json,C:,canonical_S.json,.json,data_or_config,clearbox,target_related_content,content,,content_match_target_pattern,,,,,17247810,2026-04-10T21:38:28.519186+00:00,2026-04-10T21:38:28.534203+00:00,52bb30dfbeca27a9ac6b85674f180b9b3d6723758627a5099e061ef8e3f038f6,17247810,true,true
3,C:\Users\mydyi\Desktop\Clearbox-616-Standalone\data\lexicon_canonical\canonical_T.json,C:,canonical_T.json,.json,data_or_config,clearbox,target_related_content,content,,content_match_target_pattern,,,,,10318489,2026-04-10T21:38:28.542501+00:00,2026-04-10T21:38:28.549589+00:00,6c33ceb655ba6d05f3c961788f09d7c475f5a9d074770ad4d8bfc6907149cf1d,10318489,true,true
3,C:\Users\mydyi\Desktop\Clearbox-616-Standalone\data\maps\rcpt_20260410_132003_c26a5157.chat_export_conversations_000json_060_multi_session_engineering_flow.map.json,C:,rcpt_20260410_132003_c26a5157.chat_export_conversations_000json_060_multi_session_engineering_flow.map.json,.json,data_or_config,clearbox,target_related,filename_or_path,session,,,,,,8206333,2026-04-10T13:20:03.927851+00:00,2026-04-10T13:20:03.944274+00:00,b44a779dbc74cf8ebbc2fdfa084e04bd5206fc3f1c03e398569ff31d18602738,8206333,true,true
3,C:\Users\mydyi\Desktop\Clearbox-616-Standalone\data\receipts\rcpt_20260410_132003_c26a5157.chat_export_conversations_000json_060_multi_session_engineering_flow.receipt.json,C:,rcpt_20260410_132003_c26a5157.chat_export_conversations_000json_060_multi_session_engineering_flow.receipt.json,.json,data_or_config,clearbox,target_related,filename_or_path,session,,,,,,617,2026-04-10T13:20:03.484456+00:00,2026-04-10T13:20:03.485459+00:00,218d98e0ca6548002f552c6d3ef09f66f1cfb069e6d118fb58061da6aa10ab02,617,true,true
3,C:\Users\mydyi\Desktop\Clearbox-616-Standalone\data\reports\ml_packages_alias_corrections.tsv,C:,ml_packages_alias_corrections.tsv,.tsv,data_or_config,clearbox,target_related_content,content,,content_match_target_pattern,,,,,112055,2026-04-10T18:20:24.356509+00:00,2026-04-10T18:20:24.373254+00:00,17d2a96c4e3c46725e19f5b02d3ddfd2fc4a83028b366e2f95c6a9b9b4d70492,112055,true,true
3,C:\Users\mydyi\Desktop\Clearbox-616-Standalone\data\reports\ml_packages_alias_kept.tsv,C:,ml_packages_alias_kept.tsv,.tsv,data_or_config,clearbox,target_related_content,content,,content_match_target_pattern,,,,,166856,2026-04-10T19:33:39.667828+00:00,2026-04-10T19:33:39.667828+00:00,83f70c314ff8fa8f85c76681b9df04df862ab08f34b0f41ab70362c2be464ef2,166856,true,true
3,C:\Users\mydyi\Desktop\Clearbox-616-Standalone\data\reports\ml_packages_alias_removed.tsv,C:,ml_packages_alias_removed.tsv,.tsv,data_or_config,clearbox,target_related_content,content,,content_match_target_pattern,,,,,9396,2026-04-10T19:33:39.667828+00:00,2026-04-10T19:33:39.667828+00:00,9a2a3bb6bcfc22e02437d0ad3431c62688bab7cd6bfb634dea78ef3c39637c1b,9396,true,true
3,C:\Users\mydyi\Desktop\Clearbox-616-Standalone\data\reports\ml_packages_overlay_kept.tsv,C:,ml_packages_overlay_kept.tsv,.tsv,data_or_config,clearbox,target_related_content,content,,content_match_target_pattern,,,,,732624,2026-04-10T19:33:39.700998+00:00,2026-04-10T19:33:39.700998+00:00,a6a2491ef1fe0c97aa4d66c3765a7da3c3734ac5ee301fe1bbf7d1b952177dd7,732624,true,true
3,C:\Users\mydyi\Desktop\Clearbox-616-Standalone\data\reports\ml_packages_uncovered_words.tsv,C:,ml_packages_uncovered_words.tsv,.tsv,data_or_config,clearbox,target_related_content,content,,content_match_target_pattern,,,,,539800,2026-04-10T18:20:24.356509+00:00,2026-04-10T18:20:24.356509+00:00,ba20f6149bbda743ce53f234479c53c8ba73724cb2cdd0899c4651a35a2716b1,539800,true,true
3,C:\Users\mydyi\OneDrive\Documents\Desktop\clearbox-plugins\chat_packs\packs\openrefine_export_pipeline\lesson.txt,C:,lesson.txt,.txt,document,clearbox,target_related_content,content,,content_match_target_pattern,,,,,4329,2026-03-03T21:59:20.510916+00:00,2026-03-03T21:49:38.511908+00:00,90b9056e271938dc1877a6b9d9daa73e24f7d9e05872788f343db33b69b73350,4329,true,true
3,C:\Users\mydyi\OneDrive\Documents\Desktop\clearbox-plugins\chat_packs\packs\openrefine_export_pipeline\metadata.json,C:,metadata.json,.json,data_or_config,clearbox,target_related_content,content,,content_match_target_pattern,,,,,426,2026-03-03T21:59:20.510916+00:00,2026-03-03T21:49:38.486903+00:00,47effbfcd2da0b7fe636ed2000a5591f26fea3dd4f8b6a4bc78dc8f7adfcd593,426,true,true
3,C:\Users\mydyi\OneDrive\Documents\Desktop\clearbox-plugins\chat_packs\packs\openrefine_export_pipeline\questions.json,C:,questions.json,.json,data_or_config,clearbox,target_related_content,content,,content_match_target_pattern,,,,,1529,2026-03-03T21:59:20.526769+00:00,2026-03-03T21:49:38.502405+00:00,84ffd9d8e12bcdc9f480e15f4389a7c3db01eb94f591c5672942dbb941376fd7,1529,true,true
