Bucket,Family,Score,OriginalPath,CopiedPath,FileName,SizeBytes,LastWriteTime,CollectorTerms,MachineTerms,ReasonTerms,WriteTerms,SensitiveTerms,LikelyTestOrBackup
high_confidence_log_reasoners,arc_solver,42,H:\arc_production_solver\cod_616\modules\yolo_detector.py,H:\AnchorWorks_reasoning_toolbox_pull_list\Machine_Log_Reasoners_CURATED_20260515_190413\files\high_confidence_log_reasoners\arc_solver\d76b22e2aaa6__yolo_detector.py,yolo_detector.py,13211,2025-11-26T03:50:36,capture;perf,cpu;cv2.videocapture;input;keyboard;process;videocapture;webcam,detector;infer;inference;model;predict,,cv2.videocapture,False
high_confidence_log_reasoners,arc_solver,41,H:\arc_production_solver\cod_616\recognition\recognition_field.py,H:\AnchorWorks_reasoning_toolbox_pull_list\Machine_Log_Reasoners_CURATED_20260515_190413\files\high_confidence_log_reasoners\arc_solver\17fb300cffef__recognition_field.py,recognition_field.py,20069,2025-11-26T05:27:06,activity;capture;log;metric;metrics;telemetry,gamepad;input;network,analyze;classif;correlat;pattern;score,json.dump;open(,,False
high_confidence_log_reasoners,arc_solver,39,H:\arc_production_solver\arc_cli.py,H:\AnchorWorks_reasoning_toolbox_pull_list\Machine_Log_Reasoners_CURATED_20260515_190413\files\high_confidence_log_reasoners\arc_solver\ca78930da4c0__arc_cli.py,arc_cli.py,21417,2026-01-30T19:57:36,log;metric;perf;performance;trace,input;system,analyze;diagnostic;evaluate;pattern;predict;reason;reasoning,json.dump;open(,,False
high_confidence_log_reasoners,arc_solver,39,H:\arc_production_solver\cod_616\match_fingerprint_builder.py,H:\AnchorWorks_reasoning_toolbox_pull_list\Machine_Log_Reasoners_CURATED_20260515_190413\files\high_confidence_log_reasoners\arc_solver\5b291d0f8457__match_fingerprint_builder.py,match_fingerprint_builder.py,33175,2025-11-26T13:48:34,activity;event;watch,gamepad;input;movement;network;packet;process;system;trigger,correlat;pattern;score,,,False
high_confidence_log_reasoners,arc_solver,38,H:\arc_production_solver\cod_616\modules\network_telemetry.py,H:\AnchorWorks_reasoning_toolbox_pull_list\Machine_Log_Reasoners_CURATED_20260515_190413\files\high_confidence_log_reasoners\arc_solver\721e2fc27ba0__network_telemetry.py,network_telemetry.py,9273,2025-11-25T17:59:12,capture;history;metric;metrics;perf;telemetry,keyboard;network;packet;process;subprocess;system,pattern,,,False
high_confidence_log_reasoners,arc_solver,37,H:\arc_production_solver\cod_616\cod_live_runner.py,H:\AnchorWorks_reasoning_toolbox_pull_list\Machine_Log_Reasoners_CURATED_20260515_190413\files\high_confidence_log_reasoners\arc_solver\47e034e35c4a__cod_live_runner.py,cod_live_runner.py,18650,2025-11-26T05:27:06,capture;log;logging;monitor;telemetry,gamepad;input;keyboard;network,detector;model;score,json.dump;open(,,False
high_confidence_log_reasoners,arc_solver,36,H:\arc_production_solver\arc_organ\arc_operators.py,H:\AnchorWorks_reasoning_toolbox_pull_list\Machine_Log_Reasoners_CURATED_20260515_190413\files\high_confidence_log_reasoners\arc_solver\e3bdb48f917d__arc_operators.py,arc_operators.py,111807,2025-11-30T14:34:56,capture;log;metric;perf,input;movement,analyze;classif;detector;infer;inference;insight;pattern;reason;reasoning,,,False
high_confidence_log_reasoners,arc_solver,36,H:\arc_production_solver\cod_616\arc_organ\arc_operators.py,H:\AnchorWorks_reasoning_toolbox_pull_list\Machine_Log_Reasoners_CURATED_20260515_190413\files\high_confidence_log_reasoners\arc_solver\fdd6a5bca593__arc_operators.py,arc_operators.py,102089,2025-11-28T09:52:20,capture;log;metric;perf,input;movement,analyze;classif;detector;infer;inference;insight;pattern;reason;reasoning,,,False
high_confidence_log_reasoners,arc_solver,32,H:\arc_production_solver\cod_616\modules\gamepad_capture.py,H:\AnchorWorks_reasoning_toolbox_pull_list\Machine_Log_Reasoners_CURATED_20260515_190413\files\high_confidence_log_reasoners\arc_solver\42eb76fff642__gamepad_capture.py,gamepad_capture.py,10240,2025-11-25T17:59:12,capture;event;history;perf,gamepad;input;keyboard;movement;process;trigger,pattern,,,False
high_confidence_log_reasoners,arc_solver,31,H:\arc_production_solver\arc_organ\arc_task_runner.py,H:\AnchorWorks_reasoning_toolbox_pull_list\Machine_Log_Reasoners_CURATED_20260515_190413\files\high_confidence_log_reasoners\arc_solver\626066dc7120__arc_task_runner.py,arc_task_runner.py,9987,2025-11-26T21:33:28,log,input;thermal,analyze;classif;evaluate;infer;inference;pattern;predict;reason;reasoning;score,open(,,False
high_confidence_log_reasoners,arc_solver,31,H:\arc_production_solver\cod_616\arc_organ\arc_task_runner.py,H:\AnchorWorks_reasoning_toolbox_pull_list\Machine_Log_Reasoners_CURATED_20260515_190413\files\high_confidence_log_reasoners\arc_solver\4d4fcb662f79__arc_task_runner.py,arc_task_runner.py,9987,2025-11-26T21:33:28,log,input;thermal,analyze;classif;evaluate;infer;inference;pattern;predict;reason;reasoning;score,open(,,False
high_confidence_log_reasoners,arc_solver,30,H:\arc_production_solver\cod_616\modules\fusion_616_engine.py,H:\AnchorWorks_reasoning_toolbox_pull_list\Machine_Log_Reasoners_CURATED_20260515_190413\files\high_confidence_log_reasoners\arc_solver\eefc62714a09__fusion_616_engine.py,fusion_616_engine.py,14548,2025-11-26T05:02:52,capture;history;perf;telemetry,gamepad;input;network;process,correlat;pattern;score,,,False
high_confidence_log_reasoners,arc_solver,27,H:\arc_production_solver\arc_organ\arc_resonance_state_v2.py,H:\AnchorWorks_reasoning_toolbox_pull_list\Machine_Log_Reasoners_CURATED_20260515_190413\files\high_confidence_log_reasoners\arc_solver\9c906318ce5d__arc_resonance_state_v2.py,arc_resonance_state_v2.py,20676,2025-11-26T21:37:22,log;logging;metric;perf,input,pattern;reason;reasoning;score,.log;logging.,,False
high_confidence_log_reasoners,arc_solver,27,H:\arc_production_solver\cod_616\arc_organ\arc_resonance_state_v2.py,H:\AnchorWorks_reasoning_toolbox_pull_list\Machine_Log_Reasoners_CURATED_20260515_190413\files\high_confidence_log_reasoners\arc_solver\e2ce06bac587__arc_resonance_state_v2.py,arc_resonance_state_v2.py,20676,2025-11-26T21:37:22,log;logging;metric;perf,input,pattern;reason;reasoning;score,.log;logging.,,False
high_confidence_log_reasoners,arc_solver,26,H:\arc_production_solver\cod_616\recognition\recognition_cli.py,H:\AnchorWorks_reasoning_toolbox_pull_list\Machine_Log_Reasoners_CURATED_20260515_190413\files\high_confidence_log_reasoners\arc_solver\746d2a47acad__recognition_cli.py,recognition_cli.py,12774,2025-11-26T05:27:06,log;metric;metrics;telemetry,gamepad;network,analyze;score,json.dump;open(,,False
high_confidence_log_reasoners,arc_solver,25,H:\arc_production_solver\tools\system_status_report.py,H:\AnchorWorks_reasoning_toolbox_pull_list\Machine_Log_Reasoners_CURATED_20260515_190413\files\high_confidence_log_reasoners\arc_solver\dc78dcc28b79__system_status_report.py,system_status_report.py,8787,2025-11-30T17:15:20,log;metric;metrics;perf;performance;session,system,pattern,.jsonl,,False
high_confidence_log_reasoners,arc_solver,23,H:\arc_production_solver\cod_616\modules\audio_resonance_state.py,H:\AnchorWorks_reasoning_toolbox_pull_list\Machine_Log_Reasoners_CURATED_20260515_190413\files\high_confidence_log_reasoners\arc_solver\5e786bcc94eb__audio_resonance_state.py,audio_resonance_state.py,19958,2025-11-26T13:48:34,activity;event;history;log,process,classif;correlat;score,.log,,False
high_confidence_log_reasoners,arc_solver,22,H:\arc_production_solver\arc_organ\arc_example_fuser.py,H:\AnchorWorks_reasoning_toolbox_pull_list\Machine_Log_Reasoners_CURATED_20260515_190413\files\high_confidence_log_reasoners\arc_solver\1506d0c7f1bc__arc_example_fuser.py,arc_example_fuser.py,13364,2025-11-26T21:41:12,log;metric;metrics,input,correlat;pattern;reason;reasoning;score,,,False
high_confidence_log_reasoners,arc_solver,22,H:\arc_production_solver\cod_616\arc_organ\arc_example_fuser.py,H:\AnchorWorks_reasoning_toolbox_pull_list\Machine_Log_Reasoners_CURATED_20260515_190413\files\high_confidence_log_reasoners\arc_solver\94dae160b70b__arc_example_fuser.py,arc_example_fuser.py,13364,2025-11-26T21:41:12,log;metric;metrics,input,correlat;pattern;reason;reasoning;score,,,False
high_confidence_log_reasoners,arc_solver,22,H:\arc_production_solver\cod_616\test_phase_7.py,H:\AnchorWorks_reasoning_toolbox_pull_list\Machine_Log_Reasoners_CURATED_20260515_190413\files\high_confidence_log_reasoners\arc_solver\8cb21bf8e44b__test_phase_7.py,test_phase_7.py,8562,2025-11-26T05:27:06,capture;metric;metrics;telemetry,gamepad;network,analyze;score,,,False
high_confidence_log_reasoners,arc_solver,21,H:\arc_production_solver\arc_organ\arc_rule_hypothesis.py,H:\AnchorWorks_reasoning_toolbox_pull_list\Machine_Log_Reasoners_CURATED_20260515_190413\files\high_confidence_log_reasoners\arc_solver\2e827ac2f106__arc_rule_hypothesis.py,arc_rule_hypothesis.py,26115,2025-11-27T19:10:02,perf,input;system,analyze;detector;pattern;predict;reason;reasoning,,,False
high_confidence_log_reasoners,arc_solver,21,H:\arc_production_solver\cod_616\arc_organ\arc_rule_hypothesis.py,H:\AnchorWorks_reasoning_toolbox_pull_list\Machine_Log_Reasoners_CURATED_20260515_190413\files\high_confidence_log_reasoners\arc_solver\4d44d0c63c12__arc_rule_hypothesis.py,arc_rule_hypothesis.py,26115,2025-11-27T19:10:02,perf,input;system,analyze;detector;pattern;predict;reason;reasoning,,,False
high_confidence_log_reasoners,arc_solver,21,H:\arc_production_solver\engines\anchor_analyzer.py,H:\AnchorWorks_reasoning_toolbox_pull_list\Machine_Log_Reasoners_CURATED_20260515_190413\files\high_confidence_log_reasoners\arc_solver\f8aed864e1f5__anchor_analyzer.py,anchor_analyzer.py,17612,2025-11-30T18:07:34,perf,input;system,analyse;analyze;analyzer;reason;reasoning;score,,,False
high_confidence_log_reasoners,arc_solver,21,H:\arc_production_solver\tools\expand_rules_with_math.py,H:\AnchorWorks_reasoning_toolbox_pull_list\Machine_Log_Reasoners_CURATED_20260515_190413\files\high_confidence_log_reasoners\arc_solver\d4d8280e829f__expand_rules_with_math.py,expand_rules_with_math.py,9466,2025-11-30T15:15:50,metric,input;process,analyze;pattern,.jsonl;.write(;json.dump;open(,,False
high_confidence_log_reasoners,arc_solver,20,H:\arc_production_solver\arc_organ\arc_recognition_field.py,H:\AnchorWorks_reasoning_toolbox_pull_list\Machine_Log_Reasoners_CURATED_20260515_190413\files\high_confidence_log_reasoners\arc_solver\5f050450a35f__arc_recognition_field.py,arc_recognition_field.py,14749,2025-11-26T20:59:06,log,input,classif;decision;detector;pattern;reason;reasoning;score,,,False
high_confidence_log_reasoners,arc_solver,20,H:\arc_production_solver\arc_organ\color_engine.py,H:\AnchorWorks_reasoning_toolbox_pull_list\Machine_Log_Reasoners_CURATED_20260515_190413\files\high_confidence_log_reasoners\arc_solver\40fd468b37e2__color_engine.py,color_engine.py,23883,2025-11-30T17:15:20,log,input,classif;infer;pattern;predict;reason;reasoning;score,,,False
high_confidence_log_reasoners,arc_solver,20,H:\arc_production_solver\cod_616\arc_organ\arc_recognition_field.py,H:\AnchorWorks_reasoning_toolbox_pull_list\Machine_Log_Reasoners_CURATED_20260515_190413\files\high_confidence_log_reasoners\arc_solver\1ca7266d69b6__arc_recognition_field.py,arc_recognition_field.py,14749,2025-11-26T20:59:06,log,input,classif;decision;detector;pattern;reason;reasoning;score,,,False
high_confidence_log_reasoners,arc_solver,18,H:\arc_production_solver\cod_616\test_yolo_performance.py,H:\AnchorWorks_reasoning_toolbox_pull_list\Machine_Log_Reasoners_CURATED_20260515_190413\files\high_confidence_log_reasoners\arc_solver\5aae45654abb__test_yolo_performance.py,test_yolo_performance.py,4028,2025-11-25T20:12:18,capture;perf;performance,input,detector;infer;inference,,,False
high_confidence_log_reasoners,arc_solver,17,H:\arc_production_solver\arc_core.py,H:\AnchorWorks_reasoning_toolbox_pull_list\Machine_Log_Reasoners_CURATED_20260515_190413\files\high_confidence_log_reasoners\arc_solver\8de1ac8e8cf0__arc_core.py,arc_core.py,31466,2025-11-30T17:21:12,log;trace,input,analyze;pattern;reason;reasoning,,,False
high_confidence_log_reasoners,arc_solver,17,H:\arc_production_solver\arc_organ\arc_pixel_metadata.py,H:\AnchorWorks_reasoning_toolbox_pull_list\Machine_Log_Reasoners_CURATED_20260515_190413\files\high_confidence_log_reasoners\arc_solver\5dec034ce7bf__arc_pixel_metadata.py,arc_pixel_metadata.py,18632,2025-11-26T21:29:28,perf,input;system,classif;pattern;reason;score,,,False
high_confidence_log_reasoners,arc_solver,17,H:\arc_production_solver\cod_616\arc_organ\arc_pixel_metadata.py,H:\AnchorWorks_reasoning_toolbox_pull_list\Machine_Log_Reasoners_CURATED_20260515_190413\files\high_confidence_log_reasoners\arc_solver\4acd529435d0__arc_pixel_metadata.py,arc_pixel_metadata.py,18632,2025-11-26T21:29:28,perf,input;system,classif;pattern;reason;score,,,False
high_confidence_log_reasoners,arc_solver,17,H:\arc_production_solver\tools\generate_close_match_report.py,H:\AnchorWorks_reasoning_toolbox_pull_list\Machine_Log_Reasoners_CURATED_20260515_190413\files\high_confidence_log_reasoners\arc_solver\c9928bda2680__generate_close_match_report.py,generate_close_match_report.py,7085,2025-11-30T17:55:56,,input,analyze;classif;pattern;reason;reasoning,json.dump;open(,,False
high_confidence_log_reasoners,arc_solver,16,H:\arc_production_solver\arc_organ\test_phase_c.py,H:\AnchorWorks_reasoning_toolbox_pull_list\Machine_Log_Reasoners_CURATED_20260515_190413\files\high_confidence_log_reasoners\arc_solver\faa1e6ad1dec__test_phase_c.py,test_phase_c.py,9229,2025-11-26T21:37:22,metric;metrics;perf,input,classif;pattern,,,False
high_confidence_log_reasoners,arc_solver,16,H:\arc_production_solver\cod_616\arc_organ\test_phase_c.py,H:\AnchorWorks_reasoning_toolbox_pull_list\Machine_Log_Reasoners_CURATED_20260515_190413\files\high_confidence_log_reasoners\arc_solver\c28526bd6287__test_phase_c.py,test_phase_c.py,9229,2025-11-26T21:37:22,metric;metrics;perf,input,classif;pattern,,,False
high_confidence_log_reasoners,arc_solver,16,H:\arc_production_solver\engines\rel_engine_v2.py,H:\AnchorWorks_reasoning_toolbox_pull_list\Machine_Log_Reasoners_CURATED_20260515_190413\files\high_confidence_log_reasoners\arc_solver\4245ac29da53__rel_engine_v2.py,rel_engine_v2.py,7051,2025-11-30T18:07:34,metric,input,analyse;analyze;analyzer;pattern;reason,,,False
high_confidence_log_reasoners,arc_solver,16,H:\arc_production_solver\maybe files\visualize_spatial_task.py,H:\AnchorWorks_reasoning_toolbox_pull_list\Machine_Log_Reasoners_CURATED_20260515_190413\files\high_confidence_log_reasoners\arc_solver\18ccf3285b24__visualize_spatial_task.py,visualize_spatial_task.py,10611,2025-11-28T06:30:20,metric,input,analyze;pattern;reason;reasoning,open(,,False
high_confidence_log_reasoners,arc_solver,16,H:\arc_production_solver\solvers\baseline_solver.py,H:\AnchorWorks_reasoning_toolbox_pull_list\Machine_Log_Reasoners_CURATED_20260515_190413\files\high_confidence_log_reasoners\arc_solver\73b2c49992ce__baseline_solver.py,baseline_solver.py,3447,2025-11-29T05:51:40,log;perf;performance,input,analyze;infer,,,False
high_confidence_log_reasoners,arc_solver,16,H:\arc_production_solver\tools\build_rule_database.py,H:\AnchorWorks_reasoning_toolbox_pull_list\Machine_Log_Reasoners_CURATED_20260515_190413\files\high_confidence_log_reasoners\arc_solver\ac451dfd0523__build_rule_database.py,build_rule_database.py,4459,2025-11-30T15:15:50,metric,input,pattern,.jsonl;.write(;json.dump;open(,,False
high_confidence_log_reasoners,arc_solver,16,H:\arc_production_solver\tools\test_color_engine_arc.py,H:\AnchorWorks_reasoning_toolbox_pull_list\Machine_Log_Reasoners_CURATED_20260515_190413\files\high_confidence_log_reasoners\arc_solver\e45daf26b933__test_color_engine_arc.py,test_color_engine_arc.py,5445,2025-11-30T17:15:20,perf,input,infer;predict;score,.jsonl;open(,,False
high_confidence_log_reasoners,arc_solver,16,H:\arc_production_solver\tools\verify_operators_after_patches.py,H:\AnchorWorks_reasoning_toolbox_pull_list\Machine_Log_Reasoners_CURATED_20260515_190413\files\high_confidence_log_reasoners\arc_solver\8517fb1bbb76__verify_operators_after_patches.py,verify_operators_after_patches.py,5157,2025-11-30T14:34:56,log,input,infer;inference;pattern,json.dump;open(,,False
high_confidence_log_reasoners,arc_solver,15,H:\arc_production_solver\arc_organ\arc_submission_builder.py,H:\AnchorWorks_reasoning_toolbox_pull_list\Machine_Log_Reasoners_CURATED_20260515_190413\files\high_confidence_log_reasoners\arc_solver\a1e1c98bf862__arc_submission_builder.py,arc_submission_builder.py,7155,2025-11-26T20:59:06,,input;process;system,predict,json.dump;open(,,False
high_confidence_log_reasoners,arc_solver,15,H:\arc_production_solver\arc_organ\meta_comp_engine.py,H:\AnchorWorks_reasoning_toolbox_pull_list\Machine_Log_Reasoners_CURATED_20260515_190413\files\high_confidence_log_reasoners\arc_solver\a7f052796009__meta_comp_engine.py,meta_comp_engine.py,22591,2025-11-30T17:15:20,,input,analyze;infer;pattern;predict,.jsonl;open(,,False
high_confidence_log_reasoners,arc_solver,15,H:\arc_production_solver\arc_organ\pattern_engine.py,H:\AnchorWorks_reasoning_toolbox_pull_list\Machine_Log_Reasoners_CURATED_20260515_190413\files\high_confidence_log_reasoners\arc_solver\1f66ab63caa6__pattern_engine.py,pattern_engine.py,24792,2025-11-30T15:22:50,log;metric,input,analyze;pattern;score,,,False
high_confidence_log_reasoners,arc_solver,15,H:\arc_production_solver\cod_616\arc_organ\arc_submission_builder.py,H:\AnchorWorks_reasoning_toolbox_pull_list\Machine_Log_Reasoners_CURATED_20260515_190413\files\high_confidence_log_reasoners\arc_solver\3334cb5d44e6__arc_submission_builder.py,arc_submission_builder.py,7155,2025-11-26T20:59:06,,input;process;system,predict,json.dump;open(,,False
high_confidence_log_reasoners,arc_solver,15,H:\arc_production_solver\research\composition_finder.py,H:\AnchorWorks_reasoning_toolbox_pull_list\Machine_Log_Reasoners_CURATED_20260515_190413\files\high_confidence_log_reasoners\arc_solver\2b1a1e2f43d2__composition_finder.py,composition_finder.py,8754,2025-11-29T06:25:22,,input,analyze;infer;inference;pattern,json.dump;open(,,False
high_confidence_log_reasoners,arc_solver,15,H:\arc_production_solver\scripts\evaluation\run_rel_v2_detection.py,H:\AnchorWorks_reasoning_toolbox_pull_list\Machine_Log_Reasoners_CURATED_20260515_190413\files\high_confidence_log_reasoners\arc_solver\5e57d45eb6fd__run_rel_v2_detection.py,run_rel_v2_detection.py,5514,2025-11-30T17:23:38,metric,input;process,analyze,json.dump;open(,,False
high_confidence_log_reasoners,arc_solver,14,H:\arc_production_solver\arc_organ\mixer.py,H:\AnchorWorks_reasoning_toolbox_pull_list\Machine_Log_Reasoners_CURATED_20260515_190413\files\high_confidence_log_reasoners\arc_solver\15b9dd847ac9__mixer.py,mixer.py,13924,2025-11-30T14:34:56,,input;system,analyze;pattern;score,open(,,False
high_confidence_log_reasoners,arc_solver,14,H:\arc_production_solver\arc_organ\transform_matcher.py,H:\AnchorWorks_reasoning_toolbox_pull_list\Machine_Log_Reasoners_CURATED_20260515_190413\files\high_confidence_log_reasoners\arc_solver\d1f8e1801a63__transform_matcher.py,transform_matcher.py,15236,2025-11-30T17:55:56,perf,input,analyze;pattern;reason;reasoning,,,False
high_confidence_log_reasoners,arc_solver,14,H:\arc_production_solver\cod_616\modules\__init__.py,H:\AnchorWorks_reasoning_toolbox_pull_list\Machine_Log_Reasoners_CURATED_20260515_190413\files\high_confidence_log_reasoners\arc_solver\3bdd3fdf62e8____init__.py,__init__.py,510,2025-11-25T17:59:12,capture;telemetry,gamepad;network,detector,,,False
high_confidence_log_reasoners,arc_solver,14,H:\arc_production_solver\engines\color_engine.py,H:\AnchorWorks_reasoning_toolbox_pull_list\Machine_Log_Reasoners_CURATED_20260515_190413\files\high_confidence_log_reasoners\arc_solver\107753a73fa7__color_engine.py,color_engine.py,40869,2025-11-30T16:28:54,log,input,analyze;pattern;reason;reasoning,,,False
high_confidence_log_reasoners,arc_solver,14,H:\arc_production_solver\engines\geo_engine.py,H:\AnchorWorks_reasoning_toolbox_pull_list\Machine_Log_Reasoners_CURATED_20260515_190413\files\high_confidence_log_reasoners\arc_solver\5f28d6e1099a__geo_engine.py,geo_engine.py,15246,2025-11-30T19:16:22,metric,input,analyze;classif;reason;reasoning,,,False
high_confidence_log_reasoners,arc_solver,14,H:\arc_production_solver\scripts\evaluation\run_rel_v2_training.py,H:\AnchorWorks_reasoning_toolbox_pull_list\Machine_Log_Reasoners_CURATED_20260515_190413\files\high_confidence_log_reasoners\arc_solver\cd25c5d514c6__run_rel_v2_training.py,run_rel_v2_training.py,7064,2025-11-30T17:23:38,,input;process,analyze;pattern,json.dump;open(,,False
high_confidence_log_reasoners,arc_solver,14,H:\arc_production_solver\tools\test_object_space_integration.py,H:\AnchorWorks_reasoning_toolbox_pull_list\Machine_Log_Reasoners_CURATED_20260515_190413\files\high_confidence_log_reasoners\arc_solver\53039f1ac94e__test_object_space_integration.py,test_object_space_integration.py,8290,2025-11-30T17:55:56,metric,input,infer;pattern;predict,open(,,False
high_confidence_log_reasoners,arc_solver,14,H:\arc_production_solver\tools\test_recolor_mapping.py,H:\AnchorWorks_reasoning_toolbox_pull_list\Machine_Log_Reasoners_CURATED_20260515_190413\files\high_confidence_log_reasoners\arc_solver\fb0401fec79f__test_recolor_mapping.py,test_recolor_mapping.py,3028,2025-11-30T17:15:20,perf,input,infer;score,.jsonl;open(,,False
high_confidence_log_reasoners,arc_solver,13,H:\arc_production_solver\arc_organ\evaluate_submission.py,H:\AnchorWorks_reasoning_toolbox_pull_list\Machine_Log_Reasoners_CURATED_20260515_190413\files\high_confidence_log_reasoners\arc_solver\8ad0f46a4eac__evaluate_submission.py,evaluate_submission.py,3325,2025-11-26T21:18:42,,system,analyze;evaluate;pattern;predict,open(,,False
high_confidence_log_reasoners,arc_solver,13,H:\arc_production_solver\arc_organ\feature_extractor.py,H:\AnchorWorks_reasoning_toolbox_pull_list\Machine_Log_Reasoners_CURATED_20260515_190413\files\high_confidence_log_reasoners\arc_solver\f63debd783e4__feature_extractor.py,feature_extractor.py,9671,2025-11-30T14:34:56,capture,input;movement,analyze;pattern,,,False
high_confidence_log_reasoners,arc_solver,13,H:\arc_production_solver\arc_organ\object_space.py,H:\AnchorWorks_reasoning_toolbox_pull_list\Machine_Log_Reasoners_CURATED_20260515_190413\files\high_confidence_log_reasoners\arc_solver\a3c676ca5432__object_space.py,object_space.py,16524,2025-11-30T17:55:56,log;metric,movement,reason;reasoning,,,False
high_confidence_log_reasoners,arc_solver,13,H:\arc_production_solver\cod_616\arc_organ\evaluate_submission.py,H:\AnchorWorks_reasoning_toolbox_pull_list\Machine_Log_Reasoners_CURATED_20260515_190413\files\high_confidence_log_reasoners\arc_solver\e7b4ff726726__evaluate_submission.py,evaluate_submission.py,3325,2025-11-26T21:18:42,,system,analyze;evaluate;pattern;predict,open(,,False
high_confidence_log_reasoners,arc_solver,13,H:\arc_production_solver\cod_616\arc_organ\feature_extractor.py,H:\AnchorWorks_reasoning_toolbox_pull_list\Machine_Log_Reasoners_CURATED_20260515_190413\files\high_confidence_log_reasoners\arc_solver\ab5a7d165b91__feature_extractor.py,feature_extractor.py,9484,2025-11-29T04:45:18,capture,input;movement,analyze;pattern,,,False
high_confidence_log_reasoners,arc_solver,13,H:\arc_production_solver\cod_616\screen_resonance_state.py,H:\AnchorWorks_reasoning_toolbox_pull_list\Machine_Log_Reasoners_CURATED_20260515_190413\files\high_confidence_log_reasoners\arc_solver\e09eace77347__screen_resonance_state.py,screen_resonance_state.py,14418,2025-11-26T04:55:44,event;metric,process,pattern;score,,,False
high_confidence_log_reasoners,arc_solver,13,H:\arc_production_solver\tools\extract_dsl_from_training.py,H:\AnchorWorks_reasoning_toolbox_pull_list\Machine_Log_Reasoners_CURATED_20260515_190413\files\high_confidence_log_reasoners\arc_solver\9922ac143949__extract_dsl_from_training.py,extract_dsl_from_training.py,8793,2025-11-30T14:34:56,,input,analyze,.jsonl;.write(;json.dump;open(,,False
high_confidence_log_reasoners,arc_solver,13,H:\arc_production_solver\tools\rapid_operator_validation.py,H:\AnchorWorks_reasoning_toolbox_pull_list\Machine_Log_Reasoners_CURATED_20260515_190413\files\high_confidence_log_reasoners\arc_solver\3fad3ff0ffb6__rapid_operator_validation.py,rapid_operator_validation.py,7263,2025-11-30T13:06:50,,input,analyze;pattern;predict,json.dump;open(,,False
high_confidence_log_reasoners,arc_solver,13,H:\arc_production_solver\tools\status_report_complete.py,H:\AnchorWorks_reasoning_toolbox_pull_list\Machine_Log_Reasoners_CURATED_20260515_190413\files\high_confidence_log_reasoners\arc_solver\4406676eda79__status_report_complete.py,status_report_complete.py,4757,2025-11-30T17:15:20,perf;performance,system,pattern;summarize,,,False
high_confidence_log_reasoners,arc_solver,13,H:\arc_production_solver\tools\test_objectspace_on_dataset.py,H:\AnchorWorks_reasoning_toolbox_pull_list\Machine_Log_Reasoners_CURATED_20260515_190413\files\high_confidence_log_reasoners\arc_solver\0cc4a0b831c3__test_objectspace_on_dataset.py,test_objectspace_on_dataset.py,5753,2025-11-30T17:55:56,,input,evaluate;infer;predict,json.dump;open(,,False
high_confidence_log_reasoners,arc_solver,13,H:\arc_production_solver\tools\test_pattern_engine_arc.py,H:\AnchorWorks_reasoning_toolbox_pull_list\Machine_Log_Reasoners_CURATED_20260515_190413\files\high_confidence_log_reasoners\arc_solver\a59c44cbe535__test_pattern_engine_arc.py,test_pattern_engine_arc.py,5228,2025-11-30T15:15:50,,input,analyze;pattern;score,.jsonl;open(,,False
high_confidence_log_reasoners,arc_solver,13,H:\arc_production_solver\tools\test_phase2_arc_tasks.py,H:\AnchorWorks_reasoning_toolbox_pull_list\Machine_Log_Reasoners_CURATED_20260515_190413\files\high_confidence_log_reasoners\arc_solver\e7dff847713e__test_phase2_arc_tasks.py,test_phase2_arc_tasks.py,6559,2025-11-30T17:15:20,,input,analyze;pattern;score,.jsonl;open(,,False
high_confidence_log_reasoners,arc_solver,13,H:\arc_production_solver\tools\visualize_arc2025_tasks.py,H:\AnchorWorks_reasoning_toolbox_pull_list\Machine_Log_Reasoners_CURATED_20260515_190413\files\high_confidence_log_reasoners\arc_solver\bdce8a45021f__visualize_arc2025_tasks.py,visualize_arc2025_tasks.py,7153,2025-11-30T18:15:02,,input,analyze;pattern,.write(;json.dump;open(,,False
high_confidence_log_reasoners,arc_solver,12,H:\arc_production_solver\arc_organ\fill_interior_operator.py,H:\AnchorWorks_reasoning_toolbox_pull_list\Machine_Log_Reasoners_CURATED_20260515_190413\files\high_confidence_log_reasoners\arc_solver\4e1545055b02__fill_interior_operator.py,fill_interior_operator.py,3077,2025-11-30T17:55:56,,input;process,pattern;predict,open(,,False
high_confidence_log_reasoners,arc_solver,12,H:\arc_production_solver\arc_organ\generate_sample_submission.py,H:\AnchorWorks_reasoning_toolbox_pull_list\Machine_Log_Reasoners_CURATED_20260515_190413\files\high_confidence_log_reasoners\arc_solver\cfdb1f965476__generate_sample_submission.py,generate_sample_submission.py,3311,2025-11-26T21:18:42,,input;process,predict,json.dump;open(,,False
high_confidence_log_reasoners,arc_solver,12,H:\arc_production_solver\arc_organ\operators\repeat_operator.py,H:\AnchorWorks_reasoning_toolbox_pull_list\Machine_Log_Reasoners_CURATED_20260515_190413\files\high_confidence_log_reasoners\arc_solver\312348c22419__repeat_operator.py,repeat_operator.py,8723,2025-11-30T14:34:56,perf,input,analyze;infer;pattern,,,False
high_confidence_log_reasoners,arc_solver,12,H:\arc_production_solver\arc_organ\operators\symmetry_from_fragment.py,H:\AnchorWorks_reasoning_toolbox_pull_list\Machine_Log_Reasoners_CURATED_20260515_190413\files\high_confidence_log_reasoners\arc_solver\f8a401538bf9__symmetry_from_fragment.py,symmetry_from_fragment.py,5587,2025-11-28T09:52:20,metric,input,analyze;infer;pattern,,,False
high_confidence_log_reasoners,arc_solver,12,H:\arc_production_solver\arc_organ\test_rolling_tiling.py,H:\AnchorWorks_reasoning_toolbox_pull_list\Machine_Log_Reasoners_CURATED_20260515_190413\files\high_confidence_log_reasoners\arc_solver\1f955ce0101a__test_rolling_tiling.py,test_rolling_tiling.py,3690,2025-11-26T22:04:16,perf,input,detector;reason;reasoning,,,False
high_confidence_log_reasoners,arc_solver,12,H:\arc_production_solver\cod_616\arc_organ\generate_sample_submission.py,H:\AnchorWorks_reasoning_toolbox_pull_list\Machine_Log_Reasoners_CURATED_20260515_190413\files\high_confidence_log_reasoners\arc_solver\e17e36037433__generate_sample_submission.py,generate_sample_submission.py,3311,2025-11-26T21:18:42,,input;process,predict,json.dump;open(,,False
high_confidence_log_reasoners,arc_solver,12,H:\arc_production_solver\cod_616\arc_organ\operators\symmetry_from_fragment.py,H:\AnchorWorks_reasoning_toolbox_pull_list\Machine_Log_Reasoners_CURATED_20260515_190413\files\high_confidence_log_reasoners\arc_solver\6e0019cb5591__symmetry_from_fragment.py,symmetry_from_fragment.py,5587,2025-11-28T09:52:20,metric,input,analyze;infer;pattern,,,False
high_confidence_log_reasoners,arc_solver,12,H:\arc_production_solver\cod_616\arc_organ\test_rolling_tiling.py,H:\AnchorWorks_reasoning_toolbox_pull_list\Machine_Log_Reasoners_CURATED_20260515_190413\files\high_confidence_log_reasoners\arc_solver\085f92c1c595__test_rolling_tiling.py,test_rolling_tiling.py,3690,2025-11-26T22:04:16,perf,input,detector;reason;reasoning,,,False
high_confidence_log_reasoners,arc_solver,12,H:\arc_production_solver\tools\analyze_unused_operators.py,H:\AnchorWorks_reasoning_toolbox_pull_list\Machine_Log_Reasoners_CURATED_20260515_190413\files\high_confidence_log_reasoners\arc_solver\bbf73d59e4a5__analyze_unused_operators.py,analyze_unused_operators.py,3950,2025-11-30T13:06:50,log,input,analyze;pattern,open(,,False
high_confidence_log_reasoners,arc_solver,12,H:\arc_production_solver\tools\build_training_features.py,H:\AnchorWorks_reasoning_toolbox_pull_list\Machine_Log_Reasoners_CURATED_20260515_190413\files\high_confidence_log_reasoners\arc_solver\1f0b648ba8bd__build_training_features.py,build_training_features.py,5177,2025-11-30T14:34:56,,input;process,infer,json.dump;open(,,False
high_confidence_log_reasoners,arc_solver,12,H:\arc_production_solver\tools\find_simple_positional.py,H:\AnchorWorks_reasoning_toolbox_pull_list\Machine_Log_Reasoners_CURATED_20260515_190413\files\high_confidence_log_reasoners\arc_solver\efdcc0245454__find_simple_positional.py,find_simple_positional.py,1613,2025-11-30T17:15:20,metric,input,pattern,.jsonl;open(,,False
high_confidence_log_reasoners,arc_solver,11,H:\arc_production_solver\scripts\analysis\scan_color_tasks.py,H:\AnchorWorks_reasoning_toolbox_pull_list\Machine_Log_Reasoners_CURATED_20260515_190413\files\high_confidence_log_reasoners\arc_solver\9731a7caa1a5__scan_color_tasks.py,scan_color_tasks.py,3007,2025-11-30T16:28:54,,input,analyze;pattern,json.dump;open(,,False
high_confidence_log_reasoners,arc_solver,11,H:\arc_production_solver\scripts\analysis\scan_comp_tasks.py,H:\AnchorWorks_reasoning_toolbox_pull_list\Machine_Log_Reasoners_CURATED_20260515_190413\files\high_confidence_log_reasoners\arc_solver\15783026021b__scan_comp_tasks.py,scan_comp_tasks.py,2911,2025-11-30T16:28:54,,input,analyze;pattern,json.dump;open(,,False
high_confidence_log_reasoners,arc_solver,11,H:\arc_production_solver\scripts\analysis\scan_pattern_tasks.py,H:\AnchorWorks_reasoning_toolbox_pull_list\Machine_Log_Reasoners_CURATED_20260515_190413\files\high_confidence_log_reasoners\arc_solver\c929d310d85f__scan_pattern_tasks.py,scan_pattern_tasks.py,2428,2025-11-30T16:28:54,,input,analyze;pattern,json.dump;open(,,False
high_confidence_log_reasoners,arc_solver,11,H:\arc_production_solver\tools\analyze_objectspace_failures.py,H:\AnchorWorks_reasoning_toolbox_pull_list\Machine_Log_Reasoners_CURATED_20260515_190413\files\high_confidence_log_reasoners\arc_solver\52ee3616fd38__analyze_objectspace_failures.py,analyze_objectspace_failures.py,5549,2025-11-30T17:55:56,,input,analyze;insight;pattern,open(,,False
high_confidence_log_reasoners,arc_solver,11,H:\arc_production_solver\tools\debug_position_based.py,H:\AnchorWorks_reasoning_toolbox_pull_list\Machine_Log_Reasoners_CURATED_20260515_190413\files\high_confidence_log_reasoners\arc_solver\e263961001d1__debug_position_based.py,debug_position_based.py,2928,2025-11-30T14:34:56,,input,analyze;infer;pattern,open(,,False
high_confidence_log_reasoners,arc_solver,11,H:\arc_production_solver\tools\search_eval_fill_interior.py,H:\AnchorWorks_reasoning_toolbox_pull_list\Machine_Log_Reasoners_CURATED_20260515_190413\files\high_confidence_log_reasoners\arc_solver\96a80672cdc5__search_eval_fill_interior.py,search_eval_fill_interior.py,3257,2025-11-30T17:55:56,,input,pattern;predict,json.dump;open(,,False
high_confidence_log_reasoners,arc_solver,11,H:\arc_production_solver\tools\solve_104_eval_tasks.py,H:\AnchorWorks_reasoning_toolbox_pull_list\Machine_Log_Reasoners_CURATED_20260515_190413\files\high_confidence_log_reasoners\arc_solver\04a0aabe0ed1__solve_104_eval_tasks.py,solve_104_eval_tasks.py,5273,2025-11-30T18:08:50,,input,pattern;predict,json.dump;open(,,False
high_confidence_log_reasoners,arc_solver,11,H:\arc_production_solver\tools\test_comp_engine_solves.py,H:\AnchorWorks_reasoning_toolbox_pull_list\Machine_Log_Reasoners_CURATED_20260515_190413\files\high_confidence_log_reasoners\arc_solver\804a8b7f5e64__test_comp_engine_solves.py,test_comp_engine_solves.py,4285,2025-11-30T17:15:20,,input,analyze;pattern;predict,open(,,False
high_confidence_log_reasoners,arc_solver,11,H:\arc_production_solver\tools\test_top3_fixes.py,H:\AnchorWorks_reasoning_toolbox_pull_list\Machine_Log_Reasoners_CURATED_20260515_190413\files\high_confidence_log_reasoners\arc_solver\eb7cb82bc791__test_top3_fixes.py,test_top3_fixes.py,3563,2025-11-30T13:09:18,,input,analyze;pattern;predict,open(,,False
high_confidence_log_reasoners,arc_solver,10,H:\arc_production_solver\arc_organ\composition_engine.py,H:\AnchorWorks_reasoning_toolbox_pull_list\Machine_Log_Reasoners_CURATED_20260515_190413\files\high_confidence_log_reasoners\arc_solver\f922242d1192__composition_engine.py,composition_engine.py,12434,2025-11-30T14:34:56,metric,input,analyze;insight,,,False
high_confidence_log_reasoners,arc_solver,10,H:\arc_production_solver\arc_organ\debug_phase_e.py,H:\AnchorWorks_reasoning_toolbox_pull_list\Machine_Log_Reasoners_CURATED_20260515_190413\files\high_confidence_log_reasoners\arc_solver\b7522e82d9b6__debug_phase_e.py,debug_phase_e.py,4125,2025-11-26T21:53:24,perf,input,reason;reasoning,,,False
high_confidence_log_reasoners,arc_solver,10,H:\arc_production_solver\arc_organ\operators\enclosed_region_fill.py,H:\AnchorWorks_reasoning_toolbox_pull_list\Machine_Log_Reasoners_CURATED_20260515_190413\files\high_confidence_log_reasoners\arc_solver\3dd32dca1beb__enclosed_region_fill.py,enclosed_region_fill.py,7266,2025-11-28T09:52:20,log,input,analyze;pattern,,,False
high_confidence_log_reasoners,arc_solver,10,H:\arc_production_solver\arc_organ\operators\shape_reference_recolor.py,H:\AnchorWorks_reasoning_toolbox_pull_list\Machine_Log_Reasoners_CURATED_20260515_190413\files\high_confidence_log_reasoners\arc_solver\9fe7d097caed__shape_reference_recolor.py,shape_reference_recolor.py,6058,2025-11-28T09:52:20,metric,input,analyze;pattern,,,False
high_confidence_log_reasoners,arc_solver,10,H:\arc_production_solver\arc_organ\test_phase_a.py,H:\AnchorWorks_reasoning_toolbox_pull_list\Machine_Log_Reasoners_CURATED_20260515_190413\files\high_confidence_log_reasoners\arc_solver\2f81305d7188__test_phase_a.py,test_phase_a.py,7617,2025-11-26T21:29:28,metric,input,pattern;score,,,False
high_confidence_log_reasoners,arc_solver,10,H:\arc_production_solver\arc_organ\transform_library.py,H:\AnchorWorks_reasoning_toolbox_pull_list\Machine_Log_Reasoners_CURATED_20260515_190413\files\high_confidence_log_reasoners\arc_solver\025cebfce4a1__transform_library.py,transform_library.py,21611,2025-11-30T17:55:56,metric,input,infer;inference,,,False
high_confidence_log_reasoners,arc_solver,10,H:\arc_production_solver\cod_616\arc_organ\debug_phase_e.py,H:\AnchorWorks_reasoning_toolbox_pull_list\Machine_Log_Reasoners_CURATED_20260515_190413\files\high_confidence_log_reasoners\arc_solver\30e39cbc0d8e__debug_phase_e.py,debug_phase_e.py,4125,2025-11-26T21:53:24,perf,input,reason;reasoning,,,False
high_confidence_log_reasoners,arc_solver,10,H:\arc_production_solver\cod_616\arc_organ\operators\enclosed_region_fill.py,H:\AnchorWorks_reasoning_toolbox_pull_list\Machine_Log_Reasoners_CURATED_20260515_190413\files\high_confidence_log_reasoners\arc_solver\0ef49aada2fd__enclosed_region_fill.py,enclosed_region_fill.py,7266,2025-11-28T09:52:20,log,input,analyze;pattern,,,False
high_confidence_log_reasoners,arc_solver,10,H:\arc_production_solver\cod_616\arc_organ\operators\shape_reference_recolor.py,H:\AnchorWorks_reasoning_toolbox_pull_list\Machine_Log_Reasoners_CURATED_20260515_190413\files\high_confidence_log_reasoners\arc_solver\07ebdc8c7d59__shape_reference_recolor.py,shape_reference_recolor.py,6058,2025-11-28T09:52:20,metric,input,analyze;pattern,,,False
high_confidence_log_reasoners,arc_solver,10,H:\arc_production_solver\cod_616\arc_organ\test_phase_a.py,H:\AnchorWorks_reasoning_toolbox_pull_list\Machine_Log_Reasoners_CURATED_20260515_190413\files\high_confidence_log_reasoners\arc_solver\e94a9b14a7fe__test_phase_a.py,test_phase_a.py,7617,2025-11-26T21:29:28,metric,input,pattern;score,,,False
high_confidence_log_reasoners,arc_solver,10,H:\arc_production_solver\debug_geo.py,H:\AnchorWorks_reasoning_toolbox_pull_list\Machine_Log_Reasoners_CURATED_20260515_190413\files\high_confidence_log_reasoners\arc_solver\b89ff77d14cd__debug_geo.py,debug_geo.py,2344,2025-11-30T15:22:46,metric,input,analyze,open(,,False
high_confidence_log_reasoners,arc_solver,9,H:\arc_production_solver\arc_organ\analyze_5b6cbef5.py,H:\AnchorWorks_reasoning_toolbox_pull_list\Machine_Log_Reasoners_CURATED_20260515_190413\files\high_confidence_log_reasoners\arc_solver\cfc7a9d6bfc5__analyze_5b6cbef5.py,analyze_5b6cbef5.py,3119,2025-11-27T04:48:56,,input,analyze;pattern,open(,,False
high_confidence_log_reasoners,arc_solver,9,H:\arc_production_solver\arc_organ\debug_310f3251.py,H:\AnchorWorks_reasoning_toolbox_pull_list\Machine_Log_Reasoners_CURATED_20260515_190413\files\high_confidence_log_reasoners\arc_solver\aa68d3f77999__debug_310f3251.py,debug_310f3251.py,2907,2025-11-27T04:48:56,,input,analyze;pattern,open(,,False
high_confidence_log_reasoners,arc_solver,9,H:\arc_production_solver\arc_organ\find_quick_wins.py,H:\AnchorWorks_reasoning_toolbox_pull_list\Machine_Log_Reasoners_CURATED_20260515_190413\files\high_confidence_log_reasoners\arc_solver\943cf5eb4792__find_quick_wins.py,find_quick_wins.py,4753,2025-11-27T04:48:56,,input,detector;pattern,open(,,False
high_confidence_log_reasoners,arc_solver,9,H:\arc_production_solver\cod_616\arc_organ\analyze_5b6cbef5.py,H:\AnchorWorks_reasoning_toolbox_pull_list\Machine_Log_Reasoners_CURATED_20260515_190413\files\high_confidence_log_reasoners\arc_solver\27f309b37686__analyze_5b6cbef5.py,analyze_5b6cbef5.py,3119,2025-11-27T04:48:56,,input,analyze;pattern,open(,,False
high_confidence_log_reasoners,arc_solver,9,H:\arc_production_solver\cod_616\arc_organ\debug_310f3251.py,H:\AnchorWorks_reasoning_toolbox_pull_list\Machine_Log_Reasoners_CURATED_20260515_190413\files\high_confidence_log_reasoners\arc_solver\f7575178a05b__debug_310f3251.py,debug_310f3251.py,2907,2025-11-27T04:48:56,,input,analyze;pattern,open(,,False
high_confidence_log_reasoners,arc_solver,9,H:\arc_production_solver\cod_616\arc_organ\find_quick_wins.py,H:\AnchorWorks_reasoning_toolbox_pull_list\Machine_Log_Reasoners_CURATED_20260515_190413\files\high_confidence_log_reasoners\arc_solver\4aa995f65a13__find_quick_wins.py,find_quick_wins.py,4753,2025-11-27T04:48:56,,input,detector;pattern,open(,,False
high_confidence_log_reasoners,arc_solver,9,H:\arc_production_solver\tools\analyze_positional_05269061.py,H:\AnchorWorks_reasoning_toolbox_pull_list\Machine_Log_Reasoners_CURATED_20260515_190413\files\high_confidence_log_reasoners\arc_solver\f79cf8500899__analyze_positional_05269061.py,analyze_positional_05269061.py,2899,2025-11-30T17:15:20,,input,analyze;pattern,open(,,False
high_confidence_log_reasoners,arc_solver,9,H:\arc_production_solver\tools\analyze_positional_rule.py,H:\AnchorWorks_reasoning_toolbox_pull_list\Machine_Log_Reasoners_CURATED_20260515_190413\files\high_confidence_log_reasoners\arc_solver\1aebf4a87657__analyze_positional_rule.py,analyze_positional_rule.py,2706,2025-11-30T17:15:20,,input,analyze;pattern,open(,,False
high_confidence_log_reasoners,arc_solver,9,H:\arc_production_solver\tools\build_operators_for_eval.py,H:\AnchorWorks_reasoning_toolbox_pull_list\Machine_Log_Reasoners_CURATED_20260515_190413\files\high_confidence_log_reasoners\arc_solver\366261d77979__build_operators_for_eval.py,build_operators_for_eval.py,4982,2025-11-30T18:08:50,,input,predict,json.dump;open(,,False
high_confidence_log_reasoners,arc_solver,9,H:\arc_production_solver\tools\debug_0d3d703e.py,H:\AnchorWorks_reasoning_toolbox_pull_list\Machine_Log_Reasoners_CURATED_20260515_190413\files\high_confidence_log_reasoners\arc_solver\4fccaf702eaf__debug_0d3d703e.py,debug_0d3d703e.py,1714,2025-11-30T17:15:20,,input,analyze;infer,open(,,False
high_confidence_log_reasoners,arc_solver,9,H:\arc_production_solver\tools\deep_analyze_eval_patterns.py,H:\AnchorWorks_reasoning_toolbox_pull_list\Machine_Log_Reasoners_CURATED_20260515_190413\files\high_confidence_log_reasoners\arc_solver\c9e40a02a557__deep_analyze_eval_patterns.py,deep_analyze_eval_patterns.py,2466,2025-11-30T18:08:50,,input,analyze;pattern,open(,,False
high_confidence_log_reasoners,arc_solver,9,H:\arc_production_solver\tools\diagnose_color_operators.py,H:\AnchorWorks_reasoning_toolbox_pull_list\Machine_Log_Reasoners_CURATED_20260515_190413\files\high_confidence_log_reasoners\arc_solver\0c4e4c765424__diagnose_color_operators.py,diagnose_color_operators.py,3485,2025-11-30T17:15:20,,input,analyze,.jsonl;open(,,False
high_confidence_log_reasoners,arc_solver,9,H:\arc_production_solver\tools\scan_for_close_matches.py,H:\AnchorWorks_reasoning_toolbox_pull_list\Machine_Log_Reasoners_CURATED_20260515_190413\files\high_confidence_log_reasoners\arc_solver\9d167305c5c2__scan_for_close_matches.py,scan_for_close_matches.py,4139,2025-11-30T17:55:56,,input,analyze;pattern,open(,,False
high_confidence_log_reasoners,arc_solver,9,H:\arc_production_solver\tools\solve_arc2025_eval.py,H:\AnchorWorks_reasoning_toolbox_pull_list\Machine_Log_Reasoners_CURATED_20260515_190413\files\high_confidence_log_reasoners\arc_solver\6577a51cba28__solve_arc2025_eval.py,solve_arc2025_eval.py,5080,2025-11-30T18:08:50,,input,predict,json.dump;open(,,False
high_confidence_log_reasoners,arc_solver,9,H:\arc_production_solver\tools\test_fixed_operators.py,H:\AnchorWorks_reasoning_toolbox_pull_list\Machine_Log_Reasoners_CURATED_20260515_190413\files\high_confidence_log_reasoners\arc_solver\d19aff67f5f6__test_fixed_operators.py,test_fixed_operators.py,3123,2025-11-30T13:06:50,,input,analyze;predict,open(,,False
high_confidence_log_reasoners,arc_solver,9,H:\arc_production_solver\tools\test_pattern_tiling.py,H:\AnchorWorks_reasoning_toolbox_pull_list\Machine_Log_Reasoners_CURATED_20260515_190413\files\high_confidence_log_reasoners\arc_solver\dede75e424d2__test_pattern_tiling.py,test_pattern_tiling.py,3101,2025-11-30T16:28:54,,input,analyze;pattern,open(,,False
high_confidence_log_reasoners,arc_solver,9,H:\arc_production_solver\tools\validate_comp_engine.py,H:\AnchorWorks_reasoning_toolbox_pull_list\Machine_Log_Reasoners_CURATED_20260515_190413\files\high_confidence_log_reasoners\arc_solver\11fa16991fcb__validate_comp_engine.py,validate_comp_engine.py,8297,2025-11-30T17:15:20,,input,pattern;predict,open(,,False
high_confidence_log_reasoners,arc_solver,9,H:\arc_production_solver\tools\verify_baseline.py,H:\AnchorWorks_reasoning_toolbox_pull_list\Machine_Log_Reasoners_CURATED_20260515_190413\files\high_confidence_log_reasoners\arc_solver\02870070fa1f__verify_baseline.py,verify_baseline.py,3368,2025-11-29T06:25:22,,input,detector;reason,open(,,False
high_confidence_log_reasoners,arc_solver,8,H:\arc_production_solver\arc_organ\arc_grid_parser.py,H:\AnchorWorks_reasoning_toolbox_pull_list\Machine_Log_Reasoners_CURATED_20260515_190413\files\high_confidence_log_reasoners\arc_solver\8f6fa21f56b6__arc_grid_parser.py,arc_grid_parser.py,9335,2025-11-26T21:29:28,sensor,input,score,,,False
high_confidence_log_reasoners,arc_solver,8,H:\arc_production_solver\cod_616\arc_organ\arc_grid_parser.py,H:\AnchorWorks_reasoning_toolbox_pull_list\Machine_Log_Reasoners_CURATED_20260515_190413\files\high_confidence_log_reasoners\arc_solver\82d77d25612d__arc_grid_parser.py,arc_grid_parser.py,9335,2025-11-26T21:29:28,sensor,input,score,,,False
high_confidence_log_reasoners,arc_solver,8,H:\arc_production_solver\cod_616\arc_organ\composition_engine.py,H:\AnchorWorks_reasoning_toolbox_pull_list\Machine_Log_Reasoners_CURATED_20260515_190413\files\high_confidence_log_reasoners\arc_solver\2afd4475efc2__composition_engine.py,composition_engine.py,11502,2025-11-29T05:15:56,metric,input,analyze,,,False
high_confidence_log_reasoners,arc_solver,7,H:\arc_production_solver\debug_color_task.py,H:\AnchorWorks_reasoning_toolbox_pull_list\Machine_Log_Reasoners_CURATED_20260515_190413\files\high_confidence_log_reasoners\arc_solver\ea158a159860__debug_color_task.py,debug_color_task.py,2581,2025-11-30T16:28:54,,input,analyze,open(,,False
high_confidence_log_reasoners,arc_solver,7,H:\arc_production_solver\scripts\analysis\scan_color_phase2.py,H:\AnchorWorks_reasoning_toolbox_pull_list\Machine_Log_Reasoners_CURATED_20260515_190413\files\high_confidence_log_reasoners\arc_solver\8c286eb36b18__scan_color_phase2.py,scan_color_phase2.py,6416,2025-11-30T16:28:54,,input,pattern,open(,,False
high_confidence_log_reasoners,arc_solver,7,H:\arc_production_solver\tools\debug_007bbfb7_pattern.py,H:\AnchorWorks_reasoning_toolbox_pull_list\Machine_Log_Reasoners_CURATED_20260515_190413\files\high_confidence_log_reasoners\arc_solver\6a835803060a__debug_007bbfb7_pattern.py,debug_007bbfb7_pattern.py,977,2025-11-30T17:15:20,,input,pattern,open(,,False
high_confidence_log_reasoners,arc_solver,7,H:\arc_production_solver\tools\test_exhaustive_composition.py,H:\AnchorWorks_reasoning_toolbox_pull_list\Machine_Log_Reasoners_CURATED_20260515_190413\files\high_confidence_log_reasoners\arc_solver\756723989ee0__test_exhaustive_composition.py,test_exhaustive_composition.py,2340,2025-11-30T14:34:56,,input,analyze,open(,,False
high_confidence_log_reasoners,arc_solver,7,H:\arc_production_solver\tools\test_inversion.py,H:\AnchorWorks_reasoning_toolbox_pull_list\Machine_Log_Reasoners_CURATED_20260515_190413\files\high_confidence_log_reasoners\arc_solver\9163dd20425b__test_inversion.py,test_inversion.py,1810,2025-11-30T17:15:20,,input,predict,open(,,False
high_confidence_log_reasoners,arc_solver,7,H:\arc_production_solver\visualize_arc_task.py,H:\AnchorWorks_reasoning_toolbox_pull_list\Machine_Log_Reasoners_CURATED_20260515_190413\files\high_confidence_log_reasoners\arc_solver\d25241f71183__visualize_arc_task.py,visualize_arc_task.py,4139,2025-11-30T17:21:12,,input,predict,open(,,False
high_confidence_log_reasoners,clearbox,125,E:\Clearbox-AI-Plugin-Runner-main\Clearbox-AI-Plugin-Runner-main\bridges\forest_bridge_server.py,H:\AnchorWorks_reasoning_toolbox_pull_list\Machine_Log_Reasoners_CURATED_20260515_190413\files\high_confidence_log_reasoners\clearbox\ad52fe9e24ad__forest_bridge_server.py,forest_bridge_server.py,249283,2026-03-13T20:12:05,audit;capture;daily_logger;event;history;log;logger;logging;metric;metrics;observe;perf;performance;runtime_log;session;stream;telemetry;trace,cpu;gpu;input;memory;network;process;psutil;socket;subprocess;system;trigger,analyze;diagnostic;infer;inference;model;pattern;predict;reason;reasoning;score;summarize,.jsonl;.log;.write(;basicconfig;json.dump;logging.;open(;sqlite,,False
high_confidence_log_reasoners,clearbox,87,E:\Clearbox-AI-Plugin-Runner-main\Clearbox-AI-Plugin-Runner-main\bridges\tool_defs.py,H:\AnchorWorks_reasoning_toolbox_pull_list\Machine_Log_Reasoners_CURATED_20260515_190413\files\high_confidence_log_reasoners\clearbox\26cc9a06eea7__tool_defs.py,tool_defs.py,35356,2026-03-13T20:12:05,audit;capture;event;log;logger;logging;metric;metrics;observe;perf;runtime_log;sensor;session;telemetry,cpu;gpu;process;psutil;subprocess;system;win32,analyze;diagnostic;model;pattern;reason;reasoning;score;summarize,.csv;.write(;json.dump;logging.,,False
high_confidence_log_reasoners,clearbox,85,E:\clearbox-ai-studio-v2-main\bridges\tool_defs.py,H:\AnchorWorks_reasoning_toolbox_pull_list\Machine_Log_Reasoners_CURATED_20260515_190413\files\high_confidence_log_reasoners\clearbox\125e866b1501__tool_defs.py,tool_defs.py,35904,2026-04-08T05:47:31,audit;capture;event;log;logger;logging;metric;metrics;observe;perf;sensor;session;telemetry,cpu;gpu;input;process;psutil;subprocess;system;win32,diagnostic;model;pattern;reason;reasoning;score;summarize,.csv;.write(;json.dump;logging.,,False
high_confidence_log_reasoners,clearbox,82,E:\clearbox-ai-studio-v2-main\scripts\clearbox_install.py,H:\AnchorWorks_reasoning_toolbox_pull_list\Machine_Log_Reasoners_CURATED_20260515_190413\files\high_confidence_log_reasoners\clearbox\78ba79950339__clearbox_install.py,clearbox_install.py,82318,2026-03-23T13:21:08,audit;capture;event;log;metric;observe;session;stream,cpu;gpu;input;keyboard;memory;process;psutil;socket;subprocess;system;win32;wmi,diagnostic;infer;inference;model;pattern;reason;reasoning,.jsonl;.write(;json.dump;open(,,False
high_confidence_log_reasoners,clearbox,80,E:\clearbox-ai-studio-v2-main\scripts\local_llm_server.py,H:\AnchorWorks_reasoning_toolbox_pull_list\Machine_Log_Reasoners_CURATED_20260515_190413\files\high_confidence_log_reasoners\clearbox\d0e9cdd52dd9__local_llm_server.py,local_llm_server.py,93993,2026-04-09T18:20:08,audit;daily_logger;event;history;log;logger;logging;perf;session;stream;trace,cpu;gpu;process;socket;system;trigger;win32,infer;inference;model;reason;reasoning;score;summarize;summarizer,.jsonl;basicconfig;json.dump;logging.;open(,,False
high_confidence_log_reasoners,clearbox,71,E:\clearbox-ai-studio-v2-main\bridges\helpers.py,H:\AnchorWorks_reasoning_toolbox_pull_list\Machine_Log_Reasoners_CURATED_20260515_190413\files\high_confidence_log_reasoners\clearbox\b3b49c76085e__helpers.py,helpers.py,16245,2026-04-07T12:50:31,activity;daily_logger;event;history;log;logger;logging;reasoning_log;session;telemetry;trace,input;memory;socket;system,decision;model;pattern;reason;reasoning;score;summarize;summarizer,.jsonl;.write(;json.dump;logging.;open(,,False
high_confidence_log_reasoners,clearbox,61,E:\clearbox-ai-studio-v2-main\bridges\clearbox_bridge_server.py,H:\AnchorWorks_reasoning_toolbox_pull_list\Machine_Log_Reasoners_CURATED_20260515_190413\files\high_confidence_log_reasoners\clearbox\2352a53a4a03__clearbox_bridge_server.py,clearbox_bridge_server.py,17533,2026-04-07T12:46:14,event;log;logger;logging;metric;metrics;observe;perf;pulse;trace,memory;socket;system,infer;inference;model;reason;reasoning,.log;.write(;basicconfig;json.dump;logging.;open(,,False
high_confidence_log_reasoners,clearbox,56,E:\clearbox-ai-studio-v2-main\Conversations\threads\daily_logger.py,H:\AnchorWorks_reasoning_toolbox_pull_list\Machine_Log_Reasoners_CURATED_20260515_190413\files\high_confidence_log_reasoners\clearbox\8eddbf84fd58__daily_logger.py,daily_logger.py,12278,2026-03-23T13:21:08,audit;daily_logger;event;log;logger;logging;session;stream,input;memory;process;subprocess;system;trigger,model;summarize;summarizer,.jsonl;json.dump;logging.;open(,,False
high_confidence_log_reasoners,clearbox,55,E:\clearbox-ai-studio-v2-main\bridges\services\llm_chat_service.py,H:\AnchorWorks_reasoning_toolbox_pull_list\Machine_Log_Reasoners_CURATED_20260515_190413\files\high_confidence_log_reasoners\clearbox\7f3bea45d553__llm_chat_service.py,llm_chat_service.py,19170,2026-04-08T05:45:40,log;logger;perf;performance;reasoning_log;session;stream;telemetry;trace,cpu;gpu;system;trigger,infer;inference;model;predict;reason;reasoning;summarize,open(,,False
high_confidence_log_reasoners,clearbox,54,C:\Users\mydyi\OneDrive\Documents\Desktop\clearbox-plugins\reasoning_engine\engine.py,H:\AnchorWorks_reasoning_toolbox_pull_list\Machine_Log_Reasoners_CURATED_20260515_190413\files\high_confidence_log_reasoners\clearbox\bff6f53181d5__engine.py,engine.py,28943,2026-03-03T16:49:40,capture;event;log;logger;logging;monitor;perf;trace,memory;process,infer;inference;model;pattern;reason;reasoning;score,.log;basicconfig;insert into;logging.;sqlite,,False
high_confidence_log_reasoners,clearbox,54,E:\Clearbox-AI-Plugin-Runner-main\Clearbox-AI-Plugin-Runner-main\plugins\reasoning_engine\engine.py,H:\AnchorWorks_reasoning_toolbox_pull_list\Machine_Log_Reasoners_CURATED_20260515_190413\files\high_confidence_log_reasoners\clearbox\e5a14da23770__engine.py,engine.py,28203,2026-03-13T20:12:06,capture;event;log;logger;logging;monitor;perf;trace,memory;process,infer;inference;model;pattern;reason;reasoning;score,.log;basicconfig;insert into;logging.;sqlite,,False
high_confidence_log_reasoners,clearbox,49,E:\clearbox-ai-studio-v2-main\core\lakespeak\ingest\pipeline.py,H:\AnchorWorks_reasoning_toolbox_pull_list\Machine_Log_Reasoners_CURATED_20260515_190413\files\high_confidence_log_reasoners\clearbox\a4c057d5b102__pipeline.py,pipeline.py,25361,2026-04-09T19:37:43,binary_store;event;evidence_store;log;logger;logging;observe,gpu;input;memory;system,pattern;reason,.jsonl;.log;.write(;json.dump;logging.;open(,,False
high_confidence_log_reasoners,clearbox,47,E:\clearbox-ai-studio-v2-main\bridges\services\chain_executor.py,H:\AnchorWorks_reasoning_toolbox_pull_list\Machine_Log_Reasoners_CURATED_20260515_190413\files\high_confidence_log_reasoners\clearbox\79dc671e823d__chain_executor.py,chain_executor.py,34194,2026-04-07T12:23:41,log;logger;reasoning_log;session;stream;telemetry;trace,input;memory;socket;system,infer;inference;model;pattern;reason;reasoning;summarize,,,False
high_confidence_log_reasoners,clearbox,46,E:\clearbox-ai-studio-v2-main\Conversations\threads\reasoning_log.py,H:\AnchorWorks_reasoning_toolbox_pull_list\Machine_Log_Reasoners_CURATED_20260515_190413\files\high_confidence_log_reasoners\clearbox\9219f2cc2b41__reasoning_log.py,reasoning_log.py,5470,2026-03-16T17:48:40,activity;capture;event;log;logger;logging;reasoning_log;trace,memory;system,model;reason;reasoning,.jsonl;.write(;json.dump;logging.;open(,,False
high_confidence_log_reasoners,clearbox,45,E:\clearbox-ai-studio-v2-main\core\lakespeak\retrieval\query.py,H:\AnchorWorks_reasoning_toolbox_pull_list\Machine_Log_Reasoners_CURATED_20260515_190413\files\high_confidence_log_reasoners\clearbox\40ddd74c9ade__query.py,query.py,34747,2026-04-09T19:37:50,binary_store;event;log;logger;logging;session;trace,process;system,analyze;decision;evaluate;model;reason;score,.jsonl;.log;logging.,,False
high_confidence_log_reasoners,clearbox,45,E:\clearbox-ai-studio-v2-main\scripts\clearbox_tray.py,H:\AnchorWorks_reasoning_toolbox_pull_list\Machine_Log_Reasoners_CURATED_20260515_190413\files\high_confidence_log_reasoners\clearbox\aa932bf3e2ab__clearbox_tray.py,clearbox_tray.py,23791,2026-04-07T12:43:57,capture;event;log;logging;monitor;stream,ctypes;keyboard;netstat;process;socket;subprocess;system,diagnostic;model,open(,,False
high_confidence_log_reasoners,clearbox,42,C:\Users\mydyi\OneDrive\Documents\Desktop\clearbox-plugins\lakespeak\retrieval\query.py,H:\AnchorWorks_reasoning_toolbox_pull_list\Machine_Log_Reasoners_CURATED_20260515_190413\files\high_confidence_log_reasoners\clearbox\401280965023__query.py,query.py,31439,2026-03-03T16:49:40,event;log;logger;logging;session;trace,process;system,analyze;decision;evaluate;model;reason;score,.jsonl;.log;logging.,,False
high_confidence_log_reasoners,clearbox,41,C:\Users\mydyi\OneDrive\Documents\Desktop\clearbox-plugins\lakespeak\events\training_logger.py,H:\AnchorWorks_reasoning_toolbox_pull_list\Machine_Log_Reasoners_CURATED_20260515_190413\files\high_confidence_log_reasoners\clearbox\b25af64de292__training_logger.py,training_logger.py,11738,2026-03-03T16:49:39,audit;event;log;logger;logging;session,system,decision;model;reason;score,.jsonl;.log;.write(;json.dump;logging.;open(,,False
high_confidence_log_reasoners,clearbox,41,E:\Clearbox-AI-Plugin-Runner-main\Clearbox-AI-Plugin-Runner-main\plugins\lakespeak\events\training_logger.py,H:\AnchorWorks_reasoning_toolbox_pull_list\Machine_Log_Reasoners_CURATED_20260515_190413\files\high_confidence_log_reasoners\clearbox\58eee2cfc88d__training_logger.py,training_logger.py,11320,2026-03-13T20:12:06,audit;event;log;logger;logging;session,system,decision;model;reason;score,.jsonl;.log;.write(;json.dump;logging.;open(,,False
high_confidence_log_reasoners,clearbox,41,E:\clearbox-ai-studio-v2-main\bridges\clearbox_bridge.py,H:\AnchorWorks_reasoning_toolbox_pull_list\Machine_Log_Reasoners_CURATED_20260515_190413\files\high_confidence_log_reasoners\clearbox\01949c103bbc__clearbox_bridge.py,clearbox_bridge.py,77728,2026-04-10T04:12:26,binary_store;history;log;logger;logging;stream,cpu;gpu;memory,diagnostic;infer;inference;reason,json.dump;logging.;open(,,False
high_confidence_log_reasoners,clearbox,41,E:\clearbox-ai-studio-v2-main\core\lakespeak\events\training_logger.py,H:\AnchorWorks_reasoning_toolbox_pull_list\Machine_Log_Reasoners_CURATED_20260515_190413\files\high_confidence_log_reasoners\clearbox\6557da6ad96a__training_logger.py,training_logger.py,11730,2026-03-16T17:48:46,audit;event;log;logger;logging;session,system,decision;model;reason;score,.jsonl;.log;.write(;json.dump;logging.;open(,,False
high_confidence_log_reasoners,clearbox,40,E:\Clearbox-AI-Plugin-Runner-main\Clearbox-AI-Plugin-Runner-main\plugins\lakespeak\retrieval\query.py,H:\AnchorWorks_reasoning_toolbox_pull_list\Machine_Log_Reasoners_CURATED_20260515_190413\files\high_confidence_log_reasoners\clearbox\76e9fba86f5b__query.py,query.py,30453,2026-03-13T20:12:06,event;log;logger;logging;session;trace,process;system,analyze;decision;evaluate;reason;score,.jsonl;.log;logging.,,False
high_confidence_log_reasoners,clearbox,40,E:\clearbox-ai-studio-v2-main\bridges\services\system_info.py,H:\AnchorWorks_reasoning_toolbox_pull_list\Machine_Log_Reasoners_CURATED_20260515_190413\files\high_confidence_log_reasoners\clearbox\4fc2868372c7__system_info.py,system_info.py,4978,2026-04-07T12:50:47,log;metric;metrics;stream,memory;process;psutil;socket;subprocess;system,model;predict;reason;reasoning,.jsonl,,False
high_confidence_log_reasoners,clearbox,40,E:\clearbox-ai-studio-v2-main\Conversations\threads\lessons.py,H:\AnchorWorks_reasoning_toolbox_pull_list\Machine_Log_Reasoners_CURATED_20260515_190413\files\high_confidence_log_reasoners\clearbox\436f1e70f662__lessons.py,lessons.py,8166,2026-04-07T12:50:40,log;logger;logging;session;stream,memory;system;trigger,decision;model;summarize;summarizer,.jsonl;.write(;json.dump;logging.,,False
high_confidence_log_reasoners,clearbox,40,E:\clearbox-ai-studio-v2-main\Conversations\threads\map_manager.py,H:\AnchorWorks_reasoning_toolbox_pull_list\Machine_Log_Reasoners_CURATED_20260515_190413\files\high_confidence_log_reasoners\clearbox\8b883f54c2d1__map_manager.py,map_manager.py,28706,2026-03-16T17:48:40,event;log;logger;logging;observe;stream,memory;system,infer;score,.jsonl;insert into;json.dump;logging.;open(;sqlite,,False
high_confidence_log_reasoners,clearbox,39,E:\clearbox-ai-studio-v2-main\security\gateway.py,H:\AnchorWorks_reasoning_toolbox_pull_list\Machine_Log_Reasoners_CURATED_20260515_190413\files\high_confidence_log_reasoners\clearbox\ff2d94902d54__gateway.py,gateway.py,35364,2026-03-16T17:48:46,audit;event;log;observe;session,input;memory;system;trigger,reason;reasoning,.jsonl;.write(;json.dump;open(,,False
high_confidence_log_reasoners,clearbox,38,E:\clearbox-ai-studio-v2-main\Conversations\threads\summarizer.py,H:\AnchorWorks_reasoning_toolbox_pull_list\Machine_Log_Reasoners_CURATED_20260515_190413\files\high_confidence_log_reasoners\clearbox\31604230f476__summarizer.py,summarizer.py,21916,2026-04-07T12:50:37,daily_logger;log;logger;logging;session;stream,system;trigger,decision;model;summarize;summarizer,.jsonl;.write(;logging.,,False
high_confidence_log_reasoners,clearbox,38,E:\clearbox-ai-studio-v2-main\core\observe\catalog.py,H:\AnchorWorks_reasoning_toolbox_pull_list\Machine_Log_Reasoners_CURATED_20260515_190413\files\high_confidence_log_reasoners\clearbox\e0b77e7ebf84__catalog.py,catalog.py,8925,2026-03-16T17:48:46,log;observe;sensor,cpu;gpu;memory;network;packet;process;psutil;subprocess;system,model,,,False
high_confidence_log_reasoners,clearbox,38,E:\clearbox-ai-studio-v2-main\security\data_paths.py,H:\AnchorWorks_reasoning_toolbox_pull_list\Machine_Log_Reasoners_CURATED_20260515_190413\files\high_confidence_log_reasoners\clearbox\f5c9cf365bbc__data_paths.py,data_paths.py,10523,2026-04-07T13:03:00,audit;event;history;log;logging;observe;session,memory,diagnostic;model;reason;reasoning,.jsonl;logging.;sqlite,,False
high_confidence_log_reasoners,clearbox,37,C:\Users\mydyi\OneDrive\Documents\Desktop\clearbox-plugins\lakespeak\events\eval_harness.py,H:\AnchorWorks_reasoning_toolbox_pull_list\Machine_Log_Reasoners_CURATED_20260515_190413\files\high_confidence_log_reasoners\clearbox\8647147fbf12__eval_harness.py,eval_harness.py,10700,2026-03-03T16:49:39,event;log;logger;logging;metric;metrics,mss,decision;evaluate;score,.jsonl;.log;json.dump;logging.;open(,,False
high_confidence_log_reasoners,clearbox,37,C:\Users\mydyi\OneDrive\Documents\Desktop\clearbox-plugins\openrefine\core\engine.py,H:\AnchorWorks_reasoning_toolbox_pull_list\Machine_Log_Reasoners_CURATED_20260515_190413\files\high_confidence_log_reasoners\clearbox\82ddbacc0290__engine.py,engine.py,18678,2026-03-03T16:49:40,history;log;logger;logging;stream,memory;process;psutil;subprocess,model,.csv;json.dump;logging.;open(,,False
high_confidence_log_reasoners,clearbox,37,E:\Clearbox-AI-Plugin-Runner-main\Clearbox-AI-Plugin-Runner-main\plugins\lakespeak\events\eval_harness.py,H:\AnchorWorks_reasoning_toolbox_pull_list\Machine_Log_Reasoners_CURATED_20260515_190413\files\high_confidence_log_reasoners\clearbox\58c7114027b7__eval_harness.py,eval_harness.py,10420,2026-03-13T20:12:06,event;log;logger;logging;metric;metrics,mss,decision;evaluate;score,.jsonl;.log;json.dump;logging.;open(,,False
high_confidence_log_reasoners,clearbox,37,E:\Clearbox-AI-Plugin-Runner-main\Clearbox-AI-Plugin-Runner-main\plugins\plugins\openrefine\core\engine.py,H:\AnchorWorks_reasoning_toolbox_pull_list\Machine_Log_Reasoners_CURATED_20260515_190413\files\high_confidence_log_reasoners\clearbox\e3c27626c33e__engine.py,engine.py,18678,2026-03-16T17:48:46,history;log;logger;logging;stream,memory;process;psutil;subprocess,model,.csv;json.dump;logging.;open(,,False
high_confidence_log_reasoners,clearbox,37,E:\clearbox-ai-studio-v2-main\core\lakespeak\events\eval_harness.py,H:\AnchorWorks_reasoning_toolbox_pull_list\Machine_Log_Reasoners_CURATED_20260515_190413\files\high_confidence_log_reasoners\clearbox\ba6cf0dd26ff__eval_harness.py,eval_harness.py,10676,2026-03-16T17:48:46,event;log;logger;logging;metric;metrics,mss,decision;evaluate;score,.jsonl;.log;json.dump;logging.;open(,,False
high_confidence_log_reasoners,clearbox,36,C:\Users\mydyi\Desktop\Clearbox-616-Standalone\core\reasoning_616\engine.py,H:\AnchorWorks_reasoning_toolbox_pull_list\Machine_Log_Reasoners_CURATED_20260515_190413\files\high_confidence_log_reasoners\clearbox\8898bff17153__engine.py,engine.py,39377,2026-04-10T04:13:37,evidence_store;log;logger;logging;metric;metrics,input;process,classif;reason;reasoning;score,.log;logging.,,False
high_confidence_log_reasoners,clearbox,36,E:\Clearbox-AI-Plugin-Runner-main\Clearbox-AI-Plugin-Runner-main\claude_sandbox\TOOL_DEFS_ENTRIES.py,H:\AnchorWorks_reasoning_toolbox_pull_list\Machine_Log_Reasoners_CURATED_20260515_190413\files\high_confidence_log_reasoners\clearbox\0c5cf41126be__TOOL_DEFS_ENTRIES.py,TOOL_DEFS_ENTRIES.py,6049,2026-03-13T20:12:05,capture;event;log;logger;monitor;sensor;session,network;process;system,correlat;pattern;score,,,False
high_confidence_log_reasoners,clearbox,36,E:\clearbox-ai-studio-v2-main\bridges\routers\memory.py,H:\AnchorWorks_reasoning_toolbox_pull_list\Machine_Log_Reasoners_CURATED_20260515_190413\files\high_confidence_log_reasoners\clearbox\c78dc9daea9f__memory.py,memory.py,12368,2026-03-16T17:48:46,log;logger;logging,memory;system;trigger,model;pattern;reason;reasoning;summarize;summarizer,.jsonl;logging.;sqlite,,False
high_confidence_log_reasoners,clearbox,36,E:\clearbox-ai-studio-v2-main\bridges\services\chat_pack_service.py,H:\AnchorWorks_reasoning_toolbox_pull_list\Machine_Log_Reasoners_CURATED_20260515_190413\files\high_confidence_log_reasoners\clearbox\25a27dbb232b__chat_pack_service.py,chat_pack_service.py,7771,2026-03-23T13:21:08,log;logger;perf;session;stream;telemetry;trace,gpu,infer;inference;model;predict;reason;reasoning,,,False
high_confidence_log_reasoners,clearbox,36,E:\clearbox-ai-studio-v2-main\core\reasoning_616\engine.py,H:\AnchorWorks_reasoning_toolbox_pull_list\Machine_Log_Reasoners_CURATED_20260515_190413\files\high_confidence_log_reasoners\clearbox\6a8eeff1be1a__engine.py,engine.py,39377,2026-04-10T04:13:37,evidence_store;log;logger;logging;metric;metrics,input;process,classif;reason;reasoning;score,.log;logging.,,False
high_confidence_log_reasoners,clearbox,35,C:\Users\mydyi\OneDrive\Documents\Desktop\clearbox-plugins\lakespeak\ingest\pipeline.py,H:\AnchorWorks_reasoning_toolbox_pull_list\Machine_Log_Reasoners_CURATED_20260515_190413\files\high_confidence_log_reasoners\clearbox\d8f0e98a0254__pipeline.py,pipeline.py,23125,2026-03-03T16:49:40,event;log;logger;logging,gpu;input;system,reason,.jsonl;.log;.write(;json.dump;logging.;open(,,False
high_confidence_log_reasoners,clearbox,35,E:\Clearbox-AI-Plugin-Runner-main\Clearbox-AI-Plugin-Runner-main\plugins\lakespeak\ingest\pipeline.py,H:\AnchorWorks_reasoning_toolbox_pull_list\Machine_Log_Reasoners_CURATED_20260515_190413\files\high_confidence_log_reasoners\clearbox\d8d564fbe3f8__pipeline.py,pipeline.py,22432,2026-03-13T20:12:06,event;log;logger;logging,gpu;input;system,reason,.jsonl;.log;.write(;json.dump;logging.;open(,,False
high_confidence_log_reasoners,clearbox,35,E:\clearbox-ai-studio-v2-main\bridges\services\inference.py,H:\AnchorWorks_reasoning_toolbox_pull_list\Machine_Log_Reasoners_CURATED_20260515_190413\files\high_confidence_log_reasoners\clearbox\c7c4331c1985__inference.py,inference.py,13129,2026-04-07T12:49:36,log;logger;logging;stream;trace,input;system,infer;inference;model;predict;reason;reasoning,logging.,,False
high_confidence_log_reasoners,clearbox,35,E:\clearbox-ai-studio-v2-main\core\observe\resolver.py,H:\AnchorWorks_reasoning_toolbox_pull_list\Machine_Log_Reasoners_CURATED_20260515_190413\files\high_confidence_log_reasoners\clearbox\4eb0467a8aae__resolver.py,resolver.py,4839,2026-04-08T06:13:10,log;observe;perf;performance;sensor,cpu;gpu;memory;network;process;system,pattern,,,False
high_confidence_log_reasoners,clearbox,33,E:\Clearbox-AI-Plugin-Runner-main\Clearbox-AI-Plugin-Runner-main\bridges\forest_bridge.py,H:\AnchorWorks_reasoning_toolbox_pull_list\Machine_Log_Reasoners_CURATED_20260515_190413\files\high_confidence_log_reasoners\clearbox\eee97e2d6df5__forest_bridge.py,forest_bridge.py,49210,2026-03-13T20:12:05,history;log;logger;logging,cpu;gpu;memory,diagnostic;infer;inference,json.dump;logging.;open(,,False
high_confidence_log_reasoners,clearbox,32,E:\clearbox-ai-studio-v2-main\scripts\citation_server.py,H:\AnchorWorks_reasoning_toolbox_pull_list\Machine_Log_Reasoners_CURATED_20260515_190413\files\high_confidence_log_reasoners\clearbox\0fc2de01b31a__citation_server.py,citation_server.py,26854,2026-03-24T19:11:24,binary_store;log;logger;logging;trace,win32,model;reason;score,.jsonl;basicconfig;json.dump;logging.,,False
high_confidence_log_reasoners,clearbox,31,C:\Users\mydyi\OneDrive\Documents\Desktop\clearbox-plugins\forest_node\node_daemon_standalone.py,H:\AnchorWorks_reasoning_toolbox_pull_list\Machine_Log_Reasoners_CURATED_20260515_190413\files\high_confidence_log_reasoners\clearbox\3124b3a8ecf0__node_daemon_standalone.py,node_daemon_standalone.py,23798,2026-03-03T16:49:39,log;session;stream,cpu;ctypes;gpu;memory;socket;system,model,open(,,False
high_confidence_log_reasoners,clearbox,31,E:\Clearbox-AI-Plugin-Runner-main\Clearbox-AI-Plugin-Runner-main\plugins\forest_node\node_daemon_standalone.py,H:\AnchorWorks_reasoning_toolbox_pull_list\Machine_Log_Reasoners_CURATED_20260515_190413\files\high_confidence_log_reasoners\clearbox\74cd9e05bc32__node_daemon_standalone.py,node_daemon_standalone.py,23798,2026-03-13T20:12:05,log;session;stream,cpu;ctypes;gpu;memory;socket;system,model,open(,,False
high_confidence_log_reasoners,clearbox,31,E:\clearbox-ai-studio-v2-main\bridges\routers\chat.py,H:\AnchorWorks_reasoning_toolbox_pull_list\Machine_Log_Reasoners_CURATED_20260515_190413\files\high_confidence_log_reasoners\clearbox\0491907e2c5b__chat.py,chat.py,3953,2026-04-07T12:50:38,history;log;logger;logging;telemetry;trace,socket,infer;inference;model;reason;reasoning,,,False
high_confidence_log_reasoners,clearbox,31,E:\clearbox-ai-studio-v2-main\bridges\routers\control.py,H:\AnchorWorks_reasoning_toolbox_pull_list\Machine_Log_Reasoners_CURATED_20260515_190413\files\high_confidence_log_reasoners\clearbox\d166798e25d8__control.py,control.py,10820,2026-04-09T16:35:22,event;history;log;session;telemetry;trace,system,model;reason;reasoning,.log;json.dump,,False
high_confidence_log_reasoners,clearbox,30,E:\clearbox-ai-studio-v2-main\Conversations\threads\__init__.py,H:\AnchorWorks_reasoning_toolbox_pull_list\Machine_Log_Reasoners_CURATED_20260515_190413\files\high_confidence_log_reasoners\clearbox\920bd6ef795d____init__.py,__init__.py,923,2026-03-16T17:48:40,daily_logger;history;journal;log;logger;logging,memory;system,model,.jsonl;logging.,,False
high_confidence_log_reasoners,clearbox,30,E:\clearbox-ai-studio-v2-main\Conversations\threads\chat_ingest.py,H:\AnchorWorks_reasoning_toolbox_pull_list\Machine_Log_Reasoners_CURATED_20260515_190413\files\high_confidence_log_reasoners\clearbox\963a1614c3b4__chat_ingest.py,chat_ingest.py,6527,2026-03-16T17:48:40,daily_logger;log;logger;logging,cpu;memory;system;trigger,reason,.jsonl;logging.,,False
high_confidence_log_reasoners,clearbox,29,C:\Users\mydyi\OneDrive\Documents\Desktop\clearbox-plugins\genesis_cite\indexer.py,H:\AnchorWorks_reasoning_toolbox_pull_list\Machine_Log_Reasoners_CURATED_20260515_190413\files\high_confidence_log_reasoners\clearbox\a2f134b12042__indexer.py,indexer.py,7496,2026-03-03T16:49:39,capture;log;logger;logging,process;subprocess;trigger,model,json.dump;logging.;open(,,False
high_confidence_log_reasoners,clearbox,29,C:\Users\mydyi\OneDrive\Documents\Desktop\clearbox-plugins\lakespeak\api\router.py,H:\AnchorWorks_reasoning_toolbox_pull_list\Machine_Log_Reasoners_CURATED_20260515_190413\files\high_confidence_log_reasoners\clearbox\d601baab2392__router.py,router.py,7069,2026-03-03T16:49:39,log;logger;logging;session;trace,process;system,model;reason;reasoning,logging.,,False
high_confidence_log_reasoners,clearbox,29,E:\Clearbox-AI-Plugin-Runner-main\Clearbox-AI-Plugin-Runner-main\bridges\gpu_backend.py,H:\AnchorWorks_reasoning_toolbox_pull_list\Machine_Log_Reasoners_CURATED_20260515_190413\files\high_confidence_log_reasoners\clearbox\c6cc98f64d4b__gpu_backend.py,gpu_backend.py,6714,2026-03-13T20:12:05,activity;capture;sensor,cpu;gpu;memory;process;socket;subprocess,model,,,False
high_confidence_log_reasoners,clearbox,29,E:\Clearbox-AI-Plugin-Runner-main\Clearbox-AI-Plugin-Runner-main\plugin_runner.py,H:\AnchorWorks_reasoning_toolbox_pull_list\Machine_Log_Reasoners_CURATED_20260515_190413\files\high_confidence_log_reasoners\clearbox\07751fb85f20__plugin_runner.py,plugin_runner.py,26279,2026-03-13T20:12:05,event;log;logger;logging,system,model;pattern;reason;reasoning,basicconfig;json.dump;logging.,,False
high_confidence_log_reasoners,clearbox,29,E:\Clearbox-AI-Plugin-Runner-main\Clearbox-AI-Plugin-Runner-main\plugins\genesis_cite\indexer.py,H:\AnchorWorks_reasoning_toolbox_pull_list\Machine_Log_Reasoners_CURATED_20260515_190413\files\high_confidence_log_reasoners\clearbox\7e1e7528a827__indexer.py,indexer.py,7270,2026-03-13T20:12:06,capture;log;logger;logging,process;subprocess;trigger,model,json.dump;logging.;open(,,False
high_confidence_log_reasoners,clearbox,29,E:\Clearbox-AI-Plugin-Runner-main\Clearbox-AI-Plugin-Runner-main\plugins\lakespeak\api\router.py,H:\AnchorWorks_reasoning_toolbox_pull_list\Machine_Log_Reasoners_CURATED_20260515_190413\files\high_confidence_log_reasoners\clearbox\c6be62b54488__router.py,router.py,6720,2026-03-13T20:12:06,log;logger;logging;session;trace,process;system,model;reason;reasoning,logging.,,False
high_confidence_log_reasoners,clearbox,29,E:\clearbox-ai-studio-v2-main\bridges\gpu_backend.py,H:\AnchorWorks_reasoning_toolbox_pull_list\Machine_Log_Reasoners_CURATED_20260515_190413\files\high_confidence_log_reasoners\clearbox\080621d0a269__gpu_backend.py,gpu_backend.py,6910,2026-03-16T17:48:46,activity;capture;sensor,cpu;gpu;memory;process;socket;subprocess,model,,,False
high_confidence_log_reasoners,clearbox,29,E:\clearbox-ai-studio-v2-main\bridges\models.py,H:\AnchorWorks_reasoning_toolbox_pull_list\Machine_Log_Reasoners_CURATED_20260515_190413\files\high_confidence_log_reasoners\clearbox\d1aafcf8a4fd__models.py,models.py,4672,2026-04-07T09:30:57,session;trace,cpu;gpu;input,analyze;infer;inference;model;pattern;reason;reasoning,,,False
high_confidence_log_reasoners,clearbox,29,E:\clearbox-ai-studio-v2-main\bridges\state.py,H:\AnchorWorks_reasoning_toolbox_pull_list\Machine_Log_Reasoners_CURATED_20260515_190413\files\high_confidence_log_reasoners\clearbox\1d2ac4461252__state.py,state.py,11074,2026-03-23T13:21:08,log;logger;logging;perf,gpu,infer;inference;reason;reasoning,json.dump;logging.;open(,,False
high_confidence_log_reasoners,clearbox,29,E:\clearbox-ai-studio-v2-main\core\lakespeak\api\router.py,H:\AnchorWorks_reasoning_toolbox_pull_list\Machine_Log_Reasoners_CURATED_20260515_190413\files\high_confidence_log_reasoners\clearbox\6d857567f109__router.py,router.py,7195,2026-03-16T17:48:46,log;logger;logging;session;trace,process;system,model;reason;reasoning,logging.,,False
high_confidence_log_reasoners,clearbox,29,E:\clearbox-ai-studio-v2-main\security\storage_layout.py,H:\AnchorWorks_reasoning_toolbox_pull_list\Machine_Log_Reasoners_CURATED_20260515_190413\files\high_confidence_log_reasoners\clearbox\ee55d3b75b17__storage_layout.py,storage_layout.py,14322,2026-03-16T17:48:46,audit;event;log;session,input;mss;system,infer;inference;model,json.dump,,False
high_confidence_log_reasoners,clearbox,28,C:\Users\mydyi\OneDrive\Documents\Desktop\clearbox-plugins\forest_node\core\usb_detect.py,H:\AnchorWorks_reasoning_toolbox_pull_list\Machine_Log_Reasoners_CURATED_20260515_190413\files\high_confidence_log_reasoners\clearbox\0fb71872c548__usb_detect.py,usb_detect.py,6083,2026-03-03T16:49:39,capture;log;logger;logging,process;subprocess;win32;wmi,model,logging.,,False
high_confidence_log_reasoners,clearbox,28,E:\Clearbox-AI-Plugin-Runner-main\Clearbox-AI-Plugin-Runner-main\claude_sandbox\plugins\audio_io\core\worker.py,H:\AnchorWorks_reasoning_toolbox_pull_list\Machine_Log_Reasoners_CURATED_20260515_190413\files\high_confidence_log_reasoners\clearbox\90fc0daa2660__worker.py,worker.py,6302,2026-03-13T20:12:05,capture;event;log;logger;logging;session;stream,input,classif,logging.,,False
high_confidence_log_reasoners,clearbox,28,E:\Clearbox-AI-Plugin-Runner-main\Clearbox-AI-Plugin-Runner-main\claude_sandbox\plugins\visual_io\api\router.py,H:\AnchorWorks_reasoning_toolbox_pull_list\Machine_Log_Reasoners_CURATED_20260515_190413\files\high_confidence_log_reasoners\clearbox\f230b46bf295__router.py,router.py,7148,2026-03-13T20:12:05,capture;event;metric;metrics;session,mss;screen capture,model,,screen capture,False
high_confidence_log_reasoners,clearbox,28,E:\Clearbox-AI-Plugin-Runner-main\Clearbox-AI-Plugin-Runner-main\plugins\forest_node\core\usb_detect.py,H:\AnchorWorks_reasoning_toolbox_pull_list\Machine_Log_Reasoners_CURATED_20260515_190413\files\high_confidence_log_reasoners\clearbox\55595585694e__usb_detect.py,usb_detect.py,5894,2026-03-13T20:12:06,capture;log;logger;logging,process;subprocess;win32;wmi,model,logging.,,False
high_confidence_log_reasoners,clearbox,27,C:\Users\mydyi\OneDrive\Documents\Desktop\clearbox-plugins\chat_packs\core\engine.py,H:\AnchorWorks_reasoning_toolbox_pull_list\Machine_Log_Reasoners_CURATED_20260515_190413\files\high_confidence_log_reasoners\clearbox\ce212a6e717f__engine.py,engine.py,21295,2026-03-03T16:49:38,log;logger;logging;session,system,model;pattern;score,json.dump;logging.;open(,,False
high_confidence_log_reasoners,clearbox,27,C:\Users\mydyi\OneDrive\Documents\Desktop\clearbox-plugins\lakespeak\index\dense.py,H:\AnchorWorks_reasoning_toolbox_pull_list\Machine_Log_Reasoners_CURATED_20260515_190413\files\high_confidence_log_reasoners\clearbox\17f8b2f2d0f8__dense.py,dense.py,10185,2026-03-03T16:49:39,log;logger;logging,cpu;system,model;score,.jsonl;json.dump;logging.;open(,,False
high_confidence_log_reasoners,clearbox,27,C:\Users\mydyi\OneDrive\Documents\Desktop\clearbox-plugins\openrefine\api\router.py,H:\AnchorWorks_reasoning_toolbox_pull_list\Machine_Log_Reasoners_CURATED_20260515_190413\files\high_confidence_log_reasoners\clearbox\b8799db41ab6__router.py,router.py,11313,2026-03-03T16:49:40,history;log;logger;logging;stream,memory;process,model,.csv;logging.,,False
high_confidence_log_reasoners,clearbox,27,E:\Clearbox-AI-Plugin-Runner-main\Clearbox-AI-Plugin-Runner-main\plugins\chat_packs\core\engine.py,H:\AnchorWorks_reasoning_toolbox_pull_list\Machine_Log_Reasoners_CURATED_20260515_190413\files\high_confidence_log_reasoners\clearbox\0f5e0c7bb27d__engine.py,engine.py,20756,2026-03-13T20:12:05,log;logger;logging;session,system,model;pattern;score,json.dump;logging.;open(,,False
high_confidence_log_reasoners,clearbox,27,E:\Clearbox-AI-Plugin-Runner-main\Clearbox-AI-Plugin-Runner-main\plugins\lakespeak\index\dense.py,H:\AnchorWorks_reasoning_toolbox_pull_list\Machine_Log_Reasoners_CURATED_20260515_190413\files\high_confidence_log_reasoners\clearbox\f6768bab6a5e__dense.py,dense.py,9908,2026-03-13T20:12:06,log;logger;logging,cpu;system,model;score,.jsonl;json.dump;logging.;open(,,False
high_confidence_log_reasoners,clearbox,27,E:\Clearbox-AI-Plugin-Runner-main\Clearbox-AI-Plugin-Runner-main\plugins\plugins\openrefine\api\router.py,H:\AnchorWorks_reasoning_toolbox_pull_list\Machine_Log_Reasoners_CURATED_20260515_190413\files\high_confidence_log_reasoners\clearbox\6ecbc2b20c2e__router.py,router.py,11313,2026-03-16T17:48:46,history;log;logger;logging;stream,memory;process,model,.csv;logging.,,False
high_confidence_log_reasoners,clearbox,27,E:\clearbox-ai-studio-v2-main\core\chat_packs\core\engine.py,H:\AnchorWorks_reasoning_toolbox_pull_list\Machine_Log_Reasoners_CURATED_20260515_190413\files\high_confidence_log_reasoners\clearbox\426e216eeba8__engine.py,engine.py,21926,2026-03-23T13:21:08,log;logger;logging;session,system,model;pattern;score,json.dump;logging.;open(,,False
high_confidence_log_reasoners,clearbox,27,E:\clearbox-ai-studio-v2-main\core\lakespeak\index\dense.py,H:\AnchorWorks_reasoning_toolbox_pull_list\Machine_Log_Reasoners_CURATED_20260515_190413\files\high_confidence_log_reasoners\clearbox\f63801caa26d__dense.py,dense.py,11573,2026-03-16T17:48:46,log;logger;logging,cpu;system,model;score,.jsonl;json.dump;logging.;open(,,False
high_confidence_log_reasoners,clearbox,26,C:\Users\mydyi\OneDrive\Documents\Desktop\clearbox-plugins\forest_node\api\pairing.py,H:\AnchorWorks_reasoning_toolbox_pull_list\Machine_Log_Reasoners_CURATED_20260515_190413\files\high_confidence_log_reasoners\clearbox\86674032a663__pairing.py,pairing.py,11630,2026-03-03T16:49:39,log;logger;logging;session,memory;network,model,json.dump;logging.;open(,,False
high_confidence_log_reasoners,clearbox,26,C:\Users\mydyi\OneDrive\Documents\Desktop\clearbox-plugins\forest_node\node_daemon.py,H:\AnchorWorks_reasoning_toolbox_pull_list\Machine_Log_Reasoners_CURATED_20260515_190413\files\high_confidence_log_reasoners\clearbox\92d8377b6aee__node_daemon.py,node_daemon.py,17053,2026-03-03T16:49:39,log;logger;logging;session;stream,system,model,basicconfig;logging.;open(,,False
high_confidence_log_reasoners,clearbox,26,E:\Clearbox-AI-Plugin-Runner-main\Clearbox-AI-Plugin-Runner-main\plugins\forest_node\api\pairing.py,H:\AnchorWorks_reasoning_toolbox_pull_list\Machine_Log_Reasoners_CURATED_20260515_190413\files\high_confidence_log_reasoners\clearbox\ed6768e045c1__pairing.py,pairing.py,11267,2026-03-13T20:12:06,log;logger;logging;session,memory;network,model,json.dump;logging.;open(,,False
high_confidence_log_reasoners,clearbox,26,E:\Clearbox-AI-Plugin-Runner-main\Clearbox-AI-Plugin-Runner-main\plugins\forest_node\node_daemon.py,H:\AnchorWorks_reasoning_toolbox_pull_list\Machine_Log_Reasoners_CURATED_20260515_190413\files\high_confidence_log_reasoners\clearbox\1e569e14e038__node_daemon.py,node_daemon.py,16596,2026-03-13T20:12:05,log;logger;logging;session;stream,system,model,basicconfig;logging.;open(,,False
high_confidence_log_reasoners,clearbox,26,E:\Clearbox-AI-Plugin-Runner-main\Clearbox-AI-Plugin-Runner-main\plugins\reach\api\router.py,H:\AnchorWorks_reasoning_toolbox_pull_list\Machine_Log_Reasoners_CURATED_20260515_190413\files\high_confidence_log_reasoners\clearbox\fddcd6b02f2f__router.py,router.py,7545,2026-03-13T20:12:06,audit;log;logger;logging,process;socket,model,.jsonl;logging.;open(,,False
high_confidence_log_reasoners,clearbox,26,E:\clearbox-ai-studio-v2-main\bridges\services\documap_ingestion.py,H:\AnchorWorks_reasoning_toolbox_pull_list\Machine_Log_Reasoners_CURATED_20260515_190413\files\high_confidence_log_reasoners\clearbox\8d31bb20e240__documap_ingestion.py,documap_ingestion.py,10034,2026-04-08T05:46:59,event;log;logger,cpu;input;process,model;pattern,json.dump;open(,,False
high_confidence_log_reasoners,clearbox,26,E:\clearbox-ai-studio-v2-main\security\directory_law.py,H:\AnchorWorks_reasoning_toolbox_pull_list\Machine_Log_Reasoners_CURATED_20260515_190413\files\high_confidence_log_reasoners\clearbox\048c4801cba0__directory_law.py,directory_law.py,7822,2026-03-16T17:48:46,audit;event;log;observe;session,memory;process;system,diagnostic,,,False
high_confidence_log_reasoners,clearbox,25,C:\Users\mydyi\OneDrive\Documents\Desktop\clearbox-plugins\forest_node\core\session_gate.py,H:\AnchorWorks_reasoning_toolbox_pull_list\Machine_Log_Reasoners_CURATED_20260515_190413\files\high_confidence_log_reasoners\clearbox\0f11aab58386__session_gate.py,session_gate.py,5098,2026-03-03T16:49:39,event;log;logger;logging;metric;session,memory,decision,logging.,,False
high_confidence_log_reasoners,clearbox,25,E:\Clearbox-AI-Plugin-Runner-main\Clearbox-AI-Plugin-Runner-main\plugins\forest_node\core\session_gate.py,H:\AnchorWorks_reasoning_toolbox_pull_list\Machine_Log_Reasoners_CURATED_20260515_190413\files\high_confidence_log_reasoners\clearbox\71af64b2a531__session_gate.py,session_gate.py,4957,2026-03-13T20:12:06,event;log;logger;logging;metric;session,memory,decision,logging.,,False
high_confidence_log_reasoners,clearbox,25,E:\Clearbox-AI-Plugin-Runner-main\Clearbox-AI-Plugin-Runner-main\plugins\plugins\winutil\api\router.py,H:\AnchorWorks_reasoning_toolbox_pull_list\Machine_Log_Reasoners_CURATED_20260515_190413\files\high_confidence_log_reasoners\clearbox\6d15a8375460__router.py,router.py,13948,2026-03-16T17:48:46,log;logger;logging;perf;performance,network;system,model,logging.,,False
high_confidence_log_reasoners,clearbox,25,E:\Clearbox-AI-Plugin-Runner-main\Clearbox-AI-Plugin-Runner-main\plugins\reach\channels\base.py,H:\AnchorWorks_reasoning_toolbox_pull_list\Machine_Log_Reasoners_CURATED_20260515_190413\files\high_confidence_log_reasoners\clearbox\e7d4163b5f0e__base.py,base.py,2733,2026-03-13T20:12:06,audit;event;log;logger;logging;session,process,decision,logging.,,False
high_confidence_log_reasoners,clearbox,24,C:\Users\mydyi\Desktop\Clearbox-616-Standalone\standalone616\ui.py,H:\AnchorWorks_reasoning_toolbox_pull_list\Machine_Log_Reasoners_CURATED_20260515_190413\files\high_confidence_log_reasoners\clearbox\86a6fea11aa9__ui.py,ui.py,9054,2026-04-10T09:58:26,event;metric;metrics;trace,input;system,reason;reasoning;score,,,False
high_confidence_log_reasoners,clearbox,24,C:\Users\mydyi\OneDrive\Documents\Desktop\clearbox-plugins\lakespeak\schemas.py,H:\AnchorWorks_reasoning_toolbox_pull_list\Machine_Log_Reasoners_CURATED_20260515_190413\files\high_confidence_log_reasoners\clearbox\2b14e63cf924__schemas.py,schemas.py,8141,2026-03-03T16:49:39,audit;event;session;trace,mss;system,reason;reasoning;score,,,False
high_confidence_log_reasoners,clearbox,24,E:\Clearbox-AI-Plugin-Runner-main\Clearbox-AI-Plugin-Runner-main\plugins\lakespeak\schemas.py,H:\AnchorWorks_reasoning_toolbox_pull_list\Machine_Log_Reasoners_CURATED_20260515_190413\files\high_confidence_log_reasoners\clearbox\3ef950f8c243__schemas.py,schemas.py,7929,2026-03-13T20:12:06,audit;event;session;trace,mss;system,reason;reasoning;score,,,False
high_confidence_log_reasoners,clearbox,24,E:\Clearbox-AI-Plugin-Runner-main\Clearbox-AI-Plugin-Runner-main\plugins\plugins\research_browser\api\router.py,H:\AnchorWorks_reasoning_toolbox_pull_list\Machine_Log_Reasoners_CURATED_20260515_190413\files\high_confidence_log_reasoners\clearbox\6449c5b6cedf__router.py,router.py,16544,2026-03-18T16:02:13,journal;log;logger;logging,input;system,classif;model,logging.,,False
high_confidence_log_reasoners,clearbox,24,E:\clearbox-ai-studio-v2-main\bridges\services\system_control.py,H:\AnchorWorks_reasoning_toolbox_pull_list\Machine_Log_Reasoners_CURATED_20260515_190413\files\high_confidence_log_reasoners\clearbox\fe856445c20e__system_control.py,system_control.py,6203,2026-03-23T13:21:08,capture;log;logger,process;subprocess;system,reason;reasoning,open(,,False
high_confidence_log_reasoners,clearbox,24,E:\clearbox-ai-studio-v2-main\core\lakespeak\schemas.py,H:\AnchorWorks_reasoning_toolbox_pull_list\Machine_Log_Reasoners_CURATED_20260515_190413\files\high_confidence_log_reasoners\clearbox\c2ef76304794__schemas.py,schemas.py,8604,2026-03-24T17:42:14,audit;event;session;trace,mss;system,reason;reasoning;score,,,False
high_confidence_log_reasoners,clearbox,23,C:\Users\mydyi\OneDrive\Documents\Desktop\clearbox-plugins\lakespeak\retrieval\grounding_policy.py,H:\AnchorWorks_reasoning_toolbox_pull_list\Machine_Log_Reasoners_CURATED_20260515_190413\files\high_confidence_log_reasoners\clearbox\c379310d25f1__grounding_policy.py,grounding_policy.py,6966,2026-03-03T16:49:40,log;logger;logging;trace,system,decision;reason;reasoning,logging.,,False
high_confidence_log_reasoners,clearbox,23,E:\Clearbox-AI-Plugin-Runner-main\Clearbox-AI-Plugin-Runner-main\claude_sandbox\plugins\netlog\api\router.py,H:\AnchorWorks_reasoning_toolbox_pull_list\Machine_Log_Reasoners_CURATED_20260515_190413\files\high_confidence_log_reasoners\clearbox\9b7b883e31ee__router.py,router.py,7794,2026-03-13T20:12:05,event;log;session,network;process;psutil;scapy,model,,,False
high_confidence_log_reasoners,clearbox,23,E:\Clearbox-AI-Plugin-Runner-main\Clearbox-AI-Plugin-Runner-main\plugins\lakespeak\retrieval\grounding_policy.py,H:\AnchorWorks_reasoning_toolbox_pull_list\Machine_Log_Reasoners_CURATED_20260515_190413\files\high_confidence_log_reasoners\clearbox\b0ca8443268d__grounding_policy.py,grounding_policy.py,6799,2026-03-13T20:12:06,log;logger;logging;trace,system,decision;reason;reasoning,logging.,,False
high_confidence_log_reasoners,clearbox,23,E:\clearbox-ai-studio-v2-main\bridges\routers\config.py,H:\AnchorWorks_reasoning_toolbox_pull_list\Machine_Log_Reasoners_CURATED_20260515_190413\files\high_confidence_log_reasoners\clearbox\0e01e37b533b__config.py,config.py,17893,2026-04-07T12:50:45,log;logger,network;socket;system,infer;inference;model;score,,,False
high_confidence_log_reasoners,clearbox,23,E:\clearbox-ai-studio-v2-main\bridges\routers\system.py,H:\AnchorWorks_reasoning_toolbox_pull_list\Machine_Log_Reasoners_CURATED_20260515_190413\files\high_confidence_log_reasoners\clearbox\9c36cc6667d8__system.py,system.py,6716,2026-04-07T09:29:12,metric;metrics;stream,network;process;socket;system,model,,,False
high_confidence_log_reasoners,clearbox,23,E:\clearbox-ai-studio-v2-main\Conversations\threads\models.py,H:\AnchorWorks_reasoning_toolbox_pull_list\Machine_Log_Reasoners_CURATED_20260515_190413\files\high_confidence_log_reasoners\clearbox\48a911e8cefd__models.py,models.py,6056,2026-03-23T13:21:08,journal;log;session,memory;system,infer;model;reason;reasoning,,,False
high_confidence_log_reasoners,clearbox,23,E:\clearbox-ai-studio-v2-main\core\lakespeak\retrieval\grounding_policy.py,H:\AnchorWorks_reasoning_toolbox_pull_list\Machine_Log_Reasoners_CURATED_20260515_190413\files\high_confidence_log_reasoners\clearbox\92f2c43776de__grounding_policy.py,grounding_policy.py,6947,2026-03-16T17:48:46,log;logger;logging;trace,system,decision;reason;reasoning,logging.,,False
high_confidence_log_reasoners,clearbox,22,C:\Users\mydyi\OneDrive\Documents\Desktop\clearbox-plugins\forest_network\auth.py,H:\AnchorWorks_reasoning_toolbox_pull_list\Machine_Log_Reasoners_CURATED_20260515_190413\files\high_confidence_log_reasoners\clearbox\ca2d33babc72__auth.py,auth.py,2693,2026-03-03T16:49:38,audit;event;log;logger;logging,network,diagnostic,logging.,,False
high_confidence_log_reasoners,clearbox,22,C:\Users\mydyi\OneDrive\Documents\Desktop\clearbox-plugins\forest_network\paths.py,H:\AnchorWorks_reasoning_toolbox_pull_list\Machine_Log_Reasoners_CURATED_20260515_190413\files\high_confidence_log_reasoners\clearbox\48f691fd569a__paths.py,paths.py,4725,2026-03-03T16:49:38,event;log;logger;logging,network;system,pattern,logging.,,False
high_confidence_log_reasoners,clearbox,22,E:\Clearbox-AI-Plugin-Runner-main\Clearbox-AI-Plugin-Runner-main\plugins\forest_network\auth.py,H:\AnchorWorks_reasoning_toolbox_pull_list\Machine_Log_Reasoners_CURATED_20260515_190413\files\high_confidence_log_reasoners\clearbox\a81f676e5d22__auth.py,auth.py,2619,2026-03-13T20:12:05,audit;event;log;logger;logging,network,diagnostic,logging.,,False
high_confidence_log_reasoners,clearbox,22,E:\Clearbox-AI-Plugin-Runner-main\Clearbox-AI-Plugin-Runner-main\plugins\forest_network\paths.py,H:\AnchorWorks_reasoning_toolbox_pull_list\Machine_Log_Reasoners_CURATED_20260515_190413\files\high_confidence_log_reasoners\clearbox\61f06ad374f0__paths.py,paths.py,4610,2026-03-13T20:12:05,event;log;logger;logging,network;system,pattern,logging.,,False
high_confidence_log_reasoners,clearbox,22,E:\clearbox-ai-studio-v2-main\Conversations\threads\citations.py,H:\AnchorWorks_reasoning_toolbox_pull_list\Machine_Log_Reasoners_CURATED_20260515_190413\files\high_confidence_log_reasoners\clearbox\c1091b24561f__citations.py,citations.py,10518,2026-03-16T17:48:40,capture;history;log;session,input;system,pattern,.jsonl,,False
high_confidence_log_reasoners,clearbox,20,C:\Users\mydyi\Desktop\Clearbox-616-Standalone\standalone616\cli.py,H:\AnchorWorks_reasoning_toolbox_pull_list\Machine_Log_Reasoners_CURATED_20260515_190413\files\high_confidence_log_reasoners\clearbox\60222cabfad9__cli.py,cli.py,8700,2026-04-10T14:51:55,audit;metric;metrics,system,reason;reasoning;score,json.dump,,False
high_confidence_log_reasoners,clearbox,20,C:\Users\mydyi\OneDrive\Documents\Desktop\clearbox-plugins\system_pulse\api\models.py,H:\AnchorWorks_reasoning_toolbox_pull_list\Machine_Log_Reasoners_CURATED_20260515_190413\files\high_confidence_log_reasoners\clearbox\0364b4cf261b__models.py,models.py,1828,2026-03-03T16:49:40,history;log;pulse,cpu;gpu;system,model,,,False
high_confidence_log_reasoners,clearbox,20,E:\clearbox-ai-studio-v2-main\Conversations\threads\note_store.py,H:\AnchorWorks_reasoning_toolbox_pull_list\Machine_Log_Reasoners_CURATED_20260515_190413\files\high_confidence_log_reasoners\clearbox\fcaf96eee7b4__note_store.py,note_store.py,12986,2026-03-16T17:48:40,audit;log,memory;system,pattern,.write(;json.dump;open(,,False
high_confidence_log_reasoners,clearbox,20,E:\clearbox-ai-studio-v2-main\core\system_pulse\api\models.py,H:\AnchorWorks_reasoning_toolbox_pull_list\Machine_Log_Reasoners_CURATED_20260515_190413\files\high_confidence_log_reasoners\clearbox\ea8dea0fe5c7__models.py,models.py,1828,2026-03-16T17:48:46,history;log;pulse,cpu;gpu;system,model,,,False
high_confidence_log_reasoners,clearbox,20,E:\clearbox-ai-studio-v2-main\docs\help_system\ui_analyzer.py,H:\AnchorWorks_reasoning_toolbox_pull_list\Machine_Log_Reasoners_CURATED_20260515_190413\files\high_confidence_log_reasoners\clearbox\944b30868b9a__ui_analyzer.py,ui_analyzer.py,17617,2026-03-16T17:48:46,,input;system,analyze;analyzer;classif;infer;model,.write(;open(,,False
high_confidence_log_reasoners,clearbox,20,E:\clearbox-ai-studio-v2-main\scripts\clearbox_state.py,H:\AnchorWorks_reasoning_toolbox_pull_list\Machine_Log_Reasoners_CURATED_20260515_190413\files\high_confidence_log_reasoners\clearbox\676735d22118__clearbox_state.py,clearbox_state.py,4432,2026-03-16T17:48:46,capture;log;logging,system,model,.write(;json.dump;open(,,False
high_confidence_log_reasoners,clearbox,19,E:\clearbox-ai-studio-v2-main\Conversations\threads\history_retriever.py,H:\AnchorWorks_reasoning_toolbox_pull_list\Machine_Log_Reasoners_CURATED_20260515_190413\files\high_confidence_log_reasoners\clearbox\b6412a412a83__history_retriever.py,history_retriever.py,11835,2026-04-08T06:13:00,event;history,input,model;pattern;score,.jsonl;sqlite,,False
high_confidence_log_reasoners,clearbox,18,E:\clearbox-ai-studio-v2-main\bridges\ws_manager.py,H:\AnchorWorks_reasoning_toolbox_pull_list\Machine_Log_Reasoners_CURATED_20260515_190413\files\high_confidence_log_reasoners\clearbox\6ce6efaddf4f__ws_manager.py,ws_manager.py,1536,2026-03-16T17:48:46,log;logger;logging,socket,reason,json.dump;logging.,,False
high_confidence_log_reasoners,clearbox,18,E:\clearbox-ai-studio-v2-main\core\observe\policy.py,H:\AnchorWorks_reasoning_toolbox_pull_list\Machine_Log_Reasoners_CURATED_20260515_190413\files\high_confidence_log_reasoners\clearbox\8bb881d31c99__policy.py,policy.py,2540,2026-03-16T17:48:46,log;observe;sensor,system,pattern,json.dump;open(,,False
high_confidence_log_reasoners,clearbox,18,E:\clearbox-ai-studio-v2-main\scripts\session_manager.py,H:\AnchorWorks_reasoning_toolbox_pull_list\Machine_Log_Reasoners_CURATED_20260515_190413\files\high_confidence_log_reasoners\clearbox\c5f7658d38f6__session_manager.py,session_manager.py,5272,2026-03-16T17:48:46,audit;session,memory;system,model,.write(;json.dump,,False
high_confidence_log_reasoners,clearbox,17,C:\Users\mydyi\OneDrive\Documents\Desktop\clearbox-plugins\lakespeak\api\models.py,H:\AnchorWorks_reasoning_toolbox_pull_list\Machine_Log_Reasoners_CURATED_20260515_190413\files\high_confidence_log_reasoners\clearbox\b18d8b474639__models.py,models.py,2906,2026-03-03T16:49:39,session;trace,process,model;pattern;reason;reasoning,,,False
high_confidence_log_reasoners,clearbox,17,E:\Clearbox-AI-Plugin-Runner-main\Clearbox-AI-Plugin-Runner-main\plugins\lakespeak\api\models.py,H:\AnchorWorks_reasoning_toolbox_pull_list\Machine_Log_Reasoners_CURATED_20260515_190413\files\high_confidence_log_reasoners\clearbox\b44f5fbd8f10__models.py,models.py,2830,2026-03-13T20:12:06,session;trace,process,model;pattern;reason;reasoning,,,False
high_confidence_log_reasoners,clearbox,17,E:\clearbox-ai-studio-v2-main\core\lakespeak\api\models.py,H:\AnchorWorks_reasoning_toolbox_pull_list\Machine_Log_Reasoners_CURATED_20260515_190413\files\high_confidence_log_reasoners\clearbox\decf62b332ed__models.py,models.py,3034,2026-03-16T17:48:46,session;trace,process,model;pattern;reason;reasoning,,,False
high_confidence_log_reasoners,clearbox,17,E:\clearbox-ai-studio-v2-main\core\observe\router.py,H:\AnchorWorks_reasoning_toolbox_pull_list\Machine_Log_Reasoners_CURATED_20260515_190413\files\high_confidence_log_reasoners\clearbox\6c6d271df275__router.py,router.py,4526,2026-03-16T17:48:46,audit;log;observe;sensor,system,model,,,False
high_confidence_log_reasoners,clearbox,16,C:\Users\mydyi\OneDrive\Documents\Desktop\clearbox-plugins\help_system\api\router.py,H:\AnchorWorks_reasoning_toolbox_pull_list\Machine_Log_Reasoners_CURATED_20260515_190413\files\high_confidence_log_reasoners\clearbox\15f186508dc3__router.py,router.py,4745,2026-03-03T16:49:39,log;logger;logging,system,model,logging.,,False
high_confidence_log_reasoners,clearbox,16,E:\Clearbox-AI-Plugin-Runner-main\Clearbox-AI-Plugin-Runner-main\claude_sandbox\plugins\netlog\core\operators\__init__.py,H:\AnchorWorks_reasoning_toolbox_pull_list\Machine_Log_Reasoners_CURATED_20260515_190413\files\high_confidence_log_reasoners\clearbox\994c170d652f____init__.py,__init__.py,1934,2026-03-13T20:12:05,event;log,network;process,analyze;detector,,,False
high_confidence_log_reasoners,clearbox,16,E:\Clearbox-AI-Plugin-Runner-main\Clearbox-AI-Plugin-Runner-main\plugins\help_system\api\router.py,H:\AnchorWorks_reasoning_toolbox_pull_list\Machine_Log_Reasoners_CURATED_20260515_190413\files\high_confidence_log_reasoners\clearbox\6ee68fe42136__router.py,router.py,4615,2026-03-13T20:12:06,log;logger;logging,system,model,logging.,,False
high_confidence_log_reasoners,clearbox,16,E:\clearbox-ai-studio-v2-main\bridges\services\ai_briefs.py,H:\AnchorWorks_reasoning_toolbox_pull_list\Machine_Log_Reasoners_CURATED_20260515_190413\files\high_confidence_log_reasoners\clearbox\ec32ad7d78db__ai_briefs.py,ai_briefs.py,7378,2026-03-23T13:21:08,daily_logger;log;logger,system,model;reason,,,False
high_confidence_log_reasoners,clearbox,16,E:\clearbox-ai-studio-v2-main\core\help_system\api\router.py,H:\AnchorWorks_reasoning_toolbox_pull_list\Machine_Log_Reasoners_CURATED_20260515_190413\files\high_confidence_log_reasoners\clearbox\246649318ad9__router.py,router.py,4754,2026-03-16T17:48:46,log;logger;logging,system,model,logging.,,False
high_confidence_log_reasoners,clearbox,14,C:\Users\mydyi\Desktop\Clearbox-616-Standalone\bridges\binary_store.py,H:\AnchorWorks_reasoning_toolbox_pull_list\Machine_Log_Reasoners_CURATED_20260515_190413\files\high_confidence_log_reasoners\clearbox\9fac6d283ad9__binary_store.py,binary_store.py,49427,2026-03-24T18:18:38,binary_store,system,infer,.write(;json.dump;open(,,False
high_confidence_log_reasoners,clearbox,14,C:\Users\mydyi\OneDrive\Documents\Desktop\clearbox-plugins\system_pulse\api\router.py,H:\AnchorWorks_reasoning_toolbox_pull_list\Machine_Log_Reasoners_CURATED_20260515_190413\files\high_confidence_log_reasoners\clearbox\769328307a81__router.py,router.py,1699,2026-03-03T16:49:40,history;pulse,cpu;system,model,,,False
high_confidence_log_reasoners,clearbox,14,E:\Clearbox-AI-Plugin-Runner-main\Clearbox-AI-Plugin-Runner-main\6-1-6 graph module\graph_export.py,H:\AnchorWorks_reasoning_toolbox_pull_list\Machine_Log_Reasoners_CURATED_20260515_190413\files\high_confidence_log_reasoners\clearbox\b480494d4d40__graph_export.py,graph_export.py,4787,2026-03-13T20:12:05,,network;process,model,.write(;json.dump;open(,,False
high_confidence_log_reasoners,clearbox,14,E:\Clearbox-AI-Plugin-Runner-main\Clearbox-AI-Plugin-Runner-main\claude_sandbox\plugins\audio_io\config.py,H:\AnchorWorks_reasoning_toolbox_pull_list\Machine_Log_Reasoners_CURATED_20260515_190413\files\high_confidence_log_reasoners\clearbox\77ebc1655909__config.py,config.py,1991,2026-03-13T20:12:05,capture;session,input;system,classif,,,False
high_confidence_log_reasoners,clearbox,14,E:\clearbox-ai-studio-v2-main\bridges\binary_store.py,H:\AnchorWorks_reasoning_toolbox_pull_list\Machine_Log_Reasoners_CURATED_20260515_190413\files\high_confidence_log_reasoners\clearbox\37e6c973dceb__binary_store.py,binary_store.py,49427,2026-03-24T18:18:38,binary_store,system,infer,.write(;json.dump;open(,,False
high_confidence_log_reasoners,clearbox,14,E:\clearbox-ai-studio-v2-main\bridges\services\__init__.py,H:\AnchorWorks_reasoning_toolbox_pull_list\Machine_Log_Reasoners_CURATED_20260515_190413\files\high_confidence_log_reasoners\clearbox\f1512be0b08a____init__.py,__init__.py,2046,2026-04-08T05:45:35,history,system,infer;inference;reason;reasoning,,,False
high_confidence_log_reasoners,clearbox,14,E:\clearbox-ai-studio-v2-main\core\system_pulse\api\router.py,H:\AnchorWorks_reasoning_toolbox_pull_list\Machine_Log_Reasoners_CURATED_20260515_190413\files\high_confidence_log_reasoners\clearbox\04fb7ebde83e__router.py,router.py,1674,2026-03-16T17:48:46,history;pulse,cpu;system,model,,,False
high_confidence_log_reasoners,clearbox,12,C:\Users\mydyi\Desktop\Clearbox-616-Standalone\standalone616\apply_corrections.py,H:\AnchorWorks_reasoning_toolbox_pull_list\Machine_Log_Reasoners_CURATED_20260515_190413\files\high_confidence_log_reasoners\clearbox\7c7f8a957a63__apply_corrections.py,apply_corrections.py,3999,2026-04-10T17:36:00,,input;system,classif;reason,open(,,False
high_confidence_log_reasoners,clearbox,11,C:\Users\mydyi\OneDrive\Documents\Desktop\clearbox-plugins\forest_node\core\hmac_auth.py,H:\AnchorWorks_reasoning_toolbox_pull_list\Machine_Log_Reasoners_CURATED_20260515_190413\files\high_confidence_log_reasoners\clearbox\eabfd8e7767c__hmac_auth.py,hmac_auth.py,3702,2026-03-03T16:49:39,event;session,memory,model,,,False
high_confidence_log_reasoners,clearbox,11,C:\Users\mydyi\OneDrive\Documents\Desktop\clearbox-plugins\openrefine\api\models.py,H:\AnchorWorks_reasoning_toolbox_pull_list\Machine_Log_Reasoners_CURATED_20260515_190413\files\high_confidence_log_reasoners\clearbox\0282b923df1e__models.py,models.py,5379,2026-03-03T16:49:40,history,memory;process,model,,,False
high_confidence_log_reasoners,clearbox,11,E:\Clearbox-AI-Plugin-Runner-main\Clearbox-AI-Plugin-Runner-main\plugins\forest_node\core\hmac_auth.py,H:\AnchorWorks_reasoning_toolbox_pull_list\Machine_Log_Reasoners_CURATED_20260515_190413\files\high_confidence_log_reasoners\clearbox\d9cb99396a4a__hmac_auth.py,hmac_auth.py,3594,2026-03-13T20:12:06,event;session,memory,model,,,False
high_confidence_log_reasoners,clearbox,11,E:\Clearbox-AI-Plugin-Runner-main\Clearbox-AI-Plugin-Runner-main\plugins\plugins\openrefine\api\models.py,H:\AnchorWorks_reasoning_toolbox_pull_list\Machine_Log_Reasoners_CURATED_20260515_190413\files\high_confidence_log_reasoners\clearbox\ef21063be498__models.py,models.py,5379,2026-03-16T17:48:46,history,memory;process,model,,,False
high_confidence_log_reasoners,clearbox,11,E:\clearbox-ai-studio-v2-main\bridges\services\lexicon_mutation.py,H:\AnchorWorks_reasoning_toolbox_pull_list\Machine_Log_Reasoners_CURATED_20260515_190413\files\high_confidence_log_reasoners\clearbox\349b285d9cf4__lexicon_mutation.py,lexicon_mutation.py,10638,2026-03-16T17:48:46,log;logger,socket,model,,,False
high_confidence_log_reasoners,clearbox,10,C:\Users\mydyi\OneDrive\Documents\Desktop\clearbox-plugins\lakespeak\events\hashing.py,H:\AnchorWorks_reasoning_toolbox_pull_list\Machine_Log_Reasoners_CURATED_20260515_190413\files\high_confidence_log_reasoners\clearbox\d7809f6b46d3__hashing.py,hashing.py,5073,2026-03-03T16:49:39,event,input,score,json.dump,,False
high_confidence_log_reasoners,clearbox,10,E:\Clearbox-AI-Plugin-Runner-main\Clearbox-AI-Plugin-Runner-main\plugins\lakespeak\events\hashing.py,H:\AnchorWorks_reasoning_toolbox_pull_list\Machine_Log_Reasoners_CURATED_20260515_190413\files\high_confidence_log_reasoners\clearbox\b169750eefb2__hashing.py,hashing.py,4933,2026-03-13T20:12:06,event,input,score,json.dump,,False
high_confidence_log_reasoners,clearbox,10,E:\clearbox-ai-studio-v2-main\bridges\routers\documap.py,H:\AnchorWorks_reasoning_toolbox_pull_list\Machine_Log_Reasoners_CURATED_20260515_190413\files\high_confidence_log_reasoners\clearbox\c497f20666f1__documap.py,documap.py,4374,2026-03-23T07:18:31,event,socket,model,.jsonl,,False
high_confidence_log_reasoners,clearbox,10,E:\clearbox-ai-studio-v2-main\bridges\routers\lexicon.py,H:\AnchorWorks_reasoning_toolbox_pull_list\Machine_Log_Reasoners_CURATED_20260515_190413\files\high_confidence_log_reasoners\clearbox\bf682037b244__lexicon.py,lexicon.py,14351,2026-04-07T12:50:42,event,socket,analyze;model,,,False
high_confidence_log_reasoners,clearbox,10,E:\clearbox-ai-studio-v2-main\core\lakespeak\events\hashing.py,H:\AnchorWorks_reasoning_toolbox_pull_list\Machine_Log_Reasoners_CURATED_20260515_190413\files\high_confidence_log_reasoners\clearbox\26cfacd527ee__hashing.py,hashing.py,5073,2026-03-16T17:48:46,event,input,score,json.dump,,False
high_confidence_log_reasoners,clearbox,9,C:\Users\mydyi\Desktop\Clearbox-616-Standalone\standalone616\prepare.py,H:\AnchorWorks_reasoning_toolbox_pull_list\Machine_Log_Reasoners_CURATED_20260515_190413\files\high_confidence_log_reasoners\clearbox\6a7a00567211__prepare.py,prepare.py,7692,2026-04-10T15:33:39,,process,reason;score,json.dump,,False
high_confidence_log_reasoners,clearbox,7,E:\Clearbox-AI-Plugin-Runner-main\Clearbox-AI-Plugin-Runner-main\6-1-6 graph module\graph_transformer.py,H:\AnchorWorks_reasoning_toolbox_pull_list\Machine_Log_Reasoners_CURATED_20260515_190413\files\high_confidence_log_reasoners\clearbox\195929d39e9a__graph_transformer.py,graph_transformer.py,5095,2026-03-13T20:12:05,,input,model,open(,,False
high_confidence_log_reasoners,compucog,86,H:\CompuCog\compucog\event_system\sensor_registry.py,H:\AnchorWorks_reasoning_toolbox_pull_list\Machine_Log_Reasoners_CURATED_20260515_190413\files\high_confidence_log_reasoners\compucog\45dd1aa158bb__sensor_registry.py,sensor_registry.py,20397,2025-12-06T14:30:12,activity;capture;event;log;logger;logging;metric;monitor;pulse;sensor;session;trace,camera;cpu;gamepad;gpu;input;keyboard;memory;mouse;network;packet;process;system;thermal;webcam,analyze;analyzer,basicconfig;logging.,,False
high_confidence_log_reasoners,compucog,86,H:\CompuCog\event_system\sensor_registry.py,H:\AnchorWorks_reasoning_toolbox_pull_list\Machine_Log_Reasoners_CURATED_20260515_190413\files\high_confidence_log_reasoners\compucog\6abb33d3f99e__sensor_registry.py,sensor_registry.py,20397,2025-12-06T14:30:16,activity;capture;event;log;logger;logging;metric;monitor;pulse;sensor;session;trace,camera;cpu;gamepad;gpu;input;keyboard;memory;mouse;network;packet;process;system;thermal;webcam,analyze;analyzer,basicconfig;logging.,,False
high_confidence_log_reasoners,compucog,61,H:\CompuCog\loggers\process_logger.py,H:\AnchorWorks_reasoning_toolbox_pull_list\Machine_Log_Reasoners_CURATED_20260515_190413\files\high_confidence_log_reasoners\compucog\1ed61277b023__process_logger.py,process_logger.py,10470,2025-12-06T14:30:20,activity;capture;event;log;logger;logging;monitor,keyboard;mss;network;process;psutil;system;trigger;wmi,classif;pattern,.jsonl;.write(;basicconfig;json.dump;logging.;open(,,False
high_confidence_log_reasoners,compucog,58,H:\CompuCog\gaming\fuse_telemetry.py,H:\AnchorWorks_reasoning_toolbox_pull_list\Machine_Log_Reasoners_CURATED_20260515_190413\files\high_confidence_log_reasoners\compucog\61187c0e4286__fuse_telemetry.py,fuse_telemetry.py,11648,2025-12-06T14:30:16,activity;log;logger;metric;metrics;telemetry;trace,camera;cpu;input;memory;mouse;network;packet;process;system,pattern,.jsonl;.write(;json.dump;open(,,False
high_confidence_log_reasoners,compucog,56,H:\CompuCog\compucog\event_system\organism.py,H:\AnchorWorks_reasoning_toolbox_pull_list\Machine_Log_Reasoners_CURATED_20260515_190413\files\high_confidence_log_reasoners\compucog\ce80efa32ca0__organism.py,organism.py,13269,2025-12-06T14:30:12,activity;capture;event;log;logger;monitor;sensor;stream;trace,gamepad;input;keyboard;memory;mouse;network;process;subprocess;system,pattern,,,False
high_confidence_log_reasoners,compucog,56,H:\CompuCog\event_system\organism.py,H:\AnchorWorks_reasoning_toolbox_pull_list\Machine_Log_Reasoners_CURATED_20260515_190413\files\high_confidence_log_reasoners\compucog\da3a87463389__organism.py,organism.py,13269,2025-12-06T14:30:16,activity;capture;event;log;logger;monitor;sensor;stream;trace,gamepad;input;keyboard;memory;mouse;network;process;subprocess;system,pattern,,,False
high_confidence_log_reasoners,compucog,48,H:\CompuCog\gaming\truevision_live_run.py,H:\AnchorWorks_reasoning_toolbox_pull_list\Machine_Log_Reasoners_CURATED_20260515_190413\files\high_confidence_log_reasoners\compucog\1627f2b4e2da__truevision_live_run.py,truevision_live_run.py,15244,2025-12-06T14:30:16,capture;event;pulse;session;telemetry;trace,cpu;keyboard;memory;process;subprocess;system,analyze;score,.jsonl;.write(;json.dump;open(,,False
high_confidence_log_reasoners,compucog,48,H:\CompuCog\truevision_patent_test.py,H:\AnchorWorks_reasoning_toolbox_pull_list\Machine_Log_Reasoners_CURATED_20260515_190413\files\high_confidence_log_reasoners\compucog\66ffd2cbad36__truevision_patent_test.py,truevision_patent_test.py,11367,2025-12-06T13:52:02,capture;log;logging;metric;metrics;monitor;trace;watch,input;keyboard;memory;process,analyze,.jsonl;.log;.write(;json.dump;open(,,False
high_confidence_log_reasoners,compucog,46,H:\CompuCog\compucog\event_system\event_manager.py,H:\AnchorWorks_reasoning_toolbox_pull_list\Machine_Log_Reasoners_CURATED_20260515_190413\files\high_confidence_log_reasoners\compucog\237c4779d099__event_manager.py,event_manager.py,29497,2025-12-06T14:30:12,event;log;logger;metric;metrics;pulse;sensor;session;stream,input;memory;network;process;system,diagnostic;reason,,,False
high_confidence_log_reasoners,compucog,46,H:\CompuCog\event_system\event_manager.py,H:\AnchorWorks_reasoning_toolbox_pull_list\Machine_Log_Reasoners_CURATED_20260515_190413\files\high_confidence_log_reasoners\compucog\0ecad8b4841c__event_manager.py,event_manager.py,29497,2025-12-06T14:30:16,event;log;logger;metric;metrics;pulse;sensor;session;stream,input;memory;network;process;system,diagnostic;reason,,,False
high_confidence_log_reasoners,compucog,46,H:\CompuCog\gaming\truevision_event_live.py,H:\AnchorWorks_reasoning_toolbox_pull_list\Machine_Log_Reasoners_CURATED_20260515_190413\files\high_confidence_log_reasoners\compucog\00aeae874009__truevision_event_live.py,truevision_event_live.py,25153,2025-12-06T14:30:16,capture;event;log;pulse;session;telemetry;trace,keyboard;memory;process;system;trigger,analyze;detector;reason;score,open(,,False
high_confidence_log_reasoners,compucog,45,H:\CompuCog\compucog\event_system\adapters\process_logger_adapter.py,H:\AnchorWorks_reasoning_toolbox_pull_list\Machine_Log_Reasoners_CURATED_20260515_190413\files\high_confidence_log_reasoners\compucog\0554da820215__process_logger_adapter.py,process_logger_adapter.py,9373,2025-12-06T14:30:12,event;log;logger;logging;monitor;sensor,mss;network;process;psutil;subprocess;system;wmi,classif,.log;logging.,,False
high_confidence_log_reasoners,compucog,45,H:\CompuCog\event_system\process_logger_adapter.py,H:\AnchorWorks_reasoning_toolbox_pull_list\Machine_Log_Reasoners_CURATED_20260515_190413\files\high_confidence_log_reasoners\compucog\95f42e7a81f9__process_logger_adapter.py,process_logger_adapter.py,9373,2025-12-06T14:30:16,event;log;logger;logging;monitor;sensor,mss;network;process;psutil;subprocess;system;wmi,classif,.log;logging.,,False
high_confidence_log_reasoners,compucog,45,H:\CompuCog\gaming\gaming_sensor.py,H:\AnchorWorks_reasoning_toolbox_pull_list\Machine_Log_Reasoners_CURATED_20260515_190413\files\high_confidence_log_reasoners\compucog\31f229ace785__gaming_sensor.py,gaming_sensor.py,10998,2025-12-06T14:30:16,capture;log;logging;sensor;session,keyboard;mss,analyze;analyzer;detector;evaluate;reason;reasoning;score,.jsonl;.log;.write(;json.dump;open(,,False
high_confidence_log_reasoners,compucog,45,H:\CompuCog\gaming\truevision_patent_test.py,H:\AnchorWorks_reasoning_toolbox_pull_list\Machine_Log_Reasoners_CURATED_20260515_190413\files\high_confidence_log_reasoners\compucog\e959300af557__truevision_patent_test.py,truevision_patent_test.py,9196,2025-12-06T14:30:08,capture;log;logging;metric;metrics;monitor;trace;watch,keyboard;memory;process,analyze,.jsonl;.log;.write(;json.dump;open(,,False
high_confidence_log_reasoners,compucog,45,H:\CompuCog\loggers\gamepad_logger_continuous.py,H:\AnchorWorks_reasoning_toolbox_pull_list\Machine_Log_Reasoners_CURATED_20260515_190413\files\high_confidence_log_reasoners\compucog\f51f4b095fe8__gamepad_logger_continuous.py,gamepad_logger_continuous.py,11371,2025-12-06T14:30:20,event;log;logger;logging;stream,gamepad;input;keyboard;process;system;trigger,correlat,.jsonl;.log;.write(;json.dump;open(,,False
high_confidence_log_reasoners,compucog,43,H:\CompuCog\operators\base_operator.py,H:\AnchorWorks_reasoning_toolbox_pull_list\Machine_Log_Reasoners_CURATED_20260515_190413\files\high_confidence_log_reasoners\compucog\c8e9325546f4__base_operator.py,base_operator.py,12323,2025-12-06T14:30:20,history;log;logging;pulse;sensor,camera;input;movement;system,analyze;detector;model;pattern;predict;reason;reasoning;score,,,False
high_confidence_log_reasoners,compucog,42,H:\CompuCog\gaming\analyze_correlations.py,H:\AnchorWorks_reasoning_toolbox_pull_list\Machine_Log_Reasoners_CURATED_20260515_190413\files\high_confidence_log_reasoners\compucog\fe66b214ad6f__analyze_correlations.py,analyze_correlations.py,8961,2025-12-06T14:30:16,activity;log;logger;telemetry,camera;input;mouse;movement;network;process,analyze;correlat;pattern;score,.jsonl;open(,,False
high_confidence_log_reasoners,compucog,37,H:\CompuCog\gaming\truevision_smoke_test.py,H:\AnchorWorks_reasoning_toolbox_pull_list\Machine_Log_Reasoners_CURATED_20260515_190413\files\high_confidence_log_reasoners\compucog\6961317d8040__truevision_smoke_test.py,truevision_smoke_test.py,15289,2025-12-06T14:30:16,capture;event;session;telemetry;trace,mss;system,analyze;model;reason;score,.jsonl;.write(;json.dump;open(,,False
high_confidence_log_reasoners,compucog,35,H:\CompuCog\core\frame_to_grid.py,H:\AnchorWorks_reasoning_toolbox_pull_list\Machine_Log_Reasoners_CURATED_20260515_190413\files\high_confidence_log_reasoners\compucog\74147f9615b7__frame_to_grid.py,frame_to_grid.py,7965,2025-12-06T14:30:16,capture;monitor;sensor,mss;process;screen capture;system,reason;reasoning,,mss(;screen capture,False
high_confidence_log_reasoners,compucog,35,H:\CompuCog\gaming\deep_analysis.py,H:\AnchorWorks_reasoning_toolbox_pull_list\Machine_Log_Reasoners_CURATED_20260515_190413\files\high_confidence_log_reasoners\compucog\ca2d909acb7a__deep_analysis.py,deep_analysis.py,16190,2025-12-06T14:30:16,activity;event;log;session;telemetry,system;trigger,analyze;correlat;pattern;score,.jsonl;json.dump;open(,,False
high_confidence_log_reasoners,compucog,35,H:\CompuCog\operators\crosshair_motion.py,H:\AnchorWorks_reasoning_toolbox_pull_list\Machine_Log_Reasoners_CURATED_20260515_190413\files\high_confidence_log_reasoners\compucog\938b55db42e9__crosshair_motion.py,crosshair_motion.py,10320,2025-12-06T14:30:20,capture;metric;metrics;perf,input;movement;system,analyze;analyzer;detector;evaluate;pattern;score,open(,,False
high_confidence_log_reasoners,compucog,33,H:\CompuCog\examples\recognition_demo.py,H:\AnchorWorks_reasoning_toolbox_pull_list\Machine_Log_Reasoners_CURATED_20260515_190413\files\high_confidence_log_reasoners\compucog\e27bb7d71fa4__recognition_demo.py,recognition_demo.py,7015,2025-12-06T14:30:16,event;log;metric;metrics;pulse;session;stream;trace,memory,pattern;score;summarize,,,False
high_confidence_log_reasoners,compucog,31,H:\CompuCog\gaming\truevision_schema.py,H:\AnchorWorks_reasoning_toolbox_pull_list\Machine_Log_Reasoners_CURATED_20260515_190413\files\high_confidence_log_reasoners\compucog\83de30501631__truevision_schema.py,truevision_schema.py,9261,2025-12-06T14:30:16,metric;metrics;session;stream;telemetry,input;system,analyze;diagnostic;pattern;score,json.dump,,False
high_confidence_log_reasoners,compucog,30,H:\CompuCog\compositor\eomm_compositor.py,H:\AnchorWorks_reasoning_toolbox_pull_list\Machine_Log_Reasoners_CURATED_20260515_190413\files\high_confidence_log_reasoners\compucog\5b52589f8b2d__eomm_compositor.py,eomm_compositor.py,12630,2025-12-06T14:30:12,event;log;logging;metric;metrics;session;telemetry,system,analyze;score,open(,,False
high_confidence_log_reasoners,compucog,30,H:\CompuCog\gaming\eomm_compositor.py,H:\AnchorWorks_reasoning_toolbox_pull_list\Machine_Log_Reasoners_CURATED_20260515_190413\files\high_confidence_log_reasoners\compucog\0ee0e963e9be__eomm_compositor.py,eomm_compositor.py,12630,2025-12-06T14:30:16,event;log;logging;metric;metrics;session;telemetry,system,analyze;score,open(,,False
high_confidence_log_reasoners,compucog,30,H:\CompuCog\operators\peripheral_flash.py,H:\AnchorWorks_reasoning_toolbox_pull_list\Machine_Log_Reasoners_CURATED_20260515_190413\files\high_confidence_log_reasoners\compucog\f479a898053d__peripheral_flash.py,peripheral_flash.py,9881,2025-12-06T14:30:20,activity;capture;metric;metrics,input;system,analyze;detector;evaluate;pattern;score,open(,,False
high_confidence_log_reasoners,compucog,28,H:\CompuCog\gaming\extract_baselines.py,H:\AnchorWorks_reasoning_toolbox_pull_list\Machine_Log_Reasoners_CURATED_20260515_190413\files\high_confidence_log_reasoners\compucog\ffa56e3aa8aa__extract_baselines.py,extract_baselines.py,15126,2025-12-06T14:30:16,metric;metrics;session;telemetry;trace,system,analyze;pattern;score,json.dump;open(,,False
high_confidence_log_reasoners,compucog,28,H:\CompuCog\gaming\show_math.py,H:\AnchorWorks_reasoning_toolbox_pull_list\Machine_Log_Reasoners_CURATED_20260515_190413\files\high_confidence_log_reasoners\compucog\6b55c2519e7b__show_math.py,show_math.py,10797,2025-12-06T14:30:16,event;metric;metrics;session;telemetry,mss,analyze;pattern;score,.jsonl;open(,,False
high_confidence_log_reasoners,compucog,28,H:\CompuCog\gaming\truevision_version.py,H:\AnchorWorks_reasoning_toolbox_pull_list\Machine_Log_Reasoners_CURATED_20260515_190413\files\high_confidence_log_reasoners\compucog\d6279cb4dbf2__truevision_version.py,truevision_version.py,3455,2025-12-06T14:30:16,event;history;log;logger;session;telemetry,input;system,correlat,json.dump,,False
high_confidence_log_reasoners,compucog,27,H:\CompuCog\gaming\analyze_fingerprints.py,H:\AnchorWorks_reasoning_toolbox_pull_list\Machine_Log_Reasoners_CURATED_20260515_190413\files\high_confidence_log_reasoners\compucog\69568e61658f__analyze_fingerprints.py,analyze_fingerprints.py,7109,2025-12-06T14:30:16,log;sensor;session,system;trigger,analyze;analyzer;pattern;score,.jsonl;open(,,False
high_confidence_log_reasoners,compucog,27,H:\CompuCog\operators\color_shift.py,H:\AnchorWorks_reasoning_toolbox_pull_list\Machine_Log_Reasoners_CURATED_20260515_190413\files\high_confidence_log_reasoners\compucog\09b0faf97b85__color_shift.py,color_shift.py,9688,2025-12-06T14:30:20,capture;perf;performance,input;system,analyze;detector;evaluate;pattern;score,open(,,False
high_confidence_log_reasoners,compucog,26,H:\CompuCog\gaming\eomm_compositor_v2.py,H:\AnchorWorks_reasoning_toolbox_pull_list\Machine_Log_Reasoners_CURATED_20260515_190413\files\high_confidence_log_reasoners\compucog\5b3b325a3cc0__eomm_compositor_v2.py,eomm_compositor_v2.py,11725,2025-12-06T14:30:16,event;metric;metrics;session;telemetry,system,analyze;pattern;score,open(,,False
high_confidence_log_reasoners,compucog,26,H:\CompuCog\memory\forge_memory\query\query_layer.py,H:\AnchorWorks_reasoning_toolbox_pull_list\Machine_Log_Reasoners_CURATED_20260515_190413\files\high_confidence_log_reasoners\compucog\6495c1049b3d__query_layer.py,query_layer.py,6341,2025-12-06T14:30:20,event;log;metric;metrics;pulse;session;stream,memory,score,,,False
high_confidence_log_reasoners,compucog,25,H:\CompuCog\memory\forge_inspect.py,H:\AnchorWorks_reasoning_toolbox_pull_list\Machine_Log_Reasoners_CURATED_20260515_190413\files\high_confidence_log_reasoners\compucog\88235cbf79d6__forge_inspect.py,forge_inspect.py,4558,2025-12-06T14:30:20,log;metric;metrics;pulse;session;trace,memory,reason;score,,,False
high_confidence_log_reasoners,compucog,25,H:\CompuCog\memory\forge_memory\bridge\schema_map.py,H:\AnchorWorks_reasoning_toolbox_pull_list\Machine_Log_Reasoners_CURATED_20260515_190413\files\high_confidence_log_reasoners\compucog\510841141307__schema_map.py,schema_map.py,6259,2025-12-06T14:30:20,capture;metric;metrics;pulse;session;telemetry,memory,reason;score,,,False
high_confidence_log_reasoners,compucog,25,H:\CompuCog\memory\test_forge_smoke.py,H:\AnchorWorks_reasoning_toolbox_pull_list\Machine_Log_Reasoners_CURATED_20260515_190413\files\high_confidence_log_reasoners\compucog\1545678ca850__test_forge_smoke.py,test_forge_smoke.py,6998,2025-12-06T14:30:20,log;metric;metrics;pulse;session,memory;system,reason,json.dump,,False
high_confidence_log_reasoners,compucog,24,H:\CompuCog\memory\forge_memory\recognition\recognition_field.py,H:\AnchorWorks_reasoning_toolbox_pull_list\Machine_Log_Reasoners_CURATED_20260515_190413\files\high_confidence_log_reasoners\compucog\e8df3326fab3__recognition_field.py,recognition_field.py,12497,2025-12-06T14:30:20,event;metric;metrics;session;stream,memory,pattern;score;summarize,,,False
high_confidence_log_reasoners,compucog,24,H:\CompuCog\operators\flicker_detector.py,H:\AnchorWorks_reasoning_toolbox_pull_list\Machine_Log_Reasoners_CURATED_20260515_190413\files\high_confidence_log_reasoners\compucog\82586cb6b568__flicker_detector.py,flicker_detector.py,7984,2025-12-06T14:30:20,capture;pulse,input;system,analyze;detector;evaluate;pattern;score,open(,,False
high_confidence_log_reasoners,compucog,24,H:\CompuCog\operators\hud_stability.py,H:\AnchorWorks_reasoning_toolbox_pull_list\Machine_Log_Reasoners_CURATED_20260515_190413\files\high_confidence_log_reasoners\compucog\9da48581e0da__hud_stability.py,hud_stability.py,8980,2025-12-06T14:30:20,capture;monitor,input;system,analyze;detector;evaluate;pattern;score,open(,,False
high_confidence_log_reasoners,compucog,23,H:\CompuCog\event_system\test_eventmanager_forge.py,H:\AnchorWorks_reasoning_toolbox_pull_list\Machine_Log_Reasoners_CURATED_20260515_190413\files\high_confidence_log_reasoners\compucog\a32d2bc817fc__test_eventmanager_forge.py,test_eventmanager_forge.py,7343,2025-12-06T14:30:16,event;log;pulse;sensor;trace,memory;system,reason,,,False
high_confidence_log_reasoners,compucog,23,H:\CompuCog\examples\forge_query_demo.py,H:\AnchorWorks_reasoning_toolbox_pull_list\Machine_Log_Reasoners_CURATED_20260515_190413\files\high_confidence_log_reasoners\compucog\17a0cc7f7303__forge_query_demo.py,forge_query_demo.py,5237,2025-12-06T14:30:16,log;metric;metrics;pulse;session;trace,memory,score,,,False
high_confidence_log_reasoners,compucog,23,H:\CompuCog\memory\test_binary_log.py,H:\AnchorWorks_reasoning_toolbox_pull_list\Machine_Log_Reasoners_CURATED_20260515_190413\files\high_confidence_log_reasoners\compucog\9b8c7294f748__test_binary_log.py,test_binary_log.py,10150,2025-12-06T14:30:20,log;metric;metrics;pulse;session,memory;system,reason,,,False
high_confidence_log_reasoners,compucog,22,H:\CompuCog\memory\forge_memory\wal\pulse_writer.py,H:\AnchorWorks_reasoning_toolbox_pull_list\Machine_Log_Reasoners_CURATED_20260515_190413\files\high_confidence_log_reasoners\compucog\9e623d2ba26f__pulse_writer.py,pulse_writer.py,8956,2025-12-06T14:30:20,log;logging;perf;pulse;stream,memory,decision;reason,,,False
high_confidence_log_reasoners,compucog,22,H:\CompuCog\operators\death_event.py,H:\AnchorWorks_reasoning_toolbox_pull_list\Machine_Log_Reasoners_CURATED_20260515_190413\files\high_confidence_log_reasoners\compucog\4442a0f029a9__death_event.py,death_event.py,11034,2025-12-06T14:30:20,event;metric;metrics,input,analyze;detector;pattern;score,open(,,False
high_confidence_log_reasoners,compucog,21,H:\CompuCog\gaming\analyze_combat.py,H:\AnchorWorks_reasoning_toolbox_pull_list\Machine_Log_Reasoners_CURATED_20260515_190413\files\high_confidence_log_reasoners\compucog\bd2dcf7c4a63__analyze_combat.py,analyze_combat.py,4719,2025-12-06T14:30:16,capture;log;session,memory;trigger,analyze;pattern;score,,,False
high_confidence_log_reasoners,compucog,21,H:\CompuCog\gaming\test_temporal_backbone.py,H:\AnchorWorks_reasoning_toolbox_pull_list\Machine_Log_Reasoners_CURATED_20260515_190413\files\high_confidence_log_reasoners\compucog\6602c6e53aa6__test_temporal_backbone.py,test_temporal_backbone.py,4655,2025-12-06T14:30:16,event;sensor;session,memory;system,causal;detector;score,,,False
high_confidence_log_reasoners,compucog,21,H:\CompuCog\operators\edge_entry_v2.py,H:\AnchorWorks_reasoning_toolbox_pull_list\Machine_Log_Reasoners_CURATED_20260515_190413\files\high_confidence_log_reasoners\compucog\1e21cc9c8a10__edge_entry_v2.py,edge_entry_v2.py,11318,2025-12-06T14:30:20,metric;metrics,input,analyze;classif;detector;score,.jsonl;open(,,False
high_confidence_log_reasoners,compucog,20,H:\CompuCog\operators\crosshair_lock.py,H:\AnchorWorks_reasoning_toolbox_pull_list\Machine_Log_Reasoners_CURATED_20260515_190413\files\high_confidence_log_reasoners\compucog\2b82c2e3c820__crosshair_lock.py,crosshair_lock.py,11600,2025-12-06T14:30:20,metric;metrics,input;movement,analyze;detector;score,open(,,False
high_confidence_log_reasoners,compucog,20,H:\CompuCog\operators\hit_registration.py,H:\AnchorWorks_reasoning_toolbox_pull_list\Machine_Log_Reasoners_CURATED_20260515_190413\files\high_confidence_log_reasoners\compucog\3484cb6433f2__hit_registration.py,hit_registration.py,10257,2025-12-06T14:30:20,metric;metrics;observe,input,analyze;detector;pattern,open(,,False
high_confidence_log_reasoners,compucog,19,H:\CompuCog\operators\edge_entry.py,H:\AnchorWorks_reasoning_toolbox_pull_list\Machine_Log_Reasoners_CURATED_20260515_190413\files\high_confidence_log_reasoners\compucog\30beff73da09__edge_entry.py,edge_entry.py,9522,2025-12-06T14:30:20,metric;metrics,input,analyze;classif;detector;pattern,open(,,False
high_confidence_log_reasoners,compucog,17,H:\CompuCog\gaming\session_baseline.py,H:\AnchorWorks_reasoning_toolbox_pull_list\Machine_Log_Reasoners_CURATED_20260515_190413\files\high_confidence_log_reasoners\compucog\97e46b5e1169__session_baseline.py,session_baseline.py,11341,2025-12-06T14:30:16,event;history;session;telemetry,system,score,,,False
high_confidence_log_reasoners,compucog,17,H:\CompuCog\operators\hit_registration_v2.py,H:\AnchorWorks_reasoning_toolbox_pull_list\Machine_Log_Reasoners_CURATED_20260515_190413\files\high_confidence_log_reasoners\compucog\ad9f4c727ee0__hit_registration_v2.py,hit_registration_v2.py,10477,2025-12-06T14:30:20,metric;metrics,input,analyze;detector,.jsonl;open(,,False
high_confidence_log_reasoners,compucog,16,H:\CompuCog\compucog\event_system\chronos_manager.py,H:\AnchorWorks_reasoning_toolbox_pull_list\Machine_Log_Reasoners_CURATED_20260515_190413\files\high_confidence_log_reasoners\compucog\8d07f5c7c1a9__chronos_manager.py,chronos_manager.py,11731,2025-12-06T14:30:12,event;log;logging,system,diagnostic,logging.,,False
high_confidence_log_reasoners,compucog,16,H:\CompuCog\event_system\chronos_manager.py,H:\AnchorWorks_reasoning_toolbox_pull_list\Machine_Log_Reasoners_CURATED_20260515_190413\files\high_confidence_log_reasoners\compucog\c6acfcd33de2__chronos_manager.py,chronos_manager.py,11731,2025-12-06T14:30:16,event;log;logging,system,diagnostic,logging.,,False
high_confidence_log_reasoners,compucog,14,H:\CompuCog\memory\forge_memory\core\record.py,H:\AnchorWorks_reasoning_toolbox_pull_list\Machine_Log_Reasoners_CURATED_20260515_190413\files\high_confidence_log_reasoners\compucog\f6f7199deba7__record.py,record.py,14244,2025-12-06T14:30:20,metric;metrics;pulse,memory,reason,,,False
high_confidence_log_reasoners,compucog,11,H:\CompuCog\memory\forge_memory\recognition\__init__.py,H:\AnchorWorks_reasoning_toolbox_pull_list\Machine_Log_Reasoners_CURATED_20260515_190413\files\high_confidence_log_reasoners\compucog\e43789e35ce0____init__.py,__init__.py,289,2025-12-06T14:30:20,session;stream,memory,pattern,,,False
high_confidence_log_reasoners,cortexos,40,F:\DESKTOP PYTHON 6_17_25\Cortex Quantum Dominion Security Doctrine Prototype\state of the system.py,H:\AnchorWorks_reasoning_toolbox_pull_list\Machine_Log_Reasoners_CURATED_20260515_190413\files\high_confidence_log_reasoners\cortexos\00fb832b2c72__state of the system.py,state of the system.py,15741,2025-12-18T19:36:15,event;log;logging;monitor;observe;session;stream,input;memory;network;process;system,analyze,.log,,False
high_confidence_log_reasoners,cortexos,38,F:\DESKTOP PYTHON 6_17_25\Cortex Quantum Dominion Security Doctrine Prototype\endpoint_guardian_agent.py,H:\AnchorWorks_reasoning_toolbox_pull_list\Machine_Log_Reasoners_CURATED_20260515_190413\files\high_confidence_log_reasoners\cortexos\827a779d17de__endpoint_guardian_agent.py,endpoint_guardian_agent.py,12991,2025-05-06T20:24:38,activity;event;log;logging;monitor,keyboard;network;process;system;trigger,evaluate;reason,.log;json.dump,,False
high_confidence_log_reasoners,cortexos,37,F:\TEST output\Cortex_20250610_064655\basement_analysis\process_story.py,H:\AnchorWorks_reasoning_toolbox_pull_list\Machine_Log_Reasoners_CURATED_20260515_190413\files\high_confidence_log_reasoners\cortexos\ac42ad1affd1__process_story.py,process_story.py,12835,2025-05-31T15:47:05,capture;log;logger;logging,process,analyze;analyzer;model;reason;reasoning;score,.write(;basicconfig;json.dump;logging.;open(,,False
high_confidence_log_reasoners,cortexos,37,F:\TEST output\Cortex_20250610_064655\basement_analysis\process_story_standalone.py,H:\AnchorWorks_reasoning_toolbox_pull_list\Machine_Log_Reasoners_CURATED_20260515_190413\files\high_confidence_log_reasoners\cortexos\70f8fd993328__process_story_standalone.py,process_story_standalone.py,12739,2025-05-31T15:47:05,capture;log;logger;logging,process,analyze;analyzer;model;reason;reasoning;score,.write(;basicconfig;json.dump;logging.;open(,,False
high_confidence_log_reasoners,cortexos,35,F:\DESKTOP PYTHON 6_17_25\Cortex Quantum Dominion Security Doctrine Prototype\deception_commander_agent.py,H:\AnchorWorks_reasoning_toolbox_pull_list\Machine_Log_Reasoners_CURATED_20260515_190413\files\high_confidence_log_reasoners\cortexos\48d1e2e91f09__deception_commander_agent.py,deception_commander_agent.py,13906,2025-05-06T20:24:38,event;log;logging;monitor;observe,network;process;system;trigger,reason;score,.log;json.dump,,False
high_confidence_log_reasoners,cortexos,33,F:\TEST output\Cortex_20250610_064655\basement_analysis\process_story_standaloneGemini_WIN11.py,H:\AnchorWorks_reasoning_toolbox_pull_list\Machine_Log_Reasoners_CURATED_20260515_190413\files\high_confidence_log_reasoners\cortexos\b03c5a0bb48f__process_story_standaloneGemini_WIN11.py,process_story_standaloneGemini_WIN11.py,14206,2025-06-09T20:11:03,log;logger;logging,input;process,analyze;analyzer;model;score,.write(;basicconfig;json.dump;logging.;open(,,False
high_confidence_log_reasoners,cortexos,30,F:\DESKTOP PYTHON 6_17_25\Cortex Quantum Dominion Security Doctrine Prototype\threat_hunting_overseer_agent.py,H:\AnchorWorks_reasoning_toolbox_pull_list\Machine_Log_Reasoners_CURATED_20260515_190413\files\high_confidence_log_reasoners\cortexos\a1ad1157c0e2__threat_hunting_overseer_agent.py,threat_hunting_overseer_agent.py,12907,2025-05-06T20:24:38,activity;event;log;monitor,process;system,analyze;correlat;pattern;reason,.log;json.dump,,False
high_confidence_log_reasoners,cortexos,30,F:\DESKTOP PYTHON 6_17_25\cortexos_kaggle_bfrb_project (2)\Starlink project 1hour build\src\main_pipeline.py,H:\AnchorWorks_reasoning_toolbox_pull_list\Machine_Log_Reasoners_CURATED_20260515_190413\files\high_confidence_log_reasoners\cortexos\8a9c4f4af12c__main_pipeline.py,main_pipeline.py,4470,2025-05-31T08:24:10,event;monitor,memory;psutil;system;thermal,classif;infer;inference;score;summarize,open(,,False
high_confidence_log_reasoners,cortexos,30,F:\DESKTOP PYTHON 6_17_25\cortexos_kaggle_bfrb_project\src\main_pipeline.py,H:\AnchorWorks_reasoning_toolbox_pull_list\Machine_Log_Reasoners_CURATED_20260515_190413\files\high_confidence_log_reasoners\cortexos\76b2095526ca__main_pipeline.py,main_pipeline.py,4470,2025-05-31T08:24:10,event;monitor,memory;psutil;system;thermal,classif;infer;inference;score;summarize,open(,,False
high_confidence_log_reasoners,cortexos,29,F:\DESKTOP PYTHON 6_17_25\Cortex Quantum Dominion Security Doctrine Prototype\perimeter_defense_agent.py,H:\AnchorWorks_reasoning_toolbox_pull_list\Machine_Log_Reasoners_CURATED_20260515_190413\files\high_confidence_log_reasoners\cortexos\911f8b4f5074__perimeter_defense_agent.py,perimeter_defense_agent.py,12519,2025-05-06T20:24:38,event;log;logging;perf,network;process;system,reason;score,.log;json.dump,,False
high_confidence_log_reasoners,cortexos,24,F:\DESKTOP PYTHON 6_17_25\Cortex Quantum Dominion Security Doctrine Prototype\secure_communications_agent.py,H:\AnchorWorks_reasoning_toolbox_pull_list\Machine_Log_Reasoners_CURATED_20260515_190413\files\high_confidence_log_reasoners\cortexos\186177fcadd7__secure_communications_agent.py,secure_communications_agent.py,16073,2025-05-06T20:24:38,event;log;logging;metric;metrics,process,reason,.log;json.dump,,False
high_confidence_log_reasoners,cortexos,17,F:\DESKTOP PYTHON 6_17_25\CHRM-main\Cortex Hardware Resource Manager (CHRM)\services\cpu_service.py,H:\AnchorWorks_reasoning_toolbox_pull_list\Machine_Log_Reasoners_CURATED_20260515_190413\files\high_confidence_log_reasoners\cortexos\79998bcfa61c__cpu_service.py,cpu_service.py,875,2025-06-16T17:03:22,log;metric;metrics,cpu;psutil,pattern,,,False
high_confidence_log_reasoners,cortexos,17,F:\DESKTOP PYTHON 6_17_25\Cortex Quantum Dominion Security Doctrine Prototype\app.py,H:\AnchorWorks_reasoning_toolbox_pull_list\Machine_Log_Reasoners_CURATED_20260515_190413\files\high_confidence_log_reasoners\cortexos\91fea7cbe3d8__app.py,app.py,4050,2025-05-06T20:24:38,activity;log;monitor,process;trigger,pattern,,,False
high_confidence_log_reasoners,cortexos,15,F:\DESKTOP PYTHON 6_17_25\CHRM-main\Cortex Hardware Resource Manager (CHRM)\models\gpu_predictor.py,H:\AnchorWorks_reasoning_toolbox_pull_list\Machine_Log_Reasoners_CURATED_20260515_190413\files\high_confidence_log_reasoners\cortexos\c99181c01b21__gpu_predictor.py,gpu_predictor.py,470,2025-06-16T17:03:22,metric;metrics,gpu,classif;model;predict,,,False
high_confidence_log_reasoners,cortexos,15,F:\DESKTOP PYTHON 6_17_25\CHRM-main\Cortex Hardware Resource Manager (CHRM)\services\predictive_maintenance.py,H:\AnchorWorks_reasoning_toolbox_pull_list\Machine_Log_Reasoners_CURATED_20260515_190413\files\high_confidence_log_reasoners\cortexos\aec9dc5e4d48__predictive_maintenance.py,predictive_maintenance.py,551,2025-06-16T17:03:22,metric;metrics,gpu,classif;model;predict,,,False
high_confidence_log_reasoners,forest_ai,46,C:\Users\mydyi\Documents\FOREST_AI_LOCAL\Production Ready Lexicon Builder\lexicon_engine.py,H:\AnchorWorks_reasoning_toolbox_pull_list\Machine_Log_Reasoners_CURATED_20260515_190413\files\high_confidence_log_reasoners\forest_ai\81ab8d0c8949__lexicon_engine.py,lexicon_engine.py,26670,2025-10-05T17:33:20,event;log;logger;logging;stream,cpu;input;process;subprocess;system,pattern,.csv;.write(;basicconfig;filehandler;json.dump;logging.;open(,,False
high_confidence_log_reasoners,forest_ai,46,F:\FOREST AI TRANSFER\forest ai\Production Ready Lexicon Builder\lexicon_engine.py,H:\AnchorWorks_reasoning_toolbox_pull_list\Machine_Log_Reasoners_CURATED_20260515_190413\files\high_confidence_log_reasoners\forest_ai\0f6b06c2fcd5__lexicon_engine.py,lexicon_engine.py,26670,2025-10-05T17:33:20,event;log;logger;logging;stream,cpu;input;process;subprocess;system,pattern,.csv;.write(;basicconfig;filehandler;json.dump;logging.;open(,,False
high_confidence_log_reasoners,forest_ai,40,C:\Users\mydyi\Documents\FOREST_AI_LOCAL\bridges\forest_bridge_server.py,H:\AnchorWorks_reasoning_toolbox_pull_list\Machine_Log_Reasoners_CURATED_20260515_190413\files\high_confidence_log_reasoners\forest_ai\465b25984544__forest_bridge_server.py,forest_bridge_server.py,24414,2025-10-07T07:19:58,log;logger;logging;stream,gpu;input;process;socket,analyze;model;pattern,.log;basicconfig;json.dump;logging.;open(,,False
high_confidence_log_reasoners,forest_ai,40,C:\Users\mydyi\Documents\FOREST_AI_LOCAL\FOREST_AI_PRODUCTION\bridges\forest_bridge_server.py,H:\AnchorWorks_reasoning_toolbox_pull_list\Machine_Log_Reasoners_CURATED_20260515_190413\files\high_confidence_log_reasoners\forest_ai\3b1e4d2e6920__forest_bridge_server.py,forest_bridge_server.py,24414,2025-10-07T07:19:58,log;logger;logging;stream,gpu;input;process;socket,analyze;model;pattern,.log;basicconfig;json.dump;logging.;open(,,False
high_confidence_log_reasoners,forest_ai,40,C:\Users\mydyi\Documents\New folder\FOREST_AI_PRODUCTION\bridges\forest_bridge_server.py,H:\AnchorWorks_reasoning_toolbox_pull_list\Machine_Log_Reasoners_CURATED_20260515_190413\files\high_confidence_log_reasoners\forest_ai\2ad6d7701482__forest_bridge_server.py,forest_bridge_server.py,24414,2025-10-07T07:19:58,log;logger;logging;stream,gpu;input;process;socket,analyze;model;pattern,.log;basicconfig;json.dump;logging.;open(,,False
high_confidence_log_reasoners,forest_ai,40,F:\New folder\FOREST_AI_PRODUCTION\bridges\forest_bridge_server.py,H:\AnchorWorks_reasoning_toolbox_pull_list\Machine_Log_Reasoners_CURATED_20260515_190413\files\high_confidence_log_reasoners\forest_ai\2835aff299c7__forest_bridge_server.py,forest_bridge_server.py,24414,2025-10-07T07:19:58,log;logger;logging;stream,gpu;input;process;socket,analyze;model;pattern,.log;basicconfig;json.dump;logging.;open(,,False
high_confidence_log_reasoners,forest_ai,40,F:\New folder\FOREST_AI_PRODUCTION\FOREST_AI_PRODUCTION\bridges\forest_bridge_server.py,H:\AnchorWorks_reasoning_toolbox_pull_list\Machine_Log_Reasoners_CURATED_20260515_190413\files\high_confidence_log_reasoners\forest_ai\aa6d0d0f6446__forest_bridge_server.py,forest_bridge_server.py,24414,2025-10-07T07:19:58,log;logger;logging;stream,gpu;input;process;socket,analyze;model;pattern,.log;basicconfig;json.dump;logging.;open(,,False
high_confidence_log_reasoners,forest_ai,38,F:\FOREST AI TRANSFER\forest ai\bridges\forest_bridge_server.py,H:\AnchorWorks_reasoning_toolbox_pull_list\Machine_Log_Reasoners_CURATED_20260515_190413\files\high_confidence_log_reasoners\forest_ai\f46f4f40c8a4__forest_bridge_server.py,forest_bridge_server.py,22640,2025-10-06T06:57:33,log;logger;logging;stream,gpu;input;process;socket,model;pattern,.log;basicconfig;json.dump;logging.;open(,,False
high_confidence_log_reasoners,forest_ai,31,C:\Users\mydyi\Documents\FOREST_AI_LOCAL\FOREST_AI_PRODUCTION\launch.py,H:\AnchorWorks_reasoning_toolbox_pull_list\Machine_Log_Reasoners_CURATED_20260515_190413\files\high_confidence_log_reasoners\forest_ai\f3d2f03689db__launch.py,launch.py,15524,2025-10-07T08:42:20,log;metric;metrics;monitor;trace,keyboard;process;subprocess;system,model,open(,,False
high_confidence_log_reasoners,forest_ai,31,C:\Users\mydyi\Documents\New folder\FOREST_AI_PRODUCTION\launch.py,H:\AnchorWorks_reasoning_toolbox_pull_list\Machine_Log_Reasoners_CURATED_20260515_190413\files\high_confidence_log_reasoners\forest_ai\687c6259fd1a__launch.py,launch.py,15524,2025-10-07T08:42:20,log;metric;metrics;monitor;trace,keyboard;process;subprocess;system,model,open(,,False
high_confidence_log_reasoners,forest_ai,29,C:\Users\mydyi\Downloads\Thoughts and Concerns on Forest AI Documents\map_616.py,H:\AnchorWorks_reasoning_toolbox_pull_list\Machine_Log_Reasoners_CURATED_20260515_190413\files\high_confidence_log_reasoners\forest_ai\8310264f2012__map_616.py,map_616.py,2436,2025-10-07T19:41:12,log;logger;logging;perf;performance,gpu;system,model,json.dump;logging.;open(,,False
high_confidence_log_reasoners,forest_ai,29,F:\New folder\FOREST_AI_PRODUCTION\Thoughts and Concerns on Forest AI Documents (1)\map_616.py,H:\AnchorWorks_reasoning_toolbox_pull_list\Machine_Log_Reasoners_CURATED_20260515_190413\files\high_confidence_log_reasoners\forest_ai\77051eedd9f3__map_616.py,map_616.py,2436,2025-10-11T06:37:32,log;logger;logging;perf;performance,gpu;system,model,json.dump;logging.;open(,,False
high_confidence_log_reasoners,forest_ai,26,C:\Users\mydyi\Documents\FOREST_AI_LOCAL\updated ui work ideas\forest_ai_demo.py,H:\AnchorWorks_reasoning_toolbox_pull_list\Machine_Log_Reasoners_CURATED_20260515_190413\files\high_confidence_log_reasoners\forest_ai\bdf22cb17a5d__forest_ai_demo.py,forest_ai_demo.py,3846,2025-10-06T05:47:43,log;metric;metrics;perf;performance,network;process;system,pattern,,,False
high_confidence_log_reasoners,forest_ai,26,C:\Users\mydyi\Documents\New folder\updated ui work ideas\forest_ai_demo.py,H:\AnchorWorks_reasoning_toolbox_pull_list\Machine_Log_Reasoners_CURATED_20260515_190413\files\high_confidence_log_reasoners\forest_ai\98530834302d__forest_ai_demo.py,forest_ai_demo.py,3846,2025-10-06T05:47:43,log;metric;metrics;perf;performance,network;process;system,pattern,,,False
high_confidence_log_reasoners,forest_ai,26,F:\FOREST AI TRANSFER\forest ai\updated ui work ideas\forest_ai_demo.py,H:\AnchorWorks_reasoning_toolbox_pull_list\Machine_Log_Reasoners_CURATED_20260515_190413\files\high_confidence_log_reasoners\forest_ai\ea6ebd143c81__forest_ai_demo.py,forest_ai_demo.py,3846,2025-10-06T05:47:43,log;metric;metrics;perf;performance,network;process;system,pattern,,,False
high_confidence_log_reasoners,forest_ai,24,C:\Users\mydyi\Documents\FOREST_AI_LOCAL\FOREST_AI_PRODUCTION\scripts\system_smoke_test.py,H:\AnchorWorks_reasoning_toolbox_pull_list\Machine_Log_Reasoners_CURATED_20260515_190413\files\high_confidence_log_reasoners\forest_ai\283b8068ddcc__system_smoke_test.py,system_smoke_test.py,5467,2025-10-07T07:19:58,log;stream,process;socket;subprocess;system,reason,json.dump;open(,,False
high_confidence_log_reasoners,forest_ai,24,C:\Users\mydyi\Documents\FOREST_AI_LOCAL\scripts\system_smoke_test.py,H:\AnchorWorks_reasoning_toolbox_pull_list\Machine_Log_Reasoners_CURATED_20260515_190413\files\high_confidence_log_reasoners\forest_ai\b334ec601165__system_smoke_test.py,system_smoke_test.py,5467,2025-10-07T07:19:58,log;stream,process;socket;subprocess;system,reason,json.dump;open(,,False
high_confidence_log_reasoners,forest_ai,24,C:\Users\mydyi\Documents\FOREST_AI_LOCAL\tools\rebuild_lexicon.py,H:\AnchorWorks_reasoning_toolbox_pull_list\Machine_Log_Reasoners_CURATED_20260515_190413\files\high_confidence_log_reasoners\forest_ai\7ea0eca02f73__rebuild_lexicon.py,rebuild_lexicon.py,10330,2025-10-06T07:21:31,log;logger;logging,system,diagnostic,.log;basicconfig;json.dump;logging.;open(,,False
high_confidence_log_reasoners,forest_ai,24,C:\Users\mydyi\Documents\FOREST_AI_LOCAL\tools\test_unmapped_workflow.py,H:\AnchorWorks_reasoning_toolbox_pull_list\Machine_Log_Reasoners_CURATED_20260515_190413\files\high_confidence_log_reasoners\forest_ai\bfa97eb1593c__test_unmapped_workflow.py,test_unmapped_workflow.py,8983,2025-10-07T07:26:14,log;logger;logging,system,analyze;decision,basicconfig;json.dump;logging.;open(,,False
high_confidence_log_reasoners,forest_ai,24,C:\Users\mydyi\Documents\New folder\FOREST_AI_PRODUCTION\scripts\system_smoke_test.py,H:\AnchorWorks_reasoning_toolbox_pull_list\Machine_Log_Reasoners_CURATED_20260515_190413\files\high_confidence_log_reasoners\forest_ai\7f20f22a0957__system_smoke_test.py,system_smoke_test.py,5467,2025-10-07T07:19:58,log;stream,process;socket;subprocess;system,reason,json.dump;open(,,False
high_confidence_log_reasoners,forest_ai,24,F:\FOREST AI TRANSFER\forest ai\scripts\system_smoke_test.py,H:\AnchorWorks_reasoning_toolbox_pull_list\Machine_Log_Reasoners_CURATED_20260515_190413\files\high_confidence_log_reasoners\forest_ai\6f19f4d2346a__system_smoke_test.py,system_smoke_test.py,5433,2025-10-06T06:57:33,log;stream,process;socket;subprocess;system,reason,json.dump;open(,,False
high_confidence_log_reasoners,forest_ai,24,F:\FOREST AI TRANSFER\forest ai\tools\rebuild_lexicon.py,H:\AnchorWorks_reasoning_toolbox_pull_list\Machine_Log_Reasoners_CURATED_20260515_190413\files\high_confidence_log_reasoners\forest_ai\88344aa324da__rebuild_lexicon.py,rebuild_lexicon.py,10330,2025-10-06T07:21:31,log;logger;logging,system,diagnostic,.log;basicconfig;json.dump;logging.;open(,,False
high_confidence_log_reasoners,forest_ai,24,F:\New folder\FOREST_AI_PRODUCTION\FOREST_AI_PRODUCTION\scripts\system_smoke_test.py,H:\AnchorWorks_reasoning_toolbox_pull_list\Machine_Log_Reasoners_CURATED_20260515_190413\files\high_confidence_log_reasoners\forest_ai\36d1aa600429__system_smoke_test.py,system_smoke_test.py,5467,2025-10-07T07:19:58,log;stream,process;socket;subprocess;system,reason,json.dump;open(,,False
high_confidence_log_reasoners,forest_ai,24,F:\New folder\FOREST_AI_PRODUCTION\scripts\system_smoke_test.py,H:\AnchorWorks_reasoning_toolbox_pull_list\Machine_Log_Reasoners_CURATED_20260515_190413\files\high_confidence_log_reasoners\forest_ai\9e543c1d21e5__system_smoke_test.py,system_smoke_test.py,5467,2025-10-07T07:19:58,log;stream,process;socket;subprocess;system,reason,json.dump;open(,,False
high_confidence_log_reasoners,forest_ai,23,C:\Users\mydyi\Documents\FOREST_AI_LOCAL\bridges\forest_bridge.py,H:\AnchorWorks_reasoning_toolbox_pull_list\Machine_Log_Reasoners_CURATED_20260515_190413\files\high_confidence_log_reasoners\forest_ai\f29adb4fb827__forest_bridge.py,forest_bridge.py,32605,2025-10-06T21:02:24,history;log;logger;logging,gpu,diagnostic,json.dump;logging.;open(,,False
high_confidence_log_reasoners,forest_ai,23,C:\Users\mydyi\Documents\FOREST_AI_LOCAL\FOREST_AI_PRODUCTION\bridges\forest_bridge.py,H:\AnchorWorks_reasoning_toolbox_pull_list\Machine_Log_Reasoners_CURATED_20260515_190413\files\high_confidence_log_reasoners\forest_ai\e9f7ac5cb743__forest_bridge.py,forest_bridge.py,32605,2025-10-06T21:02:24,history;log;logger;logging,gpu,diagnostic,json.dump;logging.;open(,,False
high_confidence_log_reasoners,forest_ai,23,C:\Users\mydyi\Documents\FOREST_AI_LOCAL\scripts\test_cuda_info.py,H:\AnchorWorks_reasoning_toolbox_pull_list\Machine_Log_Reasoners_CURATED_20260515_190413\files\high_confidence_log_reasoners\forest_ai\c197fb4f309c__test_cuda_info.py,test_cuda_info.py,2306,2025-10-06T05:15:13,capture,cpu;gpu;memory;process;subprocess;system,diagnostic,,,False
high_confidence_log_reasoners,forest_ai,23,C:\Users\mydyi\Documents\New folder\FOREST_AI_PRODUCTION\bridges\forest_bridge.py,H:\AnchorWorks_reasoning_toolbox_pull_list\Machine_Log_Reasoners_CURATED_20260515_190413\files\high_confidence_log_reasoners\forest_ai\5af6afba6cf8__forest_bridge.py,forest_bridge.py,32605,2025-10-06T21:02:24,history;log;logger;logging,gpu,diagnostic,json.dump;logging.;open(,,False
high_confidence_log_reasoners,forest_ai,23,F:\FOREST AI TRANSFER\forest ai\scripts\test_cuda_info.py,H:\AnchorWorks_reasoning_toolbox_pull_list\Machine_Log_Reasoners_CURATED_20260515_190413\files\high_confidence_log_reasoners\forest_ai\4b6fa1d437d7__test_cuda_info.py,test_cuda_info.py,2306,2025-10-06T05:15:13,capture,cpu;gpu;memory;process;subprocess;system,diagnostic,,,False
high_confidence_log_reasoners,forest_ai,23,F:\New folder\FOREST_AI_PRODUCTION\bridges\forest_bridge.py,H:\AnchorWorks_reasoning_toolbox_pull_list\Machine_Log_Reasoners_CURATED_20260515_190413\files\high_confidence_log_reasoners\forest_ai\40998520e3fd__forest_bridge.py,forest_bridge.py,32605,2025-10-06T21:02:24,history;log;logger;logging,gpu,diagnostic,json.dump;logging.;open(,,False
high_confidence_log_reasoners,forest_ai,23,F:\New folder\FOREST_AI_PRODUCTION\FOREST_AI_PRODUCTION\bridges\forest_bridge.py,H:\AnchorWorks_reasoning_toolbox_pull_list\Machine_Log_Reasoners_CURATED_20260515_190413\files\high_confidence_log_reasoners\forest_ai\bc7091eb43bc__forest_bridge.py,forest_bridge.py,32605,2025-10-06T21:02:24,history;log;logger;logging,gpu,diagnostic,json.dump;logging.;open(,,False
high_confidence_log_reasoners,forest_ai,22,C:\Users\mydyi\Documents\FOREST_AI_LOCAL\FOREST_AI_PRODUCTION\tools\analyze_unmapped_tokens.py,H:\AnchorWorks_reasoning_toolbox_pull_list\Machine_Log_Reasoners_CURATED_20260515_190413\files\high_confidence_log_reasoners\forest_ai\c2f3949687f7__analyze_unmapped_tokens.py,analyze_unmapped_tokens.py,14395,2025-10-07T07:19:58,log;logger;logging,system,analyze,basicconfig;json.dump;logging.;open(,,False
high_confidence_log_reasoners,forest_ai,22,C:\Users\mydyi\Documents\FOREST_AI_LOCAL\tools\analyze_unmapped_tokens.py,H:\AnchorWorks_reasoning_toolbox_pull_list\Machine_Log_Reasoners_CURATED_20260515_190413\files\high_confidence_log_reasoners\forest_ai\f9c989cbc8d6__analyze_unmapped_tokens.py,analyze_unmapped_tokens.py,14395,2025-10-07T07:19:58,log;logger;logging,system,analyze,basicconfig;json.dump;logging.;open(,,False
high_confidence_log_reasoners,forest_ai,22,C:\Users\mydyi\Documents\New folder\FOREST_AI_PRODUCTION\tools\analyze_unmapped_tokens.py,H:\AnchorWorks_reasoning_toolbox_pull_list\Machine_Log_Reasoners_CURATED_20260515_190413\files\high_confidence_log_reasoners\forest_ai\6f8cf49537ad__analyze_unmapped_tokens.py,analyze_unmapped_tokens.py,14395,2025-10-07T07:19:58,log;logger;logging,system,analyze,basicconfig;json.dump;logging.;open(,,False
high_confidence_log_reasoners,forest_ai,22,F:\New folder\FOREST_AI_PRODUCTION\FOREST_AI_PRODUCTION\tools\analyze_unmapped_tokens.py,H:\AnchorWorks_reasoning_toolbox_pull_list\Machine_Log_Reasoners_CURATED_20260515_190413\files\high_confidence_log_reasoners\forest_ai\792df1abb340__analyze_unmapped_tokens.py,analyze_unmapped_tokens.py,14395,2025-10-07T07:19:58,log;logger;logging,system,analyze,basicconfig;json.dump;logging.;open(,,False
high_confidence_log_reasoners,forest_ai,22,F:\New folder\FOREST_AI_PRODUCTION\tools\analyze_unmapped_tokens.py,H:\AnchorWorks_reasoning_toolbox_pull_list\Machine_Log_Reasoners_CURATED_20260515_190413\files\high_confidence_log_reasoners\forest_ai\930940f73217__analyze_unmapped_tokens.py,analyze_unmapped_tokens.py,14395,2025-10-07T07:19:58,log;logger;logging,system,analyze,basicconfig;json.dump;logging.;open(,,False
high_confidence_log_reasoners,forest_ai,20,C:\Users\mydyi\Downloads\Thoughts and Concerns on Forest AI Documents\snapshot.py,H:\AnchorWorks_reasoning_toolbox_pull_list\Machine_Log_Reasoners_CURATED_20260515_190413\files\high_confidence_log_reasoners\forest_ai\28681046b7c5__snapshot.py,snapshot.py,2827,2025-10-07T19:41:12,log;logger;logging,system,reason,json.dump;logging.;open(,,False
high_confidence_log_reasoners,forest_ai,20,F:\New folder\FOREST_AI_PRODUCTION\Thoughts and Concerns on Forest AI Documents (1)\snapshot.py,H:\AnchorWorks_reasoning_toolbox_pull_list\Machine_Log_Reasoners_CURATED_20260515_190413\files\high_confidence_log_reasoners\forest_ai\5334d47be200__snapshot.py,snapshot.py,2827,2025-10-11T06:37:32,log;logger;logging,system,reason,json.dump;logging.;open(,,False
high_confidence_log_reasoners,forest_ai,19,C:\Users\mydyi\Documents\FOREST_AI_LOCAL\FOREST_AI_PRODUCTION\plugins\advanced_mapping.py,H:\AnchorWorks_reasoning_toolbox_pull_list\Machine_Log_Reasoners_CURATED_20260515_190413\files\high_confidence_log_reasoners\forest_ai\00e39d2a6f07__advanced_mapping.py,advanced_mapping.py,15280,2025-10-07T14:39:01,history;perf,process,analyze,.csv;.write(;json.dump;open(,,False
high_confidence_log_reasoners,forest_ai,19,C:\Users\mydyi\Documents\New folder\FOREST_AI_PRODUCTION\plugins\advanced_mapping.py,H:\AnchorWorks_reasoning_toolbox_pull_list\Machine_Log_Reasoners_CURATED_20260515_190413\files\high_confidence_log_reasoners\forest_ai\3147247715b7__advanced_mapping.py,advanced_mapping.py,15280,2025-10-07T14:39:01,history;perf,process,analyze,.csv;.write(;json.dump;open(,,False
high_confidence_log_reasoners,forest_ai,17,C:\Users\mydyi\Documents\FOREST_AI_LOCAL\updated ui work ideas\forest_ai_multi_mode_generator.py,H:\AnchorWorks_reasoning_toolbox_pull_list\Machine_Log_Reasoners_CURATED_20260515_190413\files\high_confidence_log_reasoners\forest_ai\9bb30b4e55d9__forest_ai_multi_mode_generator.py,forest_ai_multi_mode_generator.py,16121,2025-10-06T05:47:43,,network;process;system,pattern;reason,json.dump;open(,,False
high_confidence_log_reasoners,forest_ai,17,C:\Users\mydyi\Documents\New folder\updated ui work ideas\forest_ai_multi_mode_generator.py,H:\AnchorWorks_reasoning_toolbox_pull_list\Machine_Log_Reasoners_CURATED_20260515_190413\files\high_confidence_log_reasoners\forest_ai\c21a60aa6274__forest_ai_multi_mode_generator.py,forest_ai_multi_mode_generator.py,16121,2025-10-06T05:47:43,,network;process;system,pattern;reason,json.dump;open(,,False
high_confidence_log_reasoners,forest_ai,17,F:\FOREST AI TRANSFER\forest ai\updated ui work ideas\forest_ai_multi_mode_generator.py,H:\AnchorWorks_reasoning_toolbox_pull_list\Machine_Log_Reasoners_CURATED_20260515_190413\files\high_confidence_log_reasoners\forest_ai\dec58ed4a43d__forest_ai_multi_mode_generator.py,forest_ai_multi_mode_generator.py,16121,2025-10-06T05:47:43,,network;process;system,pattern;reason,json.dump;open(,,False
high_confidence_log_reasoners,forest_ai,16,C:\Users\mydyi\Downloads\Thoughts and Concerns on Forest AI Documents\core\system.py,H:\AnchorWorks_reasoning_toolbox_pull_list\Machine_Log_Reasoners_CURATED_20260515_190413\files\high_confidence_log_reasoners\forest_ai\a548a832321f__system.py,system.py,899,2025-10-07T19:41:12,log;logger;logging,system,diagnostic,logging.,,False
high_confidence_log_reasoners,forest_ai,16,F:\New folder\FOREST_AI_PRODUCTION\Thoughts and Concerns on Forest AI Documents (1)\system.py,H:\AnchorWorks_reasoning_toolbox_pull_list\Machine_Log_Reasoners_CURATED_20260515_190413\files\high_confidence_log_reasoners\forest_ai\809f7cb5ba05__system.py,system.py,899,2025-10-11T06:37:32,log;logger;logging,system,diagnostic,logging.,,False
high_confidence_log_reasoners,forest_ai,10,C:\Users\mydyi\Documents\FOREST_AI_LOCAL\FOREST_AI_PRODUCTION\bridges\forest_plugins.py,H:\AnchorWorks_reasoning_toolbox_pull_list\Machine_Log_Reasoners_CURATED_20260515_190413\files\high_confidence_log_reasoners\forest_ai\7ac490817fe2__forest_plugins.py,forest_plugins.py,10147,2025-10-07T08:42:20,trace,system,analyze;score,,,False
high_confidence_log_reasoners,forest_ai,10,C:\Users\mydyi\Documents\New folder\FOREST_AI_PRODUCTION\bridges\forest_plugins.py,H:\AnchorWorks_reasoning_toolbox_pull_list\Machine_Log_Reasoners_CURATED_20260515_190413\files\high_confidence_log_reasoners\forest_ai\5223eaa3405f__forest_plugins.py,forest_plugins.py,10147,2025-10-07T08:42:20,trace,system,analyze;score,,,False
high_confidence_log_reasoners,misc,69,E:\SecureCore-Agent-Library-main\SecureCore-Agent-Library-main\phase_b_categorizer.py,H:\AnchorWorks_reasoning_toolbox_pull_list\Machine_Log_Reasoners_CURATED_20260515_190413\files\high_confidence_log_reasoners\misc\52a7bdc62e7f__phase_b_categorizer.py,phase_b_categorizer.py,17787,2026-04-09T18:42:30,audit;capture;event;history;journal;log;metric;monitor;observe;perf;sensor;session;trace;watch,input;process;trigger,classif;infer;model;pattern;predict;reason;reasoning,.csv;open(,,False
high_confidence_log_reasoners,misc,69,F:\contract_extraction\phase_b_categorizer.py,H:\AnchorWorks_reasoning_toolbox_pull_list\Machine_Log_Reasoners_CURATED_20260515_190413\files\high_confidence_log_reasoners\misc\342693833dd4__phase_b_categorizer.py,phase_b_categorizer.py,17787,2026-04-02T07:32:57,audit;capture;event;history;journal;log;metric;monitor;observe;perf;sensor;session;trace;watch,input;process;trigger,classif;infer;model;pattern;predict;reason;reasoning,.csv;open(,,False
high_confidence_log_reasoners,misc,67,F:\New folder\multi_logger_coordinator.py,H:\AnchorWorks_reasoning_toolbox_pull_list\Machine_Log_Reasoners_CURATED_20260515_190413\files\high_confidence_log_reasoners\misc\891bb07bf649__multi_logger_coordinator.py,multi_logger_coordinator.py,14198,2026-02-06T06:57:12,event;log;logger;logging;perf;performance,ads_detector;camera;camera_movement;keyboard;memory;movement;process;system;trigger,analyze;correlat;decision;detector,.jsonl;.log;.write(;basicconfig;json.dump;logging.;open(,,False
high_confidence_log_reasoners,misc,65,F:\New folder\performance_logger_v3.py,H:\AnchorWorks_reasoning_toolbox_pull_list\Machine_Log_Reasoners_CURATED_20260515_190413\files\high_confidence_log_reasoners\misc\3fd4eba4c24c__performance_logger_v3.py,performance_logger_v3.py,28523,2026-02-06T06:57:12,event;log;logger;logging;metric;metrics;observe;perf;performance;sensor,camera;input;keyboard;movement;process;system;trigger,correlat,.csv;.log;basicconfig;csv.writer;logging.;open(,,False
high_confidence_log_reasoners,misc,63,F:\New folder\engagement_builder.py,H:\AnchorWorks_reasoning_toolbox_pull_list\Machine_Log_Reasoners_CURATED_20260515_190413\files\high_confidence_log_reasoners\misc\69fa7d580c57__engagement_builder.py,engagement_builder.py,17764,2026-02-06T06:57:12,event;log;logger;logging;metric;metrics;perf;performance,camera;camera_movement;input;keyboard;movement;system;trigger,correlat;decision;detector,.jsonl;.write(;basicconfig;json.dump;logging.;open(,,False
high_confidence_log_reasoners,misc,61,F:\New folder\performance_logger_monolith.py,H:\AnchorWorks_reasoning_toolbox_pull_list\Machine_Log_Reasoners_CURATED_20260515_190413\files\high_confidence_log_reasoners\misc\49691a6f0864__performance_logger_monolith.py,performance_logger_monolith.py,22273,2026-02-06T06:57:12,capture;event;log;logger;logging;metric;metrics;perf;performance,camera;keyboard;movement;process;system;trigger,analyze;decision,.csv;.log;basicconfig;csv.writer;logging.;open(,,False
high_confidence_log_reasoners,misc,61,F:\New folder\player_performance_integration.py,H:\AnchorWorks_reasoning_toolbox_pull_list\Machine_Log_Reasoners_CURATED_20260515_190413\files\high_confidence_log_reasoners\misc\1c8209f5333d__player_performance_integration.py,player_performance_integration.py,15217,2026-02-06T06:57:12,capture;event;log;logger;logging;metric;metrics;perf;performance,camera;camera_movement;keyboard;movement;process;system,analyze;correlat,.jsonl;.log;basicconfig;json.dump;logging.;open(,,False
high_confidence_log_reasoners,misc,60,F:\New folder\performance_logger_v2.py,H:\AnchorWorks_reasoning_toolbox_pull_list\Machine_Log_Reasoners_CURATED_20260515_190413\files\high_confidence_log_reasoners\misc\825f319c8fa3__performance_logger_v2.py,performance_logger_v2.py,26741,2026-02-06T06:57:12,event;log;logger;logging;observe;perf;performance;sensor,camera;keyboard;movement;process;system;trigger,causal;correlat;decision,.csv;.log;basicconfig;csv.writer;logging.;open(,,False
high_confidence_log_reasoners,misc,54,C:\Users\mydyi\Downloads\05b6e602532b3d075340cbcc28a8c83e4d269fb9a6179f9cc2c87c077f3584ee-2026-04-07-12-48-39-ad0041cbbad646f5a0a32474b8d459eb\file_00000000565c71f7ab617791ec8158ad-cascade_demo.py,H:\AnchorWorks_reasoning_toolbox_pull_list\Machine_Log_Reasoners_CURATED_20260515_190413\files\high_confidence_log_reasoners\misc\f08e5ce7bec6__file_00000000565c71f7ab617791ec8158ad-cascade_demo.py,file_00000000565c71f7ab617791ec8158ad-cascade_demo.py,14805,2026-04-09T19:09:56,log;logger;logging;perf;performance,cpu;input;network;process;system,analyze;decision;infer;inference;insight;model;pattern;predict;reason;reasoning,basicconfig;logging.,,False
high_confidence_log_reasoners,misc,54,E:\SecureCore-Agent-Library-main\SecureCore-Agent-Library-main\phase_c_infer.py,H:\AnchorWorks_reasoning_toolbox_pull_list\Machine_Log_Reasoners_CURATED_20260515_190413\files\high_confidence_log_reasoners\misc\0a6136495a02__phase_c_infer.py,phase_c_infer.py,24864,2026-04-09T18:42:30,log;logger;logging;session;trace,input;memory;network;process;socket;subprocess;system,infer;inference;pattern;reason;score,.csv;logging.;open(;sqlite,,False
high_confidence_log_reasoners,misc,54,F:\contract_extraction\phase_c_infer.py,H:\AnchorWorks_reasoning_toolbox_pull_list\Machine_Log_Reasoners_CURATED_20260515_190413\files\high_confidence_log_reasoners\misc\8a4f7f285729__phase_c_infer.py,phase_c_infer.py,24864,2026-04-02T07:37:58,log;logger;logging;session;trace,input;memory;network;process;socket;subprocess;system,infer;inference;pattern;reason;score,.csv;logging.;open(;sqlite,,False
high_confidence_log_reasoners,misc,53,F:\Role-Based Access Control with Encryption and JWT\adaptive_av_system.py,H:\AnchorWorks_reasoning_toolbox_pull_list\Machine_Log_Reasoners_CURATED_20260515_190413\files\high_confidence_log_reasoners\misc\96c9d6bea251__adaptive_av_system.py,adaptive_av_system.py,10052,2025-03-22T17:13:48,activity;log;logger;logging;metric;metrics;perf;performance;stream,camera;keyboard;process;system,detector;model;score,.log;basicconfig;filehandler;logging.,,False
high_confidence_log_reasoners,misc,51,F:\Role-Based Access Control with Encryption and JWT\feedback_loop.py,H:\AnchorWorks_reasoning_toolbox_pull_list\Machine_Log_Reasoners_CURATED_20260515_190413\files\high_confidence_log_reasoners\misc\97ae05b29156__feedback_loop.py,feedback_loop.py,20319,2025-03-22T17:13:48,activity;history;log;logger;logging;metric;metrics;observe;perf;performance,camera;process;system,detector;model;score,basicconfig;logging.;open(,,False
high_confidence_log_reasoners,misc,50,F:\New folder\test_live_WORKING.py,H:\AnchorWorks_reasoning_toolbox_pull_list\Machine_Log_Reasoners_CURATED_20260515_190413\files\high_confidence_log_reasoners\misc\699dbbf17490__test_live_WORKING.py,test_live_WORKING.py,8853,2026-02-06T06:57:18,capture;log;logging;metric;metrics;monitor;session;trace;watch,keyboard;mss;process,analyze;detector,.jsonl;.log;.write(;json.dump;open(,,False
high_confidence_log_reasoners,misc,48,F:\New folder\truevision_live_run.py,H:\AnchorWorks_reasoning_toolbox_pull_list\Machine_Log_Reasoners_CURATED_20260515_190413\files\high_confidence_log_reasoners\misc\c2c3fce99743__truevision_live_run.py,truevision_live_run.py,14915,2026-02-06T06:57:20,capture;event;pulse;session;telemetry;trace,cpu;keyboard;memory;process;subprocess;system,analyze;score,.jsonl;.write(;json.dump;open(,,False
high_confidence_log_reasoners,misc,47,F:\New folder\player_performance.py,H:\AnchorWorks_reasoning_toolbox_pull_list\Machine_Log_Reasoners_CURATED_20260515_190413\files\high_confidence_log_reasoners\misc\2bf11de8baca__player_performance.py,player_performance.py,22318,2026-02-06T06:57:12,metric;metrics;perf;performance;session;telemetry,camera;input;movement;system;trigger,analyze;correlat;decision,.jsonl;.write(;json.dump;open(,,False
high_confidence_log_reasoners,misc,46,C:\Users\mydyi\Documents\New folder\Production Ready Lexicon Builder\lexicon_engine.py,H:\AnchorWorks_reasoning_toolbox_pull_list\Machine_Log_Reasoners_CURATED_20260515_190413\files\high_confidence_log_reasoners\misc\865e084ca4c8__lexicon_engine.py,lexicon_engine.py,26670,2025-10-05T17:33:20,event;log;logger;logging;stream,cpu;input;process;subprocess;system,pattern,.csv;.write(;basicconfig;filehandler;json.dump;logging.;open(,,False
high_confidence_log_reasoners,misc,46,F:\New folder\ads_detector_logger.py,H:\AnchorWorks_reasoning_toolbox_pull_list\Machine_Log_Reasoners_CURATED_20260515_190413\files\high_confidence_log_reasoners\misc\f62bf8d43c9b__ads_detector_logger.py,ads_detector_logger.py,15349,2026-02-06T06:57:12,event;log;logger;logging,ads_detector;camera;keyboard;system,analyze;correlat;decision;detector,.jsonl;.log;.write(;basicconfig;json.dump;logging.;open(,,False
high_confidence_log_reasoners,misc,46,F:\Role-Based Access Control with Encryption and JWT\video_processor.py,H:\AnchorWorks_reasoning_toolbox_pull_list\Machine_Log_Reasoners_CURATED_20260515_190413\files\high_confidence_log_reasoners\misc\801993729953__video_processor.py,video_processor.py,8865,2025-03-22T17:13:48,activity;capture;log;logger;logging;perf;performance,camera;cv2.videocapture;process;videocapture,model;score,basicconfig;logging.,cv2.videocapture,False
high_confidence_log_reasoners,misc,45,F:\New folder\camera_movement_logger.py,H:\AnchorWorks_reasoning_toolbox_pull_list\Machine_Log_Reasoners_CURATED_20260515_190413\files\high_confidence_log_reasoners\misc\3461934eba56__camera_movement_logger.py,camera_movement_logger.py,13743,2026-02-06T06:57:12,event;log;logger;logging,camera;camera_movement;keyboard;movement;system,analyze;correlat,.jsonl;.log;.write(;basicconfig;json.dump;logging.;open(,,False
high_confidence_log_reasoners,misc,45,F:\New folder\test_patent_live.py,H:\AnchorWorks_reasoning_toolbox_pull_list\Machine_Log_Reasoners_CURATED_20260515_190413\files\high_confidence_log_reasoners\misc\76afcaeb4d11__test_patent_live.py,test_patent_live.py,8027,2026-02-06T06:57:18,capture;log;logging;metric;metrics;monitor;trace;watch,keyboard;memory;process,analyze,.jsonl;.log;.write(;json.dump;open(,,False
high_confidence_log_reasoners,misc,45,F:\New folder\truevision_patent_test.py,H:\AnchorWorks_reasoning_toolbox_pull_list\Machine_Log_Reasoners_CURATED_20260515_190413\files\high_confidence_log_reasoners\misc\5a125def93c8__truevision_patent_test.py,truevision_patent_test.py,9196,2026-02-06T06:57:18,capture;log;logging;metric;metrics;monitor;trace;watch,keyboard;memory;process,analyze,.jsonl;.log;.write(;json.dump;open(,,False
high_confidence_log_reasoners,misc,45,F:\Sovereign Data Cognition Engine MVP Build Path Overview\main_2_Multicore.py,H:\AnchorWorks_reasoning_toolbox_pull_list\Machine_Log_Reasoners_CURATED_20260515_190413\files\high_confidence_log_reasoners\misc\9da3aaa4385f__main_2_Multicore.py,main_2_Multicore.py,10808,2025-06-08T20:39:12,log;metric;metrics;perf;performance;trace,cpu;input;keyboard;memory;process;psutil;system,diagnostic,.write(;open(,,False
high_confidence_log_reasoners,misc,44,F:\New folder\test_live_FIXED.py,H:\AnchorWorks_reasoning_toolbox_pull_list\Machine_Log_Reasoners_CURATED_20260515_190413\files\high_confidence_log_reasoners\misc\c55b1d3b7082__test_live_FIXED.py,test_live_FIXED.py,10772,2026-02-06T06:57:18,capture;log;logging;metric;metrics;monitor;trace;watch,mss;process,analyze;detector,.jsonl;.log;.write(;json.dump;open(,,False
high_confidence_log_reasoners,misc,43,F:\New folder\mirror_reflector.py,H:\AnchorWorks_reasoning_toolbox_pull_list\Machine_Log_Reasoners_CURATED_20260515_190413\files\high_confidence_log_reasoners\misc\c1f7e18d0179__mirror_reflector.py,mirror_reflector.py,5763,2026-02-06T06:57:14,event;history;log;logger;logging;metric;metrics;monitor,input;process;system,analyze;pattern;reason;reasoning,logging.,,False
high_confidence_log_reasoners,misc,42,F:\New folder\movement_state_logger.py,H:\AnchorWorks_reasoning_toolbox_pull_list\Machine_Log_Reasoners_CURATED_20260515_190413\files\high_confidence_log_reasoners\misc\4d2313404f2d__movement_state_logger.py,movement_state_logger.py,14815,2026-02-06T06:57:12,event;log;logger;logging,camera;keyboard;movement;system,analyze;classif,.jsonl;.log;.write(;basicconfig;json.dump;logging.;open(,,False
high_confidence_log_reasoners,misc,42,F:\New folder\xrp_backtest_616.py,H:\AnchorWorks_reasoning_toolbox_pull_list\Machine_Log_Reasoners_CURATED_20260515_190413\files\high_confidence_log_reasoners\misc\80ddf1e0964f__xrp_backtest_616.py,xrp_backtest_616.py,20828,2026-02-06T06:57:16,event;history;log;monitor;perf;performance,system;trigger,causal;decision;evaluate;model;pattern;predict;score,.write(;open(,,False
high_confidence_log_reasoners,misc,41,C:\Users\mydyi\.codex\.tmp\plugins\plugins\hugging-face\skills\vision-trainer\scripts\object_detection_training.py,H:\AnchorWorks_reasoning_toolbox_pull_list\Machine_Log_Reasoners_CURATED_20260515_190413\files\high_confidence_log_reasoners\misc\35a7af0dd29a__object_detection_training.py,object_detection_training.py,28080,2026-05-15T17:19:52,log;logger;logging;metric;metrics;stream,gpu;input;process,evaluate;model;predict;score,.log;basicconfig;logging.,,False
high_confidence_log_reasoners,misc,41,F:\New folder\xrp_predictive_616_engine.py,H:\AnchorWorks_reasoning_toolbox_pull_list\Machine_Log_Reasoners_CURATED_20260515_190413\files\high_confidence_log_reasoners\misc\af881e3b331b__xrp_predictive_616_engine.py,xrp_predictive_616_engine.py,17827,2026-02-06T06:57:16,capture;event;history;monitor;watch,process;system,analyze;causal;decision;insight;pattern;predict;reason;reasoning,.write(;open(,,False
high_confidence_log_reasoners,misc,40,C:\Users\mydyi\Documents\New folder\bridges\forest_bridge_server.py,H:\AnchorWorks_reasoning_toolbox_pull_list\Machine_Log_Reasoners_CURATED_20260515_190413\files\high_confidence_log_reasoners\misc\79f2a68e0e47__forest_bridge_server.py,forest_bridge_server.py,24414,2025-10-07T07:19:58,log;logger;logging;stream,gpu;input;process;socket,analyze;model;pattern,.log;basicconfig;json.dump;logging.;open(,,False
high_confidence_log_reasoners,misc,40,F:\New folder\msft_atvi_616_analysis.py,H:\AnchorWorks_reasoning_toolbox_pull_list\Machine_Log_Reasoners_CURATED_20260515_190413\files\high_confidence_log_reasoners\misc\b5bec3736c20__msft_atvi_616_analysis.py,msft_atvi_616_analysis.py,18167,2026-02-06T06:57:17,event;history;log;metric;metrics,system,analyze;causal;evaluate;pattern;predict;reason;reasoning;score,.write(;json.dump;open(,,False
high_confidence_log_reasoners,misc,40,F:\New folder\xrp_cross_reasoning_engine.py,H:\AnchorWorks_reasoning_toolbox_pull_list\Machine_Log_Reasoners_CURATED_20260515_190413\files\high_confidence_log_reasoners\misc\55e6c3386bff__xrp_cross_reasoning_engine.py,xrp_cross_reasoning_engine.py,16325,2026-02-06T06:57:16,event;history;monitor,movement;system;trigger,analyze;causal;classif;decision;insight;pattern;reason;reasoning;score,.write(;open(,,False
high_confidence_log_reasoners,misc,40,F:\Role-Based Access Control with Encryption and JWT\activity_detector.py,H:\AnchorWorks_reasoning_toolbox_pull_list\Machine_Log_Reasoners_CURATED_20260515_190413\files\high_confidence_log_reasoners\misc\173a744d37f1__activity_detector.py,activity_detector.py,8802,2025-03-22T17:13:48,activity;event;log;logger;logging;perf;performance,camera;process;trigger,detector;model;score,basicconfig;logging.,,False
high_confidence_log_reasoners,misc,40,F:\Sovereign Data Cognition Engine MVP Build Path Overview\mandatory_prescan.py,H:\AnchorWorks_reasoning_toolbox_pull_list\Machine_Log_Reasoners_CURATED_20260515_190413\files\high_confidence_log_reasoners\misc\3a1ec614ae57__mandatory_prescan.py,mandatory_prescan.py,38322,2025-06-08T17:52:22,metric;metrics;perf;performance,input;memory;process;system,analyze;correlat;insight;pattern;predict;reason;reasoning;score,,,False
high_confidence_log_reasoners,misc,39,F:\New folder\trigger_pull_logger.py,H:\AnchorWorks_reasoning_toolbox_pull_list\Machine_Log_Reasoners_CURATED_20260515_190413\files\high_confidence_log_reasoners\misc\adccf937a4ad__trigger_pull_logger.py,trigger_pull_logger.py,15516,2026-02-06T06:57:12,event;log;logger;logging,keyboard;system;trigger,analyze;correlat,.jsonl;.log;.write(;basicconfig;json.dump;logging.;open(,,False
high_confidence_log_reasoners,misc,38,C:\Users\mydyi\.codex\.tmp\plugins\plugins\hugging-face\skills\vision-trainer\scripts\image_classification_training.py,H:\AnchorWorks_reasoning_toolbox_pull_list\Machine_Log_Reasoners_CURATED_20260515_190413\files\high_confidence_log_reasoners\misc\1f449709119b__image_classification_training.py,image_classification_training.py,13768,2026-05-15T17:19:52,log;logger;logging;metric;metrics;stream,gpu;process,classif;evaluate;model;predict,.log;basicconfig;logging.,,False
high_confidence_log_reasoners,misc,38,C:\Users\mydyi\Downloads\test_setup.py,H:\AnchorWorks_reasoning_toolbox_pull_list\Machine_Log_Reasoners_CURATED_20260515_190413\files\high_confidence_log_reasoners\misc\a26ad64ab42e__test_setup.py,test_setup.py,11027,2025-09-11T18:29:57,capture;monitor;perf;performance,cpu;gpu;input;memory;process;psutil;subprocess;system,model,,,False
high_confidence_log_reasoners,misc,37,C:\Users\mydyi\.claude\plugins\marketplaces\claude-plugins-official\plugins\security-guidance\hooks\security_reminder_hook.py,H:\AnchorWorks_reasoning_toolbox_pull_list\Machine_Log_Reasoners_CURATED_20260515_190413\files\high_confidence_log_reasoners\misc\216b4816af46__security_reminder_hook.py,security_reminder_hook.py,10767,2026-04-10T17:16:29,event;log;logging;perf;performance;session,input;process;system,evaluate;pattern,.write(;json.dump;open(,,False
high_confidence_log_reasoners,misc,37,F:\New folder\data_ingestor.py,H:\AnchorWorks_reasoning_toolbox_pull_list\Machine_Log_Reasoners_CURATED_20260515_190413\files\high_confidence_log_reasoners\misc\f8ac27a4e40b__data_ingestor.py,data_ingestor.py,8007,2026-02-06T06:57:14,history;log;logger;logging;metric;metrics,input;process;system,score,.log;basicconfig;json.dump;logging.,,False
high_confidence_log_reasoners,misc,37,F:\New folder\xrp_616_analysis.py,H:\AnchorWorks_reasoning_toolbox_pull_list\Machine_Log_Reasoners_CURATED_20260515_190413\files\high_confidence_log_reasoners\misc\e33ce4954405__xrp_616_analysis.py,xrp_616_analysis.py,12786,2026-02-06T06:57:17,event;history;log;metric;metrics;trace,movement,analyze;causal;insight;pattern;predict,.write(;json.dump;open(,,False
high_confidence_log_reasoners,misc,37,F:\Role-Based Access Control with Encryption and JWT\access_control_secure.py,H:\AnchorWorks_reasoning_toolbox_pull_list\Machine_Log_Reasoners_CURATED_20260515_190413\files\high_confidence_log_reasoners\misc\e664b406c64a__access_control_secure.py,access_control_secure.py,19600,2025-03-22T17:13:48,event;log;logger;logging,input;process;system,score,.log;.write(;filehandler;json.dump;logging.;open(;rotatingfilehandler,,False
high_confidence_log_reasoners,misc,37,F:\Role-Based Access Control with Encryption and JWT\audio_processor.py,H:\AnchorWorks_reasoning_toolbox_pull_list\Machine_Log_Reasoners_CURATED_20260515_190413\files\high_confidence_log_reasoners\misc\43459b9a3606__audio_processor.py,audio_processor.py,8598,2025-03-22T17:13:48,capture;event;log;logger;logging;monitor;stream,input;process,model;pattern,basicconfig;logging.;open(,,False
high_confidence_log_reasoners,misc,37,H:\basement_analysis  RESONANCE SAMPLE FOR LEARNING\process_story.py,H:\AnchorWorks_reasoning_toolbox_pull_list\Machine_Log_Reasoners_CURATED_20260515_190413\files\high_confidence_log_reasoners\misc\eebc0f195f14__process_story.py,process_story.py,12835,2025-12-13T04:47:42,capture;log;logger;logging,process,analyze;analyzer;model;reason;reasoning;score,.write(;basicconfig;json.dump;logging.;open(,,False
high_confidence_log_reasoners,misc,37,H:\basement_analysis  RESONANCE SAMPLE FOR LEARNING\process_story_standalone.py,H:\AnchorWorks_reasoning_toolbox_pull_list\Machine_Log_Reasoners_CURATED_20260515_190413\files\high_confidence_log_reasoners\misc\3afa47a65229__process_story_standalone.py,process_story_standalone.py,12739,2025-12-13T04:47:42,capture;log;logger;logging,process,analyze;analyzer;model;reason;reasoning;score,.write(;basicconfig;json.dump;logging.;open(,,False
high_confidence_log_reasoners,misc,36,C:\Users\mydyi\.codex\.tmp\plugins\plugins\hugging-face\skills\vision-trainer\scripts\sam_segmentation_training.py,H:\AnchorWorks_reasoning_toolbox_pull_list\Machine_Log_Reasoners_CURATED_20260515_190413\files\high_confidence_log_reasoners\misc\c5c281cc85f2__sam_segmentation_training.py,sam_segmentation_training.py,14328,2026-05-15T17:19:52,log;logger;logging;metric;metrics;stream,input;process,evaluate;model;predict,.log;basicconfig;logging.,,False
high_confidence_log_reasoners,misc,36,F:\Sovereign Data Cognition Engine MVP Build Path Overview\main.py,H:\AnchorWorks_reasoning_toolbox_pull_list\Machine_Log_Reasoners_CURATED_20260515_190413\files\high_confidence_log_reasoners\misc\ba675784c5d5__main.py,main.py,14966,2025-06-08T20:17:31,metric;metrics;perf;performance,cpu;input;keyboard;memory;process;system,pattern,.write(;open(,,False
high_confidence_log_reasoners,misc,35,C:\Users\mydyi\.codex\.tmp\plugins\plugins\hugging-face\skills\community-evals\scripts\inspect_vllm_uv.py,H:\AnchorWorks_reasoning_toolbox_pull_list\Machine_Log_Reasoners_CURATED_20260515_190413\files\high_confidence_log_reasoners\misc\1c30a0a85b07__inspect_vllm_uv.py,inspect_vllm_uv.py,9425,2026-05-15T17:19:52,log;logging,cpu;gpu;memory;process;subprocess,evaluate;infer;inference;model;reason;reasoning,.log,,False
high_confidence_log_reasoners,misc,35,C:\Users\mydyi\.codex\.tmp\plugins\plugins\hugging-face\skills\llm-trainer\scripts\unsloth_sft_example.py,H:\AnchorWorks_reasoning_toolbox_pull_list\Machine_Log_Reasoners_CURATED_20260515_190413\files\high_confidence_log_reasoners\misc\7139a7a09f16__unsloth_sft_example.py,unsloth_sft_example.py,17366,2026-05-15T17:19:52,log;logger;logging;metric;metrics;monitor;stream,gpu;input,evaluate;model,basicconfig;logging.,,False
high_confidence_log_reasoners,misc,35,F:\New folder\gaming_sensor.py,H:\AnchorWorks_reasoning_toolbox_pull_list\Machine_Log_Reasoners_CURATED_20260515_190413\files\high_confidence_log_reasoners\misc\98b98e4d6c9f__gaming_sensor.py,gaming_sensor.py,3492,2026-02-06T06:57:18,capture;log;logging;sensor,mss,analyze;analyzer;detector;evaluate;reason;reasoning;score,.jsonl;.log;open(,,False
high_confidence_log_reasoners,misc,35,F:\New folder\report_generator.py,H:\AnchorWorks_reasoning_toolbox_pull_list\Machine_Log_Reasoners_CURATED_20260515_190413\files\high_confidence_log_reasoners\misc\f99e1bf47b50__report_generator.py,report_generator.py,6445,2026-02-06T06:57:17,log;metric;metrics,movement;system,analyze;causal;evaluate;model;pattern;predict;reason;reasoning,.write(;open(,,False
high_confidence_log_reasoners,misc,35,F:\Role-Based Access Control with Encryption and JWT\adaptive_scaler.py,H:\AnchorWorks_reasoning_toolbox_pull_list\Machine_Log_Reasoners_CURATED_20260515_190413\files\high_confidence_log_reasoners\misc\98f29653737c__adaptive_scaler.py,adaptive_scaler.py,9134,2025-03-22T17:13:48,activity;log;logger;logging;perf;performance,camera;process;trigger,detector;score,basicconfig;logging.,,False
high_confidence_log_reasoners,misc,34,C:\Users\mydyi\.codex\.tmp\plugins\plugins\hugging-face\skills\jobs\scripts\cot-self-instruct.py,H:\AnchorWorks_reasoning_toolbox_pull_list\Machine_Log_Reasoners_CURATED_20260515_190413\files\high_confidence_log_reasoners\misc\ccf5c05e76ad__cot-self-instruct.py,cot-self-instruct.py,25600,2026-05-15T17:19:52,log;logger;logging,gpu;input;memory,analyze;model;predict;reason;reasoning;score,basicconfig;logging.,,False
high_confidence_log_reasoners,misc,33,C:\Users\mydyi\.codex\.tmp\plugins\plugins\life-science-research\skills\locus-to-gene-mapper-skill\scripts\map_locus_to_gene.py,H:\AnchorWorks_reasoning_toolbox_pull_list\Machine_Log_Reasoners_CURATED_20260515_190413\files\high_confidence_log_reasoners\misc\5c3f9a41c820__map_locus_to_gene.py,map_locus_to_gene.py,82033,2026-05-15T17:19:52,capture;log;observe,input;process;subprocess;system,analyse;causal;decision;predict;score,json.dump,,False
high_confidence_log_reasoners,misc,33,E:\SecureCore-Agent-Library-main\SecureCore-Agent-Library-main\phase_c_destruction.py,H:\AnchorWorks_reasoning_toolbox_pull_list\Machine_Log_Reasoners_CURATED_20260515_190413\files\high_confidence_log_reasoners\misc\b6229ecca24c__phase_c_destruction.py,phase_c_destruction.py,12769,2026-04-09T18:42:30,log;logging,input;network;process;subprocess;system,infer;pattern;reason;score,.csv;open(,,False
high_confidence_log_reasoners,misc,33,F:\contract_extraction\phase_c_destruction.py,H:\AnchorWorks_reasoning_toolbox_pull_list\Machine_Log_Reasoners_CURATED_20260515_190413\files\high_confidence_log_reasoners\misc\6626b9b363a2__phase_c_destruction.py,phase_c_destruction.py,12769,2026-04-02T07:44:26,log;logging,input;network;process;subprocess;system,infer;pattern;reason;score,.csv;open(,,False
high_confidence_log_reasoners,misc,33,F:\DESKTOP PYTHON 6_17_25\NET_SECURITY\process_story_standaloneGemini_WIN11.py,H:\AnchorWorks_reasoning_toolbox_pull_list\Machine_Log_Reasoners_CURATED_20260515_190413\files\high_confidence_log_reasoners\misc\a2a901f8210e__process_story_standaloneGemini_WIN11.py,process_story_standaloneGemini_WIN11.py,14206,2025-06-09T20:11:03,log;logger;logging,input;process,analyze;analyzer;model;score,.write(;basicconfig;json.dump;logging.;open(,,False
high_confidence_log_reasoners,misc,32,C:\Users\mydyi\.codex\.tmp\plugins\plugins\hugging-face\skills\jobs\scripts\finepdfs-stats.py,H:\AnchorWorks_reasoning_toolbox_pull_list\Machine_Log_Reasoners_CURATED_20260515_190413\files\high_confidence_log_reasoners\misc\af500172b43c__finepdfs-stats.py,finepdfs-stats.py,17661,2026-05-15T17:19:52,log;logger;logging;metric;perf;performance;stream,process,analyze;score,basicconfig;logging.,,False
high_confidence_log_reasoners,misc,32,F:\New folder\xrp_causal_narrative_analysis.py,H:\AnchorWorks_reasoning_toolbox_pull_list\Machine_Log_Reasoners_CURATED_20260515_190413\files\high_confidence_log_reasoners\misc\985f63a4b16f__xrp_causal_narrative_analysis.py,xrp_causal_narrative_analysis.py,17109,2026-02-06T06:57:16,event;history;log,movement;system;trigger,causal;insight;pattern;reason;reasoning,.write(;open(,,False
high_confidence_log_reasoners,misc,31,C:\Users\mydyi\.codex\.tmp\plugins\plugins\hugging-face\skills\jobs\scripts\generate-responses.py,H:\AnchorWorks_reasoning_toolbox_pull_list\Machine_Log_Reasoners_CURATED_20260515_190413\files\high_confidence_log_reasoners\misc\736299a384bd__generate-responses.py,generate-responses.py,21105,2026-05-15T17:19:52,log;logger;logging,gpu;input;memory;process,infer;inference;model,basicconfig;logging.,,False
high_confidence_log_reasoners,misc,31,F:\New folder\thermal_hitbox_analyzer.py,H:\AnchorWorks_reasoning_toolbox_pull_list\Machine_Log_Reasoners_CURATED_20260515_190413\files\high_confidence_log_reasoners\misc\28adb7851edf__thermal_hitbox_analyzer.py,thermal_hitbox_analyzer.py,14159,2026-02-06T06:57:12,capture;metric;metrics;perf;performance,input;thermal,analyze;analyzer;detector;score,open(,,False
high_confidence_log_reasoners,misc,31,F:\Role-Based Access Control with Encryption and JWT\vector_fusion.py,H:\AnchorWorks_reasoning_toolbox_pull_list\Machine_Log_Reasoners_CURATED_20260515_190413\files\high_confidence_log_reasoners\misc\12b772ed4009__vector_fusion.py,vector_fusion.py,12754,2025-03-22T17:13:48,history;log;logger;logging;perf,camera;process,model;predict;score,basicconfig;logging.,,False
high_confidence_log_reasoners,misc,31,F:\Sovereign Data Cognition Engine MVP Build Path Overview\output_generator.py,H:\AnchorWorks_reasoning_toolbox_pull_list\Machine_Log_Reasoners_CURATED_20260515_190413\files\high_confidence_log_reasoners\misc\620e7755b010__output_generator.py,output_generator.py,29071,2025-06-08T17:52:22,metric;metrics;perf;performance,cpu;memory;process,analyze;pattern;score;summarize,json.dump,,False
high_confidence_log_reasoners,misc,30,E:\SecureCore-Agent-Library-main\SecureCore-Agent-Library-main\agent_registry_bridge.py,H:\AnchorWorks_reasoning_toolbox_pull_list\Machine_Log_Reasoners_CURATED_20260515_190413\files\high_confidence_log_reasoners\misc\72110ab38ce4__agent_registry_bridge.py,agent_registry_bridge.py,24189,2026-04-09T18:42:30,log,input;network;process;subprocess;system,reason;reasoning;score,.csv;json.dump;open(,,False
high_confidence_log_reasoners,misc,30,F:\contract_extraction\agent_registry_bridge.py,H:\AnchorWorks_reasoning_toolbox_pull_list\Machine_Log_Reasoners_CURATED_20260515_190413\files\high_confidence_log_reasoners\misc\c71e0f629a12__agent_registry_bridge.py,agent_registry_bridge.py,24189,2026-04-02T07:57:37,log,input;network;process;subprocess;system,reason;reasoning;score,.csv;json.dump;open(,,False
high_confidence_log_reasoners,misc,29,C:\Users\mydyi\.codex\.tmp\plugins\plugins\build-ios-apps\skills\ios-ettrace-performance\scripts\analyze_flamegraph_json.py,H:\AnchorWorks_reasoning_toolbox_pull_list\Machine_Log_Reasoners_CURATED_20260515_190413\files\high_confidence_log_reasoners\misc\b02d2c86e78b__analyze_flamegraph_json.py,analyze_flamegraph_json.py,11089,2026-05-15T17:19:49,capture;event;perf;performance;trace,process;system,analyze;pattern;summarize,open(,,False
high_confidence_log_reasoners,misc,29,C:\Users\mydyi\OneDrive\Documents\Desktop\symbol_genome_generator.py,H:\AnchorWorks_reasoning_toolbox_pull_list\Machine_Log_Reasoners_CURATED_20260515_190413\files\high_confidence_log_reasoners\misc\f6f799b36083__symbol_genome_generator.py,symbol_genome_generator.py,16993,2026-03-21T07:04:12,log;metric;metrics;perf;performance,memory;process,pattern,.write(;json.dump;open(,,False
high_confidence_log_reasoners,misc,29,F:\New folder\symbol_genome_generator.py,H:\AnchorWorks_reasoning_toolbox_pull_list\Machine_Log_Reasoners_CURATED_20260515_190413\files\high_confidence_log_reasoners\misc\dc76aa9e1dd6__symbol_genome_generator.py,symbol_genome_generator.py,16410,2026-02-06T06:57:13,log;metric;metrics;perf;performance,memory;process,pattern,.write(;json.dump;open(,,False
high_confidence_log_reasoners,misc,28,F:\New folder\cognitive_authenticator.py,H:\AnchorWorks_reasoning_toolbox_pull_list\Machine_Log_Reasoners_CURATED_20260515_190413\files\high_confidence_log_reasoners\misc\fc59cde939f7__cognitive_authenticator.py,cognitive_authenticator.py,12031,2026-02-06T06:57:06,history;log;logger,input;memory;system,analyze;decision;pattern;score,.log,,False
high_confidence_log_reasoners,misc,27,C:\Users\mydyi\.claude\plugins\marketplaces\claude-plugins-official\plugins\skill-creator\skills\skill-creator\scripts\run_eval.py,H:\AnchorWorks_reasoning_toolbox_pull_list\Machine_Log_Reasoners_CURATED_20260515_190413\files\high_confidence_log_reasoners\misc\1db4a6249de4__run_eval.py,run_eval.py,11464,2026-04-10T17:16:29,event;session;stream,input;process;subprocess;trigger,model,json.dump;open(,,False
high_confidence_log_reasoners,misc,27,C:\Users\mydyi\.claude\plugins\marketplaces\claude-plugins-official\plugins\skill-creator\skills\skill-creator\scripts\run_loop.py,H:\AnchorWorks_reasoning_toolbox_pull_list\Machine_Log_Reasoners_CURATED_20260515_190413\files\high_confidence_log_reasoners\misc\c143292f2733__run_loop.py,run_loop.py,13685,2026-04-10T17:16:29,event;history;log;watch,trigger,evaluate;model;reason;score,json.dump;open(,,False
high_confidence_log_reasoners,misc,27,C:\Users\mydyi\.codex\.tmp\plugins\plugins\github\skills\gh-fix-ci\scripts\inspect_pr_checks.py,H:\AnchorWorks_reasoning_toolbox_pull_list\Machine_Log_Reasoners_CURATED_20260515_190413\files\high_confidence_log_reasoners\misc\545f44c11f40__inspect_pr_checks.py,inspect_pr_checks.py,15731,2026-05-15T17:19:51,capture;event;log;trace,process;subprocess;system,analyze;pattern,json.dump,,False
high_confidence_log_reasoners,misc,27,C:\Users\mydyi\.codex\.tmp\plugins\plugins\life-science-research\skills\eqtl-catalogue-skill\scripts\rest_request.py,H:\AnchorWorks_reasoning_toolbox_pull_list\Machine_Log_Reasoners_CURATED_20260515_190413\files\high_confidence_log_reasoners\misc\52a57961b5fb__rest_request.py,rest_request.py,13898,2026-05-15T17:19:52,log;session;stream,input;network;system;trigger,infer,.write(;json.dump,,False
high_confidence_log_reasoners,misc,27,F:\New folder\symbolic_translator.py,H:\AnchorWorks_reasoning_toolbox_pull_list\Machine_Log_Reasoners_CURATED_20260515_190413\files\high_confidence_log_reasoners\misc\8c550439457e__symbolic_translator.py,symbolic_translator.py,7302,2026-02-06T06:57:14,log;logger;logging,input;system,pattern;reason;reasoning;score,.log;logging.,,False
high_confidence_log_reasoners,misc,26,C:\Users\mydyi\.codex\.tmp\plugins\plugins\hugging-face\skills\community-evals\scripts\lighteval_vllm_uv.py,H:\AnchorWorks_reasoning_toolbox_pull_list\Machine_Log_Reasoners_CURATED_20260515_190413\files\high_confidence_log_reasoners\misc\32a1ee304560__lighteval_vllm_uv.py,lighteval_vllm_uv.py,9501,2026-05-15T17:19:52,log,gpu;memory;process;subprocess;system,evaluate;infer;inference;model,,,False
high_confidence_log_reasoners,misc,26,F:\New folder\aert_deep_analysis.py,H:\AnchorWorks_reasoning_toolbox_pull_list\Machine_Log_Reasoners_CURATED_20260515_190413\files\high_confidence_log_reasoners\misc\74bd77b62fd3__aert_deep_analysis.py,aert_deep_analysis.py,12052,2026-02-06T06:57:17,event;history;log;perf;trace,movement,analyze,.write(;json.dump;open(,,False
high_confidence_log_reasoners,misc,26,F:\New folder\eomm_compositor_v2.py,H:\AnchorWorks_reasoning_toolbox_pull_list\Machine_Log_Reasoners_CURATED_20260515_190413\files\high_confidence_log_reasoners\misc\ef5a9fd92a6f__eomm_compositor_v2.py,eomm_compositor_v2.py,11725,2026-02-06T06:57:18,event;metric;metrics;session;telemetry,system,analyze;pattern;score,open(,,False
high_confidence_log_reasoners,misc,26,F:\Sovereign Data Cognition Engine MVP Build Path Overview\global_scanner.py,H:\AnchorWorks_reasoning_toolbox_pull_list\Machine_Log_Reasoners_CURATED_20260515_190413\files\high_confidence_log_reasoners\misc\400d7f019c9c__global_scanner.py,global_scanner.py,12479,2025-06-08T17:52:22,log;perf,input;system,analyse;analyze;pattern;reason;reasoning;score,.log,,False
high_confidence_log_reasoners,misc,25,C:\Users\mydyi\.codex\.tmp\plugins\plugins\hugging-face\skills\vision-trainer\scripts\dataset_inspector.py,H:\AnchorWorks_reasoning_toolbox_pull_list\Machine_Log_Reasoners_CURATED_20260515_190413\files\high_confidence_log_reasoners\misc\6e0123aa39cb__dataset_inspector.py,dataset_inspector.py,32665,2026-05-15T17:19:52,,input;keyboard;process,analyze;classif;diagnostic;model;pattern;reason,json.dump;open(,,False
high_confidence_log_reasoners,misc,25,C:\Users\mydyi\.codex\.tmp\plugins\plugins\zotero\skills\zotero\scripts\zotero.py,H:\AnchorWorks_reasoning_toolbox_pull_list\Machine_Log_Reasoners_CURATED_20260515_190413\files\high_confidence_log_reasoners\misc\9fff7c3bb08e__zotero.py,zotero.py,30671,2026-05-15T17:19:59,session,input;process;subprocess;system,pattern;score;summarize,json.dump;open(,,False
high_confidence_log_reasoners,misc,25,F:\New folder\forge_inspect.py,H:\AnchorWorks_reasoning_toolbox_pull_list\Machine_Log_Reasoners_CURATED_20260515_190413\files\high_confidence_log_reasoners\misc\1a00234869ce__forge_inspect.py,forge_inspect.py,4432,2026-02-06T06:57:20,log;metric;metrics;pulse;session;trace,memory,reason;score,,,False
high_confidence_log_reasoners,misc,24,C:\Users\mydyi\Documents\New folder\scripts\system_smoke_test.py,H:\AnchorWorks_reasoning_toolbox_pull_list\Machine_Log_Reasoners_CURATED_20260515_190413\files\high_confidence_log_reasoners\misc\2d77c8e86602__system_smoke_test.py,system_smoke_test.py,5467,2025-10-07T07:19:58,log;stream,process;socket;subprocess;system,reason,json.dump;open(,,False
high_confidence_log_reasoners,misc,24,C:\Users\mydyi\Documents\New folder\tools\rebuild_lexicon.py,H:\AnchorWorks_reasoning_toolbox_pull_list\Machine_Log_Reasoners_CURATED_20260515_190413\files\high_confidence_log_reasoners\misc\47bfc1c5f22a__rebuild_lexicon.py,rebuild_lexicon.py,10330,2025-10-06T07:21:31,log;logger;logging,system,diagnostic,.log;basicconfig;json.dump;logging.;open(,,False
high_confidence_log_reasoners,misc,24,C:\Users\mydyi\Documents\New folder\tools\test_unmapped_workflow.py,H:\AnchorWorks_reasoning_toolbox_pull_list\Machine_Log_Reasoners_CURATED_20260515_190413\files\high_confidence_log_reasoners\misc\03a7812acc9a__test_unmapped_workflow.py,test_unmapped_workflow.py,8983,2025-10-07T07:26:14,log;logger;logging,system,analyze;decision,basicconfig;json.dump;logging.;open(,,False
high_confidence_log_reasoners,misc,24,F:\New folder\engine.py,H:\AnchorWorks_reasoning_toolbox_pull_list\Machine_Log_Reasoners_CURATED_20260515_190413\files\high_confidence_log_reasoners\misc\86d8797367da__engine.py,engine.py,10538,2026-02-06T06:57:13,event;stream,memory;process,reason;reasoning,.jsonl;.write(;json.dump;open(,,False
high_confidence_log_reasoners,misc,24,F:\New folder\lexicon.py,H:\AnchorWorks_reasoning_toolbox_pull_list\Machine_Log_Reasoners_CURATED_20260515_190413\files\high_confidence_log_reasoners\misc\24320ae81ac3__lexicon.py,lexicon.py,11606,2026-02-06T06:57:13,metric;metrics,memory;process,reason;reasoning,.jsonl;.write(;json.dump;open(,,False
high_confidence_log_reasoners,misc,24,F:\New folder\load_test.py,H:\AnchorWorks_reasoning_toolbox_pull_list\Machine_Log_Reasoners_CURATED_20260515_190413\files\high_confidence_log_reasoners\misc\5558cc6d71d8__load_test.py,load_test.py,5784,2026-02-06T06:57:15,perf;performance,cpu;gpu;input;memory,analyze;pattern,open(,,False
high_confidence_log_reasoners,misc,24,F:\New folder\main_chatgpt.py,H:\AnchorWorks_reasoning_toolbox_pull_list\Machine_Log_Reasoners_CURATED_20260515_190413\files\high_confidence_log_reasoners\misc\ed87d6b9db3f__main_chatgpt.py,main_chatgpt.py,4783,2026-02-06T06:57:13,event;history;log,process,analyze;analyzer;model;pattern,json.dump;open(,,False
high_confidence_log_reasoners,misc,24,F:\New folder\update_library.py,H:\AnchorWorks_reasoning_toolbox_pull_list\Machine_Log_Reasoners_CURATED_20260515_190413\files\high_confidence_log_reasoners\misc\e5db534d9cb0__update_library.py,update_library.py,5738,2026-02-06T06:57:15,log;metric;metrics,process;subprocess;system,pattern,.write(;open(,,False
high_confidence_log_reasoners,misc,23,C:\Users\mydyi\Documents\New folder\bridges\forest_bridge.py,H:\AnchorWorks_reasoning_toolbox_pull_list\Machine_Log_Reasoners_CURATED_20260515_190413\files\high_confidence_log_reasoners\misc\f98802cbdfac__forest_bridge.py,forest_bridge.py,32605,2025-10-06T21:02:24,history;log;logger;logging,gpu,diagnostic,json.dump;logging.;open(,,False
high_confidence_log_reasoners,misc,23,C:\Users\mydyi\Documents\New folder\scripts\test_cuda_info.py,H:\AnchorWorks_reasoning_toolbox_pull_list\Machine_Log_Reasoners_CURATED_20260515_190413\files\high_confidence_log_reasoners\misc\d4c85c9ab0b0__test_cuda_info.py,test_cuda_info.py,2306,2025-10-06T05:15:13,capture,cpu;gpu;memory;process;subprocess;system,diagnostic,,,False
high_confidence_log_reasoners,misc,22,C:\Users\mydyi\.codex\.tmp\plugins\plugins\hugging-face\skills\llm-trainer\scripts\train_sft_example.py,H:\AnchorWorks_reasoning_toolbox_pull_list\Machine_Log_Reasoners_CURATED_20260515_190413\files\high_confidence_log_reasoners\misc\ad81f0655120__train_sft_example.py,train_sft_example.py,3464,2026-05-15T17:19:52,log;logging;metric;metrics;monitor,memory,causal;model,,,False
high_confidence_log_reasoners,misc,22,C:\Users\mydyi\.codex\skills\.system\plugin-creator\scripts\create_basic_plugin.py,H:\AnchorWorks_reasoning_toolbox_pull_list\Machine_Log_Reasoners_CURATED_20260515_190413\files\high_confidence_log_reasoners\misc\50e552190a0b__create_basic_plugin.py,create_basic_plugin.py,10758,2026-05-15T17:22:55,log,screenshot;system,summarize,.write(;json.dump;open(,screenshot,False
high_confidence_log_reasoners,misc,22,C:\Users\mydyi\Documents\New folder\tools\analyze_unmapped_tokens.py,H:\AnchorWorks_reasoning_toolbox_pull_list\Machine_Log_Reasoners_CURATED_20260515_190413\files\high_confidence_log_reasoners\misc\f9726eea8df9__analyze_unmapped_tokens.py,analyze_unmapped_tokens.py,14395,2025-10-07T07:19:58,log;logger;logging,system,analyze,basicconfig;json.dump;logging.;open(,,False
high_confidence_log_reasoners,misc,22,E:\SecureCore-Agent-Library-main\SecureCore-Agent-Library-main\build_agent_catalog.py,H:\AnchorWorks_reasoning_toolbox_pull_list\Machine_Log_Reasoners_CURATED_20260515_190413\files\high_confidence_log_reasoners\misc\bdddc740d7d0__build_agent_catalog.py,build_agent_catalog.py,8622,2026-04-09T18:42:30,audit;log;observe,input,infer;reason;score,.csv;open(,,False
high_confidence_log_reasoners,misc,22,F:\contract_extraction\build_agent_catalog.py,H:\AnchorWorks_reasoning_toolbox_pull_list\Machine_Log_Reasoners_CURATED_20260515_190413\files\high_confidence_log_reasoners\misc\34ac911e3181__build_agent_catalog.py,build_agent_catalog.py,8622,2026-04-02T07:47:28,audit;log;observe,input,infer;reason;score,.csv;open(,,False
high_confidence_log_reasoners,misc,21,C:\Users\mydyi\.claude\plugins\marketplaces\claude-plugins-official\plugins\skill-creator\skills\skill-creator\scripts\aggregate_benchmark.py,H:\AnchorWorks_reasoning_toolbox_pull_list\Machine_Log_Reasoners_CURATED_20260515_190413\files\high_confidence_log_reasoners\misc\117e69843f66__aggregate_benchmark.py,aggregate_benchmark.py,14386,2026-04-10T17:16:29,metric;metrics,input,analyze;analyzer;model,.write(;json.dump;open(,,False
high_confidence_log_reasoners,misc,21,C:\Users\mydyi\.codex\.tmp\plugins\plugins\life-science-research\skills\efo-ontology-skill\scripts\rest_request.py,H:\AnchorWorks_reasoning_toolbox_pull_list\Machine_Log_Reasoners_CURATED_20260515_190413\files\high_confidence_log_reasoners\misc\37a73866a234__rest_request.py,rest_request.py,11019,2026-05-15T17:19:52,log;session,input;network;system,infer,.write(;json.dump,,False
high_confidence_log_reasoners,misc,21,C:\Users\mydyi\.codex\.tmp\plugins\plugins\life-science-research\skills\gwas-catalog-skill\scripts\rest_request.py,H:\AnchorWorks_reasoning_toolbox_pull_list\Machine_Log_Reasoners_CURATED_20260515_190413\files\high_confidence_log_reasoners\misc\6e59b83688e3__rest_request.py,rest_request.py,11019,2026-05-15T17:19:52,log;session,input;network;system,infer,.write(;json.dump,,False
high_confidence_log_reasoners,misc,21,C:\Users\mydyi\.codex\skills\.system\skill-creator\scripts\init_skill.py,H:\AnchorWorks_reasoning_toolbox_pull_list\Machine_Log_Reasoners_CURATED_20260515_190413\files\high_confidence_log_reasoners\misc\d9be4b7880b0__init_skill.py,init_skill.py,15002,2026-05-15T17:22:55,log;perf,process;system;trigger,decision;pattern,.csv,,False
high_confidence_log_reasoners,misc,21,F:\New folder\chatgpt_adapter.py,H:\AnchorWorks_reasoning_toolbox_pull_list\Machine_Log_Reasoners_CURATED_20260515_190413\files\high_confidence_log_reasoners\misc\fcbdccb4249f__chatgpt_adapter.py,chatgpt_adapter.py,13374,2026-02-06T06:57:13,event;history,process,model;pattern,.jsonl;.write(;json.dump;open(,,False
high_confidence_log_reasoners,misc,21,F:\New folder\edge_entry_v2.py,H:\AnchorWorks_reasoning_toolbox_pull_list\Machine_Log_Reasoners_CURATED_20260515_190413\files\high_confidence_log_reasoners\misc\0c86a4a4770d__edge_entry_v2.py,edge_entry_v2.py,11318,2026-02-06T06:57:18,metric;metrics,input,analyze;classif;detector;score,.jsonl;open(,,False
high_confidence_log_reasoners,misc,20,C:\Users\mydyi\.claude\plugins\marketplaces\claude-plugins-official\plugins\skill-creator\skills\skill-creator\scripts\generate_report.py,H:\AnchorWorks_reasoning_toolbox_pull_list\Machine_Log_Reasoners_CURATED_20260515_190413\files\high_confidence_log_reasoners\misc\419c87b793cf__generate_report.py,generate_report.py,12847,2026-04-10T17:16:29,history;perf;performance;watch,input;trigger,score,,,False
high_confidence_log_reasoners,misc,20,C:\Users\mydyi\.codex\.tmp\plugins\plugins\hugging-face\skills\community-evals\scripts\inspect_eval_uv.py,H:\AnchorWorks_reasoning_toolbox_pull_list\Machine_Log_Reasoners_CURATED_20260515_190413\files\high_confidence_log_reasoners\misc\001d40a9543c__inspect_eval_uv.py,inspect_eval_uv.py,3108,2026-05-15T17:19:52,log;stream,process;subprocess,evaluate;infer;inference;model,,,False
high_confidence_log_reasoners,misc,20,C:\Users\mydyi\.codex\.tmp\plugins\plugins\life-science-research\skills\ncbi-blast-skill\scripts\ncbi_blast.py,H:\AnchorWorks_reasoning_toolbox_pull_list\Machine_Log_Reasoners_CURATED_20260515_190413\files\high_confidence_log_reasoners\misc\160519648b3c__ncbi_blast.py,ncbi_blast.py,26854,2026-05-15T17:19:52,session,input;network;system,score;summarize,.write(;json.dump,,False
high_confidence_log_reasoners,misc,20,C:\Users\mydyi\OneDrive\Documents\Desktop\help_system\ui_analyzer.py,H:\AnchorWorks_reasoning_toolbox_pull_list\Machine_Log_Reasoners_CURATED_20260515_190413\files\high_confidence_log_reasoners\misc\e4f7b51df7fd__ui_analyzer.py,ui_analyzer.py,17617,2026-03-16T17:48:46,,input;system,analyze;analyzer;classif;infer;model,.write(;open(,,False
high_confidence_log_reasoners,misc,20,F:\New folder\global_scanner.py,H:\AnchorWorks_reasoning_toolbox_pull_list\Machine_Log_Reasoners_CURATED_20260515_190413\files\high_confidence_log_reasoners\misc\9965b47bfcd6__global_scanner.py,global_scanner.py,7522,2026-02-06T06:57:16,log;perf,input;system,analyse;analyze;pattern,.log,,False
high_confidence_log_reasoners,misc,20,F:\New folder\hit_registration.py,H:\AnchorWorks_reasoning_toolbox_pull_list\Machine_Log_Reasoners_CURATED_20260515_190413\files\high_confidence_log_reasoners\misc\37cd59c19a80__hit_registration.py,hit_registration.py,9993,2026-02-06T06:57:18,metric;metrics;observe,input,analyze;detector;pattern,open(,,False
high_confidence_log_reasoners,misc,20,F:\Sovereign Data Cognition Engine MVP Build Path Overview\anchor_module.py,H:\AnchorWorks_reasoning_toolbox_pull_list\Machine_Log_Reasoners_CURATED_20260515_190413\files\high_confidence_log_reasoners\misc\9372becc15a3__anchor_module.py,anchor_module.py,32056,2025-06-08T17:52:22,metric;metrics,input;process,analyze;pattern;predict;score,,,False
high_confidence_log_reasoners,misc,20,H:\help_system\ui_analyzer.py,H:\AnchorWorks_reasoning_toolbox_pull_list\Machine_Log_Reasoners_CURATED_20260515_190413\files\high_confidence_log_reasoners\misc\fc5908010e60__ui_analyzer.py,ui_analyzer.py,17617,2026-03-16T17:48:48,,input;system,analyze;analyzer;classif;infer;model,.write(;open(,,False
high_confidence_log_reasoners,misc,19,C:\Users\mydyi\.claude\plugins\marketplaces\claude-plugins-official\plugins\hookify\core\rule_engine.py,H:\AnchorWorks_reasoning_toolbox_pull_list\Machine_Log_Reasoners_CURATED_20260515_190413\files\high_confidence_log_reasoners\misc\622b6af7cee6__rule_engine.py,rule_engine.py,10711,2026-04-10T17:16:29,event,input;system,decision;evaluate;pattern;reason,open(,,False
high_confidence_log_reasoners,misc,19,C:\Users\mydyi\.codex\.tmp\plugins\.agents\skills\plugin-creator\scripts\create_basic_plugin.py,H:\AnchorWorks_reasoning_toolbox_pull_list\Machine_Log_Reasoners_CURATED_20260515_190413\files\high_confidence_log_reasoners\misc\496db5243ef3__create_basic_plugin.py,create_basic_plugin.py,10761,2026-05-15T17:19:48,log,screenshot,summarize,.write(;json.dump;open(,screenshot,False
high_confidence_log_reasoners,misc,19,C:\Users\mydyi\.codex\.tmp\plugins\plugins\hugging-face\skills\paper-publisher\scripts\paper_manager.py,H:\AnchorWorks_reasoning_toolbox_pull_list\Machine_Log_Reasoners_CURATED_20260515_190413\files\high_confidence_log_reasoners\misc\111881db9d71__paper_manager.py,paper_manager.py,22532,2026-05-15T17:19:52,event;journal,trigger,model;pattern,.write(;json.dump;open(,,False
high_confidence_log_reasoners,misc,19,F:\New folder\forge_service.py,H:\AnchorWorks_reasoning_toolbox_pull_list\Machine_Log_Reasoners_CURATED_20260515_190413\files\high_confidence_log_reasoners\misc\d59708c0128d__forge_service.py,forge_service.py,3659,2026-02-06T06:57:15,pulse,keyboard;memory;process;socket,pattern,open(,,False
high_confidence_log_reasoners,misc,18,C:\Users\mydyi\.codex\.tmp\plugins\plugins\life-science-research\skills\alphafold-skill\scripts\rest_request.py,H:\AnchorWorks_reasoning_toolbox_pull_list\Machine_Log_Reasoners_CURATED_20260515_190413\files\high_confidence_log_reasoners\misc\f3f2d78fb86a__rest_request.py,rest_request.py,11019,2026-05-15T17:19:52,session,input;network;system,infer,.write(;json.dump,,False
high_confidence_log_reasoners,misc,18,C:\Users\mydyi\.codex\.tmp\plugins\plugins\life-science-research\skills\bindingdb-skill\scripts\rest_request.py,H:\AnchorWorks_reasoning_toolbox_pull_list\Machine_Log_Reasoners_CURATED_20260515_190413\files\high_confidence_log_reasoners\misc\1fd7da025ea9__rest_request.py,rest_request.py,11019,2026-05-15T17:19:52,session,input;network;system,infer,.write(;json.dump,,False
high_confidence_log_reasoners,misc,18,C:\Users\mydyi\.codex\.tmp\plugins\plugins\life-science-research\skills\biorxiv-skill\scripts\rest_request.py,H:\AnchorWorks_reasoning_toolbox_pull_list\Machine_Log_Reasoners_CURATED_20260515_190413\files\high_confidence_log_reasoners\misc\843de41e0174__rest_request.py,rest_request.py,11019,2026-05-15T17:19:52,session,input;network;system,infer,.write(;json.dump,,False
high_confidence_log_reasoners,misc,18,C:\Users\mydyi\.codex\.tmp\plugins\plugins\life-science-research\skills\biostudies-arrayexpress-skill\scripts\rest_request.py,H:\AnchorWorks_reasoning_toolbox_pull_list\Machine_Log_Reasoners_CURATED_20260515_190413\files\high_confidence_log_reasoners\misc\5007851b2006__rest_request.py,rest_request.py,11019,2026-05-15T17:19:52,session,input;network;system,infer,.write(;json.dump,,False
high_confidence_log_reasoners,misc,18,C:\Users\mydyi\.codex\.tmp\plugins\plugins\life-science-research\skills\cbioportal-skill\scripts\rest_request.py,H:\AnchorWorks_reasoning_toolbox_pull_list\Machine_Log_Reasoners_CURATED_20260515_190413\files\high_confidence_log_reasoners\misc\81163e3665f9__rest_request.py,rest_request.py,11019,2026-05-15T17:19:52,session,input;network;system,infer,.write(;json.dump,,False
high_confidence_log_reasoners,misc,18,C:\Users\mydyi\.codex\.tmp\plugins\plugins\life-science-research\skills\cellxgene-skill\scripts\rest_request.py,H:\AnchorWorks_reasoning_toolbox_pull_list\Machine_Log_Reasoners_CURATED_20260515_190413\files\high_confidence_log_reasoners\misc\ad404c8514c3__rest_request.py,rest_request.py,11019,2026-05-15T17:19:52,session,input;network;system,infer,.write(;json.dump,,False
high_confidence_log_reasoners,misc,18,C:\Users\mydyi\.codex\.tmp\plugins\plugins\life-science-research\skills\chebi-skill\scripts\rest_request.py,H:\AnchorWorks_reasoning_toolbox_pull_list\Machine_Log_Reasoners_CURATED_20260515_190413\files\high_confidence_log_reasoners\misc\f6eec916c716__rest_request.py,rest_request.py,11019,2026-05-15T17:19:52,session,input;network;system,infer,.write(;json.dump,,False
high_confidence_log_reasoners,misc,18,C:\Users\mydyi\.codex\.tmp\plugins\plugins\life-science-research\skills\chembl-skill\scripts\rest_request.py,H:\AnchorWorks_reasoning_toolbox_pull_list\Machine_Log_Reasoners_CURATED_20260515_190413\files\high_confidence_log_reasoners\misc\84e434a8a880__rest_request.py,rest_request.py,11019,2026-05-15T17:19:52,session,input;network;system,infer,.write(;json.dump,,False
high_confidence_log_reasoners,misc,18,C:\Users\mydyi\.codex\.tmp\plugins\plugins\life-science-research\skills\encode-skill\scripts\rest_request.py,H:\AnchorWorks_reasoning_toolbox_pull_list\Machine_Log_Reasoners_CURATED_20260515_190413\files\high_confidence_log_reasoners\misc\cf431a393228__rest_request.py,rest_request.py,11019,2026-05-15T17:19:52,session,input;network;system,infer,.write(;json.dump,,False
high_confidence_log_reasoners,misc,18,C:\Users\mydyi\.codex\.tmp\plugins\plugins\life-science-research\skills\ensembl-skill\scripts\rest_request.py,H:\AnchorWorks_reasoning_toolbox_pull_list\Machine_Log_Reasoners_CURATED_20260515_190413\files\high_confidence_log_reasoners\misc\0b5d010110c2__rest_request.py,rest_request.py,11019,2026-05-15T17:19:52,session,input;network;system,infer,.write(;json.dump,,False
high_confidence_log_reasoners,misc,18,C:\Users\mydyi\.codex\.tmp\plugins\plugins\life-science-research\skills\epigraphdb-skill\scripts\rest_request.py,H:\AnchorWorks_reasoning_toolbox_pull_list\Machine_Log_Reasoners_CURATED_20260515_190413\files\high_confidence_log_reasoners\misc\49783f7b5375__rest_request.py,rest_request.py,11019,2026-05-15T17:19:52,session,input;network;system,infer,.write(;json.dump,,False
high_confidence_log_reasoners,misc,18,C:\Users\mydyi\.codex\.tmp\plugins\plugins\life-science-research\skills\eva-skill\scripts\rest_request.py,H:\AnchorWorks_reasoning_toolbox_pull_list\Machine_Log_Reasoners_CURATED_20260515_190413\files\high_confidence_log_reasoners\misc\b1914da75c2c__rest_request.py,rest_request.py,11019,2026-05-15T17:19:52,session,input;network;system,infer,.write(;json.dump,,False
high_confidence_log_reasoners,misc,18,C:\Users\mydyi\.codex\.tmp\plugins\plugins\life-science-research\skills\hmdb-skill\scripts\rest_request.py,H:\AnchorWorks_reasoning_toolbox_pull_list\Machine_Log_Reasoners_CURATED_20260515_190413\files\high_confidence_log_reasoners\misc\6891bf251d53__rest_request.py,rest_request.py,11019,2026-05-15T17:19:52,session,input;network;system,infer,.write(;json.dump,,False
high_confidence_log_reasoners,misc,18,C:\Users\mydyi\.codex\.tmp\plugins\plugins\life-science-research\skills\human-protein-atlas-skill\scripts\rest_request.py,H:\AnchorWorks_reasoning_toolbox_pull_list\Machine_Log_Reasoners_CURATED_20260515_190413\files\high_confidence_log_reasoners\misc\f0d5b415426c__rest_request.py,rest_request.py,11019,2026-05-15T17:19:52,session,input;network;system,infer,.write(;json.dump,,False
high_confidence_log_reasoners,misc,18,C:\Users\mydyi\.codex\.tmp\plugins\plugins\life-science-research\skills\ipd-skill\scripts\rest_request.py,H:\AnchorWorks_reasoning_toolbox_pull_list\Machine_Log_Reasoners_CURATED_20260515_190413\files\high_confidence_log_reasoners\misc\23a2303d99c5__rest_request.py,rest_request.py,11019,2026-05-15T17:19:52,session,input;network;system,infer,.write(;json.dump,,False
high_confidence_log_reasoners,misc,18,C:\Users\mydyi\.codex\.tmp\plugins\plugins\life-science-research\skills\metabolights-skill\scripts\rest_request.py,H:\AnchorWorks_reasoning_toolbox_pull_list\Machine_Log_Reasoners_CURATED_20260515_190413\files\high_confidence_log_reasoners\misc\7f4c353d6849__rest_request.py,rest_request.py,11019,2026-05-15T17:19:52,session,input;network;system,infer,.write(;json.dump,,False
high_confidence_log_reasoners,misc,18,C:\Users\mydyi\.codex\.tmp\plugins\plugins\life-science-research\skills\mgnify-skill\scripts\rest_request.py,H:\AnchorWorks_reasoning_toolbox_pull_list\Machine_Log_Reasoners_CURATED_20260515_190413\files\high_confidence_log_reasoners\misc\6e05e573b64b__rest_request.py,rest_request.py,11019,2026-05-15T17:19:52,session,input;network;system,infer,.write(;json.dump,,False
high_confidence_log_reasoners,misc,18,C:\Users\mydyi\.codex\.tmp\plugins\plugins\life-science-research\skills\pharmgkb-skill\scripts\rest_request.py,H:\AnchorWorks_reasoning_toolbox_pull_list\Machine_Log_Reasoners_CURATED_20260515_190413\files\high_confidence_log_reasoners\misc\b2b05933c358__rest_request.py,rest_request.py,11019,2026-05-15T17:19:52,session,input;network;system,infer,.write(;json.dump,,False
high_confidence_log_reasoners,misc,18,C:\Users\mydyi\.codex\.tmp\plugins\plugins\life-science-research\skills\pride-skill\scripts\rest_request.py,H:\AnchorWorks_reasoning_toolbox_pull_list\Machine_Log_Reasoners_CURATED_20260515_190413\files\high_confidence_log_reasoners\misc\42e2ef4605b7__rest_request.py,rest_request.py,11019,2026-05-15T17:19:52,session,input;network;system,infer,.write(;json.dump,,False
high_confidence_log_reasoners,misc,18,C:\Users\mydyi\.codex\.tmp\plugins\plugins\life-science-research\skills\proteomexchange-skill\scripts\rest_request.py,H:\AnchorWorks_reasoning_toolbox_pull_list\Machine_Log_Reasoners_CURATED_20260515_190413\files\high_confidence_log_reasoners\misc\a31cc73bda9f__rest_request.py,rest_request.py,11019,2026-05-15T17:19:52,session,input;network;system,infer,.write(;json.dump,,False
high_confidence_log_reasoners,misc,18,C:\Users\mydyi\.codex\.tmp\plugins\plugins\life-science-research\skills\pubchem-pug-skill\scripts\rest_request.py,H:\AnchorWorks_reasoning_toolbox_pull_list\Machine_Log_Reasoners_CURATED_20260515_190413\files\high_confidence_log_reasoners\misc\c60d55e065a1__rest_request.py,rest_request.py,11019,2026-05-15T17:19:52,session,input;network;system,infer,.write(;json.dump,,False
high_confidence_log_reasoners,misc,18,C:\Users\mydyi\.codex\.tmp\plugins\plugins\life-science-research\skills\quickgo-skill\scripts\rest_request.py,H:\AnchorWorks_reasoning_toolbox_pull_list\Machine_Log_Reasoners_CURATED_20260515_190413\files\high_confidence_log_reasoners\misc\549636852395__rest_request.py,rest_request.py,11019,2026-05-15T17:19:52,session,input;network;system,infer,.write(;json.dump,,False
high_confidence_log_reasoners,misc,18,C:\Users\mydyi\.codex\.tmp\plugins\plugins\life-science-research\skills\rcsb-pdb-skill\scripts\rest_request.py,H:\AnchorWorks_reasoning_toolbox_pull_list\Machine_Log_Reasoners_CURATED_20260515_190413\files\high_confidence_log_reasoners\misc\49fd93e65a67__rest_request.py,rest_request.py,11019,2026-05-15T17:19:52,session,input;network;system,infer,.write(;json.dump,,False
high_confidence_log_reasoners,misc,18,C:\Users\mydyi\.codex\.tmp\plugins\plugins\life-science-research\skills\reactome-skill\scripts\rest_request.py,H:\AnchorWorks_reasoning_toolbox_pull_list\Machine_Log_Reasoners_CURATED_20260515_190413\files\high_confidence_log_reasoners\misc\757c69f33155__rest_request.py,rest_request.py,11019,2026-05-15T17:19:52,session,input;network;system,infer,.write(;json.dump,,False
high_confidence_log_reasoners,misc,18,C:\Users\mydyi\.codex\.tmp\plugins\plugins\life-science-research\skills\rhea-skill\scripts\rest_request.py,H:\AnchorWorks_reasoning_toolbox_pull_list\Machine_Log_Reasoners_CURATED_20260515_190413\files\high_confidence_log_reasoners\misc\789732cc379e__rest_request.py,rest_request.py,11019,2026-05-15T17:19:52,session,input;network;system,infer,.write(;json.dump,,False
high_confidence_log_reasoners,misc,18,C:\Users\mydyi\.codex\.tmp\plugins\plugins\life-science-research\skills\rnacentral-skill\scripts\rest_request.py,H:\AnchorWorks_reasoning_toolbox_pull_list\Machine_Log_Reasoners_CURATED_20260515_190413\files\high_confidence_log_reasoners\misc\40067ef3138c__rest_request.py,rest_request.py,11019,2026-05-15T17:19:52,session,input;network;system,infer,.write(;json.dump,,False
high_confidence_log_reasoners,misc,18,C:\Users\mydyi\.codex\.tmp\plugins\plugins\life-science-research\skills\string-skill\scripts\rest_request.py,H:\AnchorWorks_reasoning_toolbox_pull_list\Machine_Log_Reasoners_CURATED_20260515_190413\files\high_confidence_log_reasoners\misc\2c32e8bb2b33__rest_request.py,rest_request.py,11019,2026-05-15T17:19:52,session,input;network;system,infer,.write(;json.dump,,False
high_confidence_log_reasoners,misc,18,C:\Users\mydyi\.codex\.tmp\plugins\plugins\life-science-research\skills\uniprot-skill\scripts\rest_request.py,H:\AnchorWorks_reasoning_toolbox_pull_list\Machine_Log_Reasoners_CURATED_20260515_190413\files\high_confidence_log_reasoners\misc\bc8a8aee3328__rest_request.py,rest_request.py,11019,2026-05-15T17:19:53,session,input;network;system,infer,.write(;json.dump,,False
high_confidence_log_reasoners,misc,18,F:\New folder\bloom_module.py,H:\AnchorWorks_reasoning_toolbox_pull_list\Machine_Log_Reasoners_CURATED_20260515_190413\files\high_confidence_log_reasoners\misc\8e30a0973928__bloom_module.py,bloom_module.py,16327,2026-02-06T06:57:16,metric;metrics,input;process,analyze;pattern;score,,,False
high_confidence_log_reasoners,misc,18,F:\New folder\eomm_compositor.py,H:\AnchorWorks_reasoning_toolbox_pull_list\Machine_Log_Reasoners_CURATED_20260515_190413\files\high_confidence_log_reasoners\misc\81fe6e5ed04a__eomm_compositor.py,eomm_compositor.py,4813,2026-02-06T06:57:18,event;session;telemetry,system,analyze;score,open(,,False
high_confidence_log_reasoners,misc,18,F:\New folder\main.py,H:\AnchorWorks_reasoning_toolbox_pull_list\Machine_Log_Reasoners_CURATED_20260515_190413\files\high_confidence_log_reasoners\misc\6f83e19250b4__main.py,main.py,4966,2026-02-06T06:57:13,session,memory;process;system,causal,json.dump;open(,,False
high_confidence_log_reasoners,misc,18,F:\Sovereign Data Cognition Engine MVP Build Path Overview\bloom_module.py,H:\AnchorWorks_reasoning_toolbox_pull_list\Machine_Log_Reasoners_CURATED_20260515_190413\files\high_confidence_log_reasoners\misc\0cf31cf99ab0__bloom_module.py,bloom_module.py,28427,2025-06-08T17:52:22,metric;metrics,input;process,analyze;pattern;score,,,False
high_confidence_log_reasoners,misc,18,F:\Sovereign Data Cognition Engine MVP Build Path Overview\enhanced_startup.py,H:\AnchorWorks_reasoning_toolbox_pull_list\Machine_Log_Reasoners_CURATED_20260515_190413\files\high_confidence_log_reasoners\misc\385827112632__enhanced_startup.py,enhanced_startup.py,20420,2025-06-08T17:52:22,perf,input;keyboard;process,pattern,.write(;open(,,False
high_confidence_log_reasoners,misc,18,F:\Sovereign Data Cognition Engine MVP Build Path Overview\interactive_startup.py,H:\AnchorWorks_reasoning_toolbox_pull_list\Machine_Log_Reasoners_CURATED_20260515_190413\files\high_confidence_log_reasoners\misc\ef44ada90809__interactive_startup.py,interactive_startup.py,10450,2025-06-08T17:52:22,perf,input;keyboard;process,pattern,.write(;open(,,False
high_confidence_log_reasoners,misc,17,C:\Users\mydyi\.claude\plugins\marketplaces\claude-plugins-official\plugins\skill-creator\skills\skill-creator\scripts\improve_description.py,H:\AnchorWorks_reasoning_toolbox_pull_list\Machine_Log_Reasoners_CURATED_20260515_190413\files\high_confidence_log_reasoners\misc\a92c5cd5581f__improve_description.py,improve_description.py,10723,2026-04-10T17:16:29,history;log,trigger,model;reason;score,json.dump,,False
high_confidence_log_reasoners,misc,17,C:\Users\mydyi\.codex\.tmp\plugins\plugins\build-ios-apps\skills\ios-memgraph-leaks\scripts\summarize_memgraph_leaks.py,H:\AnchorWorks_reasoning_toolbox_pull_list\Machine_Log_Reasoners_CURATED_20260515_190413\files\high_confidence_log_reasoners\misc\8efd86936337__summarize_memgraph_leaks.py,summarize_memgraph_leaks.py,5928,2026-05-15T17:19:49,capture;trace,process;subprocess;system,summarize,,,False
high_confidence_log_reasoners,misc,17,F:\New folder\hit_registration_v2.py,H:\AnchorWorks_reasoning_toolbox_pull_list\Machine_Log_Reasoners_CURATED_20260515_190413\files\high_confidence_log_reasoners\misc\c8b405a68372__hit_registration_v2.py,hit_registration_v2.py,10477,2026-02-06T06:57:18,metric;metrics,input,analyze;detector,.jsonl;open(,,False
high_confidence_log_reasoners,misc,17,F:\Role-Based Access Control with Encryption and JWT\binary_cell.py,H:\AnchorWorks_reasoning_toolbox_pull_list\Machine_Log_Reasoners_CURATED_20260515_190413\files\high_confidence_log_reasoners\misc\99edd628301a__binary_cell.py,binary_cell.py,8127,2025-03-22T17:13:48,log,memory;network;process;system,model,,,False
high_confidence_log_reasoners,misc,17,F:\Sovereign Data Cognition Engine MVP Build Path Overview\target_system.py,H:\AnchorWorks_reasoning_toolbox_pull_list\Machine_Log_Reasoners_CURATED_20260515_190413\files\high_confidence_log_reasoners\misc\14bc87031b31__target_system.py,target_system.py,18434,2025-06-08T17:52:22,,memory;process;system,pattern;score,json.dump;open(,,False
high_confidence_log_reasoners,misc,16,C:\Users\mydyi\.claude\plugins\marketplaces\claude-plugins-official\plugins\hookify\hooks\pretooluse.py,H:\AnchorWorks_reasoning_toolbox_pull_list\Machine_Log_Reasoners_CURATED_20260515_190413\files\high_confidence_log_reasoners\misc\b60af3e455b7__pretooluse.py,pretooluse.py,1852,2026-04-10T17:16:29,event;log,input;system,evaluate,json.dump,,False
high_confidence_log_reasoners,misc,16,C:\Users\mydyi\.codex\.tmp\plugins\plugins\hugging-face\skills\llm-trainer\scripts\convert_to_gguf.py,H:\AnchorWorks_reasoning_toolbox_pull_list\Machine_Log_Reasoners_CURATED_20260515_190413\files\high_confidence_log_reasoners\misc\9fbd575fb2e4__convert_to_gguf.py,convert_to_gguf.py,13036,2026-05-15T17:19:52,capture,process;subprocess;system,causal;model,,,False
high_confidence_log_reasoners,misc,16,F:\New folder\frame_to_grid.py,H:\AnchorWorks_reasoning_toolbox_pull_list\Machine_Log_Reasoners_CURATED_20260515_190413\files\high_confidence_log_reasoners\misc\59693e5aa23c__frame_to_grid.py,frame_to_grid.py,2720,2026-02-06T06:57:20,capture;sensor,mss;system,reason;reasoning,,,False
high_confidence_log_reasoners,misc,16,F:\New folder\telemetry_sender.py,H:\AnchorWorks_reasoning_toolbox_pull_list\Machine_Log_Reasoners_CURATED_20260515_190413\files\high_confidence_log_reasoners\misc\2972187bd9ce__telemetry_sender.py,telemetry_sender.py,2865,2026-02-06T06:57:17,metric;metrics;telemetry,socket,analyze,json.dump,,False
high_confidence_log_reasoners,misc,16,H:\forest_node\api\router.py,H:\AnchorWorks_reasoning_toolbox_pull_list\Machine_Log_Reasoners_CURATED_20260515_190413\files\high_confidence_log_reasoners\misc\3558e24c36d2__router.py,router.py,6136,2026-02-17T14:48:38,log;logger;logging,network,model,logging.,,False
high_confidence_log_reasoners,misc,15,C:\Users\mydyi\.codex\.tmp\plugins\plugins\google-calendar\skills\google-calendar-daily-brief\scripts\render_day_brief.py,H:\AnchorWorks_reasoning_toolbox_pull_list\Machine_Log_Reasoners_CURATED_20260515_190413\files\high_confidence_log_reasoners\misc\729b66ab96a9__render_day_brief.py,render_day_brief.py,20915,2026-05-15T17:19:51,event,input;system,summarize,.write(;open(,,False
high_confidence_log_reasoners,misc,15,C:\Users\mydyi\.codex\.tmp\plugins\plugins\life-science-research\skills\ncbi-datasets-skill\scripts\ncbi_datasets.py,H:\AnchorWorks_reasoning_toolbox_pull_list\Machine_Log_Reasoners_CURATED_20260515_190413\files\high_confidence_log_reasoners\misc\67eae39bcf5f__ncbi_datasets.py,ncbi_datasets.py,8618,2026-05-15T17:19:52,,input;network;system,infer,.write(;json.dump,,False
high_confidence_log_reasoners,misc,15,C:\Users\mydyi\.codex\.tmp\plugins\plugins\life-science-research\skills\ncbi-entrez-skill\scripts\ncbi_entrez.py,H:\AnchorWorks_reasoning_toolbox_pull_list\Machine_Log_Reasoners_CURATED_20260515_190413\files\high_confidence_log_reasoners\misc\db2f6bec9c3e__ncbi_entrez.py,ncbi_entrez.py,11130,2026-05-15T17:19:52,,input;network;system,infer,.write(;json.dump,,False
high_confidence_log_reasoners,misc,15,C:\Users\mydyi\.codex\.tmp\plugins\plugins\life-science-research\skills\ncbi-pmc-skill\scripts\ncbi_pmc.py,H:\AnchorWorks_reasoning_toolbox_pull_list\Machine_Log_Reasoners_CURATED_20260515_190413\files\high_confidence_log_reasoners\misc\02db21729fbf__ncbi_pmc.py,ncbi_pmc.py,9011,2026-05-15T17:19:52,,input;network;system,infer,.write(;json.dump,,False
high_confidence_log_reasoners,misc,15,C:\Users\mydyi\.codex\.tmp\plugins\plugins\life-science-research\skills\opentargets-skill\scripts\opentargets_disease_heatmap.py,H:\AnchorWorks_reasoning_toolbox_pull_list\Machine_Log_Reasoners_CURATED_20260515_190413\files\high_confidence_log_reasoners\misc\1c9b68ab48d1__opentargets_disease_heatmap.py,opentargets_disease_heatmap.py,12448,2026-05-15T17:19:52,,input;network;system,score,.write(;json.dump,,False
high_confidence_log_reasoners,misc,15,C:\Users\mydyi\.codex\.tmp\plugins\plugins\sentry\skills\sentry\scripts\sentry_api.py,H:\AnchorWorks_reasoning_toolbox_pull_list\Machine_Log_Reasoners_CURATED_20260515_190413\files\high_confidence_log_reasoners\misc\82f38e78bfb3__sentry_api.py,sentry_api.py,8110,2026-05-15T17:19:58,event;trace,network,reason,json.dump;open(,,False
high_confidence_log_reasoners,misc,15,C:\Users\mydyi\.codex\skills\.system\imagegen\scripts\image_gen.py,H:\AnchorWorks_reasoning_toolbox_pull_list\Machine_Log_Reasoners_CURATED_20260515_190413\files\high_confidence_log_reasoners\misc\7194cbf7787a__image_gen.py,image_gen.py,35266,2026-05-15T17:22:55,,input;process;system,model,json.dump;open(,,False
high_confidence_log_reasoners,misc,15,F:\New folder\crosshair_lock_simple.py,H:\AnchorWorks_reasoning_toolbox_pull_list\Machine_Log_Reasoners_CURATED_20260515_190413\files\high_confidence_log_reasoners\misc\54c240baaf02__crosshair_lock_simple.py,crosshair_lock_simple.py,10628,2026-02-06T06:57:12,metric;metrics,input,analyze;detector,open(,,False
high_confidence_log_reasoners,misc,14,C:\Users\mydyi\.codex\.tmp\plugins\plugins\hugging-face\skills\llm-trainer\scripts\dataset_inspector.py,H:\AnchorWorks_reasoning_toolbox_pull_list\Machine_Log_Reasoners_CURATED_20260515_190413\files\high_confidence_log_reasoners\misc\8d02a677e04d__dataset_inspector.py,dataset_inspector.py,16099,2026-05-15T17:19:52,,input;keyboard,pattern;reason,json.dump;open(,,False
high_confidence_log_reasoners,misc,14,F:\New folder\mandatory_prescan.py,H:\AnchorWorks_reasoning_toolbox_pull_list\Machine_Log_Reasoners_CURATED_20260515_190413\files\high_confidence_log_reasoners\misc\955a0c710551__mandatory_prescan.py,mandatory_prescan.py,3267,2026-02-06T06:57:16,perf;performance,process;system,analyze,,,False
high_confidence_log_reasoners,misc,14,F:\New folder\predictor.py,H:\AnchorWorks_reasoning_toolbox_pull_list\Machine_Log_Reasoners_CURATED_20260515_190413\files\high_confidence_log_reasoners\misc\2cb1fe48137f__predictor.py,predictor.py,3481,2026-02-06T06:57:13,event,input,causal;model;pattern;predict,,,False
high_confidence_log_reasoners,misc,14,F:\New folder\social_tracker.py,H:\AnchorWorks_reasoning_toolbox_pull_list\Machine_Log_Reasoners_CURATED_20260515_190413\files\high_confidence_log_reasoners\misc\f3e35f56f743__social_tracker.py,social_tracker.py,2718,2026-02-06T06:57:16,event;monitor;stream,input,causal,,,False
high_confidence_log_reasoners,misc,14,F:\New folder\subprocess_validation.py,H:\AnchorWorks_reasoning_toolbox_pull_list\Machine_Log_Reasoners_CURATED_20260515_190413\files\high_confidence_log_reasoners\misc\2b94bd43b5f6__subprocess_validation.py,subprocess_validation.py,5382,2026-02-06T06:57:15,event,process;subprocess;system,pattern,,,False
high_confidence_log_reasoners,misc,13,C:\Users\mydyi\.claude\plugins\marketplaces\claude-plugins-official\plugins\hookify\hooks\posttooluse.py,H:\AnchorWorks_reasoning_toolbox_pull_list\Machine_Log_Reasoners_CURATED_20260515_190413\files\high_confidence_log_reasoners\misc\953c8c898112__posttooluse.py,posttooluse.py,1622,2026-04-10T17:16:29,event,input;system,evaluate,json.dump,,False
high_confidence_log_reasoners,misc,13,C:\Users\mydyi\.claude\plugins\marketplaces\claude-plugins-official\plugins\hookify\hooks\stop.py,H:\AnchorWorks_reasoning_toolbox_pull_list\Machine_Log_Reasoners_CURATED_20260515_190413\files\high_confidence_log_reasoners\misc\667b04b044f8__stop.py,stop.py,1403,2026-04-10T17:16:29,event,input;system,evaluate,json.dump,,False
high_confidence_log_reasoners,misc,13,C:\Users\mydyi\.claude\plugins\marketplaces\claude-plugins-official\plugins\hookify\hooks\userpromptsubmit.py,H:\AnchorWorks_reasoning_toolbox_pull_list\Machine_Log_Reasoners_CURATED_20260515_190413\files\high_confidence_log_reasoners\misc\2ab08babd4a1__userpromptsubmit.py,userpromptsubmit.py,1389,2026-04-10T17:16:29,event,input;system,evaluate,json.dump,,False
high_confidence_log_reasoners,misc,13,C:\Users\mydyi\.codex\.tmp\plugins\plugins\life-science-research\skills\ncbi-blast-skill\scripts\test_ncbi_blast.py,H:\AnchorWorks_reasoning_toolbox_pull_list\Machine_Log_Reasoners_CURATED_20260515_190413\files\high_confidence_log_reasoners\misc\a3d5416ee198__test_ncbi_blast.py,test_ncbi_blast.py,17333,2026-05-15T17:19:52,session;stream,input,score,json.dump,,False
high_confidence_log_reasoners,misc,12,C:\Users\mydyi\.codex\.tmp\plugins\plugins\test-android-apps\skills\android-emulator-qa\scripts\ui_tree_summarize.py,H:\AnchorWorks_reasoning_toolbox_pull_list\Machine_Log_Reasoners_CURATED_20260515_190413\files\high_confidence_log_reasoners\misc\8e83094cd972__ui_tree_summarize.py,ui_tree_summarize.py,3442,2026-05-15T17:19:58,,input;system,summarize,.write(;open(,,False
high_confidence_log_reasoners,misc,12,E:\SecureCore-Agent-Library-main\SecureCore-Agent-Library-main\build_csv.py,H:\AnchorWorks_reasoning_toolbox_pull_list\Machine_Log_Reasoners_CURATED_20260515_190413\files\high_confidence_log_reasoners\misc\a8b0c6075c50__build_csv.py,build_csv.py,5387,2026-04-09T18:42:30,,input;process,pattern,.csv;open(,,False
high_confidence_log_reasoners,misc,12,F:\contract_extraction\build_csv.py,H:\AnchorWorks_reasoning_toolbox_pull_list\Machine_Log_Reasoners_CURATED_20260515_190413\files\high_confidence_log_reasoners\misc\3a6e9d8bc82e__build_csv.py,build_csv.py,5387,2026-04-02T07:09:58,,input;process,pattern,.csv;open(,,False
high_confidence_log_reasoners,misc,12,F:\DESKTOP PYTHON 6_17_25\lexicon_files\lexicon_files\txtwrdbuilder.py,H:\AnchorWorks_reasoning_toolbox_pull_list\Machine_Log_Reasoners_CURATED_20260515_190413\files\high_confidence_log_reasoners\misc\f9a008a2c849__txtwrdbuilder.py,txtwrdbuilder.py,3442,2025-05-25T12:24:05,,input;process,model,.write(;open(,,False
high_confidence_log_reasoners,misc,12,F:\DESKTOP PYTHON 6_17_25\lexicon_files\lexicon_files\WordScraper.py,H:\AnchorWorks_reasoning_toolbox_pull_list\Machine_Log_Reasoners_CURATED_20260515_190413\files\high_confidence_log_reasoners\misc\2c4e142ae3a7__WordScraper.py,WordScraper.py,2157,2025-05-25T12:24:05,,input;process,model;predict,open(,,False
high_confidence_log_reasoners,misc,12,F:\New folder\event_mapper.py,H:\AnchorWorks_reasoning_toolbox_pull_list\Machine_Log_Reasoners_CURATED_20260515_190413\files\high_confidence_log_reasoners\misc\e8417c2ee564__event_mapper.py,event_mapper.py,4887,2026-02-06T06:57:16,event,input,causal;pattern;score,,,False
high_confidence_log_reasoners,misc,11,F:\New folder\agharmonic_law_orchestrator.py,H:\AnchorWorks_reasoning_toolbox_pull_list\Machine_Log_Reasoners_CURATED_20260515_190413\files\high_confidence_log_reasoners\misc\e49f6fc3079a__agharmonic_law_orchestrator.py,agharmonic_law_orchestrator.py,2553,2026-02-06T06:57:14,trace,input;process,score,,,False
high_confidence_log_reasoners,misc,10,C:\Users\mydyi\.codex\.tmp\plugins\plugins\atlassian-rovo\skills\generate-status-report\scripts\jql_builder.py,H:\AnchorWorks_reasoning_toolbox_pull_list\Machine_Log_Reasoners_CURATED_20260515_190413\files\high_confidence_log_reasoners\misc\6619e52c80af__jql_builder.py,jql_builder.py,6821,2026-05-15T17:19:49,event,input,pattern;score,,,False
high_confidence_log_reasoners,misc,9,F:\New folder\chrm_core.py,H:\AnchorWorks_reasoning_toolbox_pull_list\Machine_Log_Reasoners_CURATED_20260515_190413\files\high_confidence_log_reasoners\misc\3e3de107d921__chrm_core.py,chrm_core.py,5055,2026-02-06T06:57:13,,system,model,json.dump;open(,,False
high_confidence_log_reasoners,misc,9,F:\New folder\edge_entry.py,H:\AnchorWorks_reasoning_toolbox_pull_list\Machine_Log_Reasoners_CURATED_20260515_190413\files\high_confidence_log_reasoners\misc\0235e2190833__edge_entry.py,edge_entry.py,5351,2026-02-06T06:57:12,,input,classif;detector,open(,,False
high_confidence_log_reasoners,netlog,10,F:\DESKTOP PYTHON 6_17_25\NET_SECURITY\Csv 616 Netlog Parser.py,H:\AnchorWorks_reasoning_toolbox_pull_list\Machine_Log_Reasoners_CURATED_20260515_190413\files\high_confidence_log_reasoners\netlog\2b935d003e07__Csv 616 Netlog Parser.py,Csv 616 Netlog Parser.py,1866,2025-06-15T08:38:10,log,netstat,analyze,.csv,,False
high_confidence_log_reasoners,netlog,10,F:\DESKTOP PYTHON 6_17_25\NET_SECURITY\Netlog Context Parser.py,H:\AnchorWorks_reasoning_toolbox_pull_list\Machine_Log_Reasoners_CURATED_20260515_190413\files\high_confidence_log_reasoners\netlog\b1bc6b63aa49__Netlog Context Parser.py,Netlog Context Parser.py,1830,2025-06-15T13:36:05,log,process,summarize,.csv,,False
high_confidence_log_reasoners,reaper,78,F:\DESKTOP PYTHON 6_17_25\reaper-phase4-complete\reaper_phase4_preemptive_engine.py,H:\AnchorWorks_reasoning_toolbox_pull_list\Machine_Log_Reasoners_CURATED_20260515_190413\files\high_confidence_log_reasoners\reaper\2da285b03adc__reaper_phase4_preemptive_engine.py,reaper_phase4_preemptive_engine.py,43149,2025-06-16T08:46:34,activity;event;history;log;logger;logging;metric;metrics;monitor;perf;performance;watch,memory;network;process;system,analyze;analyzer;classif;evaluate;model;pattern;predict;reason;score,basicconfig;insert into;json.dump;logging.;open(;sqlite,,False
high_confidence_log_reasoners,reaper,72,F:\DESKTOP PYTHON 6_17_25\reaper-phase4-complete\reaper-engine\reaper_network_analyzer.py,H:\AnchorWorks_reasoning_toolbox_pull_list\Machine_Log_Reasoners_CURATED_20260515_190413\files\high_confidence_log_reasoners\reaper\0703845f3a7c__reaper_network_analyzer.py,reaper_network_analyzer.py,29354,2025-06-16T08:46:34,activity;event;log;logger;logging;metric;metrics;monitor;session,memory;movement;netstat;network;process;subprocess;system,analyze;analyzer;classif;pattern;score,.csv;basicconfig;csv.writer;insert into;logging.;open(;sqlite,,False
high_confidence_log_reasoners,reaper,71,F:\DESKTOP PYTHON 6_17_25\reaper-phase4-complete\reaper-engine\reaper_phase3_cognitive_execution.py,H:\AnchorWorks_reasoning_toolbox_pull_list\Machine_Log_Reasoners_CURATED_20260515_190413\files\high_confidence_log_reasoners\reaper\3e310dcd3634__reaper_phase3_cognitive_execution.py,reaper_phase3_cognitive_execution.py,57873,2025-06-16T08:46:34,activity;event;log;logger;logging;metric;metrics;monitor;perf;performance;session;watch,process;socket;system,analyze;correlat;decision;detector;pattern;reason;score,basicconfig;insert into;json.dump;logging.;open(;sqlite,,False
high_confidence_log_reasoners,reaper,71,F:\DESKTOP PYTHON 6_17_25\reaper-phase4-complete\reaper_phase3_cognitive_execution.py,H:\AnchorWorks_reasoning_toolbox_pull_list\Machine_Log_Reasoners_CURATED_20260515_190413\files\high_confidence_log_reasoners\reaper\628fdbc76547__reaper_phase3_cognitive_execution.py,reaper_phase3_cognitive_execution.py,57873,2025-06-16T08:46:34,activity;event;log;logger;logging;metric;metrics;monitor;perf;performance;session;watch,process;socket;system,analyze;correlat;decision;detector;pattern;reason;score,basicconfig;insert into;json.dump;logging.;open(;sqlite,,False
high_confidence_log_reasoners,reaper,68,F:\DESKTOP PYTHON 6_17_25\reaper-phase4-complete\reaper-engine\live_packet_capture.py,H:\AnchorWorks_reasoning_toolbox_pull_list\Machine_Log_Reasoners_CURATED_20260515_190413\files\high_confidence_log_reasoners\reaper\5f853eac7829__live_packet_capture.py,live_packet_capture.py,12035,2025-06-16T11:15:24,activity;capture;event;log;logger;logging;monitor,keyboard;netstat;network;packet;process;subprocess;system;tasklist,analyze;analyzer;classif;score,.csv;basicconfig;csv.writer;logging.;open(,packet capture,False
high_confidence_log_reasoners,reaper,61,F:\DESKTOP PYTHON 6_17_25\REAPER\reaper_financial_identity.py,H:\AnchorWorks_reasoning_toolbox_pull_list\Machine_Log_Reasoners_CURATED_20260515_190413\files\high_confidence_log_reasoners\reaper\444c3e422b04__reaper_financial_identity.py,reaper_financial_identity.py,46201,2025-06-16T06:40:34,activity;event;history;log;logger;logging;metric;metrics;monitor;perf,mouse;movement;process,analyze;analyzer;decision;insight;pattern;predict;reason;reasoning;score,logging.;sqlite,,False
high_confidence_log_reasoners,reaper,60,F:\DESKTOP PYTHON 6_17_25\reaper-phase4-complete\reaper-engine\reaper_cognitive_engine.py,H:\AnchorWorks_reasoning_toolbox_pull_list\Machine_Log_Reasoners_CURATED_20260515_190413\files\high_confidence_log_reasoners\reaper\570a6d199255__reaper_cognitive_engine.py,reaper_cognitive_engine.py,30044,2025-06-16T08:46:34,event;history;log;logger;logging;metric;metrics;perf;session;stream,packet;system,analyse;analyze;decision;pattern;predict;score,.log;basicconfig;filehandler;json.dump;logging.;sqlite,,False
high_confidence_log_reasoners,reaper,60,F:\DESKTOP PYTHON 6_17_25\reaper-phase4-complete\reaper_cognitive_engine.py,H:\AnchorWorks_reasoning_toolbox_pull_list\Machine_Log_Reasoners_CURATED_20260515_190413\files\high_confidence_log_reasoners\reaper\784a4750f6e9__reaper_cognitive_engine.py,reaper_cognitive_engine.py,30044,2025-06-16T08:46:34,event;history;log;logger;logging;metric;metrics;perf;session;stream,packet;system,analyse;analyze;decision;pattern;predict;score,.log;basicconfig;filehandler;json.dump;logging.;sqlite,,False
high_confidence_log_reasoners,reaper,60,F:\DESKTOP PYTHON 6_17_25\REAPER\reaper_cognitive_engine.py,H:\AnchorWorks_reasoning_toolbox_pull_list\Machine_Log_Reasoners_CURATED_20260515_190413\files\high_confidence_log_reasoners\reaper\7199459dfe81__reaper_cognitive_engine.py,reaper_cognitive_engine.py,30044,2025-06-16T06:38:15,event;history;log;logger;logging;metric;metrics;perf;session;stream,packet;system,analyse;analyze;decision;pattern;predict;score,.log;basicconfig;filehandler;json.dump;logging.;sqlite,,False
high_confidence_log_reasoners,reaper,60,H:\New folder\reaper_cognitive_engine.py,H:\AnchorWorks_reasoning_toolbox_pull_list\Machine_Log_Reasoners_CURATED_20260515_190413\files\high_confidence_log_reasoners\reaper\84c870630557__reaper_cognitive_engine.py,reaper_cognitive_engine.py,30044,2025-07-20T06:19:18,event;history;log;logger;logging;metric;metrics;perf;session;stream,packet;system,analyse;analyze;decision;pattern;predict;score,.log;basicconfig;filehandler;json.dump;logging.;sqlite,,False
high_confidence_log_reasoners,reaper,52,F:\DESKTOP PYTHON 6_17_25\reaper-phase4-complete\reaper_network_analyzer.py,H:\AnchorWorks_reasoning_toolbox_pull_list\Machine_Log_Reasoners_CURATED_20260515_190413\files\high_confidence_log_reasoners\reaper\91d8cb9bb4b8__reaper_network_analyzer.py,reaper_network_analyzer.py,26023,2025-06-16T09:35:38,event;log;logger;logging,memory;netstat;network;packet;process;system,analyze;analyzer;evaluate;pattern;score,.csv;basicconfig;insert into;json.dump;logging.;sqlite,,False
high_confidence_log_reasoners,reaper,41,F:\DESKTOP PYTHON 6_17_25\reaper-phase4-complete\reaper-engine\reaper_financial_identity.py,H:\AnchorWorks_reasoning_toolbox_pull_list\Machine_Log_Reasoners_CURATED_20260515_190413\files\high_confidence_log_reasoners\reaper\53fc9862cb1a__reaper_financial_identity.py,reaper_financial_identity.py,40369,2025-06-16T08:46:34,event;history;log;metric;metrics;monitor;perf,mouse;system,analyze;decision;pattern;score,insert into;json.dump;sqlite,,False
high_confidence_log_reasoners,reaper,41,F:\DESKTOP PYTHON 6_17_25\reaper-phase4-complete\reaper_financial_identity.py,H:\AnchorWorks_reasoning_toolbox_pull_list\Machine_Log_Reasoners_CURATED_20260515_190413\files\high_confidence_log_reasoners\reaper\49ded5c43688__reaper_financial_identity.py,reaper_financial_identity.py,40369,2025-06-16T08:46:34,event;history;log;metric;metrics;monitor;perf,mouse;system,analyze;decision;pattern;score,insert into;json.dump;sqlite,,False
high_confidence_log_reasoners,reaper,35,F:\DESKTOP PYTHON 6_17_25\reaper-phase4-complete\reaper-network-api\src\routes\network.py,H:\AnchorWorks_reasoning_toolbox_pull_list\Machine_Log_Reasoners_CURATED_20260515_190413\files\high_confidence_log_reasoners\reaper\f79fcb294063__network.py,network.py,13450,2025-06-16T08:46:34,event;monitor;session,memory;network;process;system,analyze;analyzer;classif;model;score,.write(;open(,,False
high_confidence_log_reasoners,reaper,22,F:\DESKTOP PYTHON 6_17_25\reaper-phase4-complete\reaper-engine\run_reaper_netstat.py,H:\AnchorWorks_reasoning_toolbox_pull_list\Machine_Log_Reasoners_CURATED_20260515_190413\files\high_confidence_log_reasoners\reaper\d958346929a5__run_reaper_netstat.py,run_reaper_netstat.py,3163,2025-06-16T11:15:24,event,netstat;network;process,analyze;analyzer;classif;score,.csv,,False
high_confidence_log_reasoners,reaper,21,F:\DESKTOP PYTHON 6_17_25\reaper-phase4-complete\REAPER CONTROL.py,H:\AnchorWorks_reasoning_toolbox_pull_list\Machine_Log_Reasoners_CURATED_20260515_190413\files\high_confidence_log_reasoners\reaper\ae1e03963334__REAPER CONTROL.py,REAPER CONTROL.py,1660,2025-06-18T14:45:06,monitor,keyboard;network;process;subprocess,analyze;analyzer,open(,,False
high_confidence_log_reasoners,reaper,18,F:\DESKTOP PYTHON 6_17_25\reaper-phase4-complete\reaper-network-api\src\models\network.py,H:\AnchorWorks_reasoning_toolbox_pull_list\Machine_Log_Reasoners_CURATED_20260515_190413\files\high_confidence_log_reasoners\reaper\6120f8847cb6__network.py,network.py,3765,2025-06-16T08:46:34,event,memory;network;process,classif;model;score,,,False
high_confidence_log_reasoners,reaper,8,F:\DESKTOP PYTHON 6_17_25\reaper-phase4-complete\reaper-network-api\src\routes\user.py,H:\AnchorWorks_reasoning_toolbox_pull_list\Machine_Log_Reasoners_CURATED_20260515_190413\files\high_confidence_log_reasoners\reaper\8012e3021111__user.py,user.py,1178,2025-06-16T08:46:34,session,network,model,,,False
high_confidence_log_reasoners,reaper,7,F:\DESKTOP PYTHON 6_17_25\reaper-phase4-complete\reaper-network-api\src\main.py,H:\AnchorWorks_reasoning_toolbox_pull_list\Machine_Log_Reasoners_CURATED_20260515_190413\files\high_confidence_log_reasoners\reaper\a711ca502224__main.py,main.py,1488,2025-06-16T08:46:34,,network,model,sqlite,,False
high_confidence_log_reasoners,sovereign_data_engine,36,C:\Users\mydyi\OneDrive\Documents\Desktop\sovereign-data-engine\main.py,H:\AnchorWorks_reasoning_toolbox_pull_list\Machine_Log_Reasoners_CURATED_20260515_190413\files\high_confidence_log_reasoners\sovereign_data_engine\c6b941bf3672__main.py,main.py,15027,2025-06-12T19:58:47,metric;metrics;perf;performance,cpu;input;keyboard;memory;process;system,pattern,.write(;open(,,False
high_confidence_log_reasoners,sovereign_data_engine,36,F:\sovereign-data-engine--copy\main.py,H:\AnchorWorks_reasoning_toolbox_pull_list\Machine_Log_Reasoners_CURATED_20260515_190413\files\high_confidence_log_reasoners\sovereign_data_engine\30e59784f450__main.py,main.py,14833,2025-06-18T19:18:56,metric;metrics;perf;performance,cpu;input;keyboard;memory;process;system,pattern,.write(;open(,,False
high_confidence_log_reasoners,sovereign_data_engine,36,F:\sovereign-data-engine\main.py,H:\AnchorWorks_reasoning_toolbox_pull_list\Machine_Log_Reasoners_CURATED_20260515_190413\files\high_confidence_log_reasoners\sovereign_data_engine\d0e8beed8b3a__main.py,main.py,15027,2025-06-12T19:58:47,metric;metrics;perf;performance,cpu;input;keyboard;memory;process;system,pattern,.write(;open(,,False
high_confidence_log_reasoners,sovereign_data_engine,26,C:\Users\mydyi\OneDrive\Documents\Desktop\sovereign-data-engine\scanner\global_scanner.py,H:\AnchorWorks_reasoning_toolbox_pull_list\Machine_Log_Reasoners_CURATED_20260515_190413\files\high_confidence_log_reasoners\sovereign_data_engine\b630063a3f39__global_scanner.py,global_scanner.py,12479,2025-06-08T06:23:35,log;perf,input;system,analyse;analyze;pattern;reason;reasoning;score,.log,,False
high_confidence_log_reasoners,sovereign_data_engine,26,F:\sovereign-data-engine--copy\scanner\global_scanner.py,H:\AnchorWorks_reasoning_toolbox_pull_list\Machine_Log_Reasoners_CURATED_20260515_190413\files\high_confidence_log_reasoners\sovereign_data_engine\7ae70d679447__global_scanner.py,global_scanner.py,12479,2025-06-08T06:23:34,log;perf,input;system,analyse;analyze;pattern;reason;reasoning;score,.log,,False
high_confidence_log_reasoners,sovereign_data_engine,26,F:\sovereign-data-engine\scanner\global_scanner.py,H:\AnchorWorks_reasoning_toolbox_pull_list\Machine_Log_Reasoners_CURATED_20260515_190413\files\high_confidence_log_reasoners\sovereign_data_engine\f51223c5e176__global_scanner.py,global_scanner.py,12479,2025-06-08T06:23:35,log;perf,input;system,analyse;analyze;pattern;reason;reasoning;score,.log,,False
high_confidence_log_reasoners,sovereign_data_engine,21,C:\Users\mydyi\OneDrive\Documents\Desktop\sovereign-data-engine\startup\enhanced_startup.py,H:\AnchorWorks_reasoning_toolbox_pull_list\Machine_Log_Reasoners_CURATED_20260515_190413\files\high_confidence_log_reasoners\sovereign_data_engine\e63e34a85622__enhanced_startup.py,enhanced_startup.py,22040,2025-06-09T15:42:49,perf;performance,input;keyboard;process,pattern,.write(;open(,,False
high_confidence_log_reasoners,sovereign_data_engine,21,F:\sovereign-data-engine--copy\startup\enhanced_startup.py,H:\AnchorWorks_reasoning_toolbox_pull_list\Machine_Log_Reasoners_CURATED_20260515_190413\files\high_confidence_log_reasoners\sovereign_data_engine\d1ae85ddf2d8__enhanced_startup.py,enhanced_startup.py,22040,2025-06-09T15:42:48,perf;performance,input;keyboard;process,pattern,.write(;open(,,False
high_confidence_log_reasoners,sovereign_data_engine,21,F:\sovereign-data-engine\startup\enhanced_startup.py,H:\AnchorWorks_reasoning_toolbox_pull_list\Machine_Log_Reasoners_CURATED_20260515_190413\files\high_confidence_log_reasoners\sovereign_data_engine\acc2e9b5145c__enhanced_startup.py,enhanced_startup.py,22040,2025-06-09T15:42:49,perf;performance,input;keyboard;process,pattern,.write(;open(,,False
high_confidence_log_reasoners,sovereign_data_engine,20,C:\Users\mydyi\OneDrive\Documents\Desktop\sovereign-data-engine\anchor\anchor_module.py,H:\AnchorWorks_reasoning_toolbox_pull_list\Machine_Log_Reasoners_CURATED_20260515_190413\files\high_confidence_log_reasoners\sovereign_data_engine\88f2d928afa2__anchor_module.py,anchor_module.py,32056,2025-06-08T06:33:38,metric;metrics,input;process,analyze;pattern;predict;score,,,False
high_confidence_log_reasoners,sovereign_data_engine,20,F:\sovereign-data-engine--copy\anchor\anchor_module.py,H:\AnchorWorks_reasoning_toolbox_pull_list\Machine_Log_Reasoners_CURATED_20260515_190413\files\high_confidence_log_reasoners\sovereign_data_engine\206568ef4c78__anchor_module.py,anchor_module.py,32056,2025-06-08T06:33:38,metric;metrics,input;process,analyze;pattern;predict;score,,,False
high_confidence_log_reasoners,sovereign_data_engine,20,F:\sovereign-data-engine\anchor\anchor_module.py,H:\AnchorWorks_reasoning_toolbox_pull_list\Machine_Log_Reasoners_CURATED_20260515_190413\files\high_confidence_log_reasoners\sovereign_data_engine\5cba2eb6a2dc__anchor_module.py,anchor_module.py,32056,2025-06-08T06:33:38,metric;metrics,input;process,analyze;pattern;predict;score,,,False
high_confidence_log_reasoners,sovereign_data_engine,18,C:\Users\mydyi\OneDrive\Documents\Desktop\sovereign-data-engine\bloom\bloom_module.py,H:\AnchorWorks_reasoning_toolbox_pull_list\Machine_Log_Reasoners_CURATED_20260515_190413\files\high_confidence_log_reasoners\sovereign_data_engine\4b11d7289831__bloom_module.py,bloom_module.py,28427,2025-06-08T06:32:13,metric;metrics,input;process,analyze;pattern;score,,,False
high_confidence_log_reasoners,sovereign_data_engine,18,C:\Users\mydyi\OneDrive\Documents\Desktop\sovereign-data-engine\startup\interactive_startup.py,H:\AnchorWorks_reasoning_toolbox_pull_list\Machine_Log_Reasoners_CURATED_20260515_190413\files\high_confidence_log_reasoners\sovereign_data_engine\15982ad4452d__interactive_startup.py,interactive_startup.py,10450,2025-06-08T06:22:52,perf,input;keyboard;process,pattern,.write(;open(,,False
high_confidence_log_reasoners,sovereign_data_engine,18,F:\sovereign-data-engine--copy\bloom\bloom_module.py,H:\AnchorWorks_reasoning_toolbox_pull_list\Machine_Log_Reasoners_CURATED_20260515_190413\files\high_confidence_log_reasoners\sovereign_data_engine\e5e400d6b128__bloom_module.py,bloom_module.py,28427,2025-06-08T06:32:12,metric;metrics,input;process,analyze;pattern;score,,,False
high_confidence_log_reasoners,sovereign_data_engine,18,F:\sovereign-data-engine--copy\startup\interactive_startup.py,H:\AnchorWorks_reasoning_toolbox_pull_list\Machine_Log_Reasoners_CURATED_20260515_190413\files\high_confidence_log_reasoners\sovereign_data_engine\ff136618f4f7__interactive_startup.py,interactive_startup.py,10450,2025-06-08T06:22:52,perf,input;keyboard;process,pattern,.write(;open(,,False
high_confidence_log_reasoners,sovereign_data_engine,18,F:\sovereign-data-engine\bloom\bloom_module.py,H:\AnchorWorks_reasoning_toolbox_pull_list\Machine_Log_Reasoners_CURATED_20260515_190413\files\high_confidence_log_reasoners\sovereign_data_engine\ceae3636233f__bloom_module.py,bloom_module.py,28427,2025-06-08T06:32:13,metric;metrics,input;process,analyze;pattern;score,,,False
high_confidence_log_reasoners,sovereign_data_engine,18,F:\sovereign-data-engine\startup\interactive_startup.py,H:\AnchorWorks_reasoning_toolbox_pull_list\Machine_Log_Reasoners_CURATED_20260515_190413\files\high_confidence_log_reasoners\sovereign_data_engine\dd77c221a827__interactive_startup.py,interactive_startup.py,10450,2025-06-08T06:22:52,perf,input;keyboard;process,pattern,.write(;open(,,False
high_confidence_log_reasoners,sovereign_data_engine,17,C:\Users\mydyi\OneDrive\Documents\Desktop\sovereign-data-engine\targeting\target_system.py,H:\AnchorWorks_reasoning_toolbox_pull_list\Machine_Log_Reasoners_CURATED_20260515_190413\files\high_confidence_log_reasoners\sovereign_data_engine\661e42c120fe__target_system.py,target_system.py,18434,2025-06-08T06:27:21,,memory;process;system,pattern;score,json.dump;open(,,False
high_confidence_log_reasoners,sovereign_data_engine,17,F:\sovereign-data-engine--copy\maintest.py,H:\AnchorWorks_reasoning_toolbox_pull_list\Machine_Log_Reasoners_CURATED_20260515_190413\files\high_confidence_log_reasoners\sovereign_data_engine\449d582a786d__maintest.py,maintest.py,9561,2025-06-18T20:23:43,perf,input;keyboard;process;system,pattern,,,False
high_confidence_log_reasoners,sovereign_data_engine,17,F:\sovereign-data-engine--copy\targeting\target_system.py,H:\AnchorWorks_reasoning_toolbox_pull_list\Machine_Log_Reasoners_CURATED_20260515_190413\files\high_confidence_log_reasoners\sovereign_data_engine\c20a30e91634__target_system.py,target_system.py,18434,2025-06-08T06:27:20,,memory;process;system,pattern;score,json.dump;open(,,False
high_confidence_log_reasoners,sovereign_data_engine,17,F:\sovereign-data-engine\targeting\target_system.py,H:\AnchorWorks_reasoning_toolbox_pull_list\Machine_Log_Reasoners_CURATED_20260515_190413\files\high_confidence_log_reasoners\sovereign_data_engine\7ea8e3258ad8__target_system.py,target_system.py,18434,2025-06-08T06:27:21,,memory;process;system,pattern;score,json.dump;open(,,False
high_confidence_log_reasoners,sovereign_data_engine,14,C:\Users\mydyi\OneDrive\Documents\Desktop\sovereign-data-engine\prescan\mandatory_prescan.py,H:\AnchorWorks_reasoning_toolbox_pull_list\Machine_Log_Reasoners_CURATED_20260515_190413\files\high_confidence_log_reasoners\sovereign_data_engine\ea874299ef9c__mandatory_prescan.py,mandatory_prescan.py,3271,2025-06-09T15:48:44,perf;performance,process;system,analyze,,,False
high_confidence_log_reasoners,sovereign_data_engine,14,F:\sovereign-data-engine--copy\prescan\mandatory_prescan.py,H:\AnchorWorks_reasoning_toolbox_pull_list\Machine_Log_Reasoners_CURATED_20260515_190413\files\high_confidence_log_reasoners\sovereign_data_engine\d960f20755d7__mandatory_prescan.py,mandatory_prescan.py,3271,2025-06-09T15:48:44,perf;performance,process;system,analyze,,,False
high_confidence_log_reasoners,sovereign_data_engine,14,F:\sovereign-data-engine\prescan\mandatory_prescan.py,H:\AnchorWorks_reasoning_toolbox_pull_list\Machine_Log_Reasoners_CURATED_20260515_190413\files\high_confidence_log_reasoners\sovereign_data_engine\16ee96bc37ca__mandatory_prescan.py,mandatory_prescan.py,3271,2025-06-09T15:48:44,perf;performance,process;system,analyze,,,False
high_confidence_log_reasoners,wolf_engine,92,C:\Users\mydyi\OneDrive\Documents\Desktop\clearbox-plugins\wolf_engine\modules\registry.py,H:\AnchorWorks_reasoning_toolbox_pull_list\Machine_Log_Reasoners_CURATED_20260515_190413\files\high_confidence_log_reasoners\wolf_engine\4c6fefa1efe0__registry.py,registry.py,9405,2026-03-03T16:49:41,capture;event;log;logger;logging;metric;metrics;perf;telemetry;trace,ads_detector;camera;camera_movement;cpu;gpu;input;movement;network;packet;process;psutil;system;thermal;trigger,analyze;analyzer;causal;detector;pattern;reason;reasoning;score,.log;logging.,,False
high_confidence_log_reasoners,wolf_engine,92,E:\Clearbox-AI-Plugin-Runner-main\Clearbox-AI-Plugin-Runner-main\plugins\wolf_engine\modules\registry.py,H:\AnchorWorks_reasoning_toolbox_pull_list\Machine_Log_Reasoners_CURATED_20260515_190413\files\high_confidence_log_reasoners\wolf_engine\a88307bf7aca__registry.py,registry.py,9144,2026-03-13T20:12:06,capture;event;log;logger;logging;metric;metrics;perf;telemetry;trace,ads_detector;camera;camera_movement;cpu;gpu;input;movement;network;packet;process;psutil;system;thermal;trigger,analyze;analyzer;causal;detector;pattern;reason;reasoning;score,.log;logging.,,False
high_confidence_log_reasoners,wolf_engine,67,C:\Users\mydyi\OneDrive\Documents\Desktop\clearbox-plugins\wolf_engine\evidence\workers.py,H:\AnchorWorks_reasoning_toolbox_pull_list\Machine_Log_Reasoners_CURATED_20260515_190413\files\high_confidence_log_reasoners\wolf_engine\422279b2c675__workers.py,workers.py,8732,2026-03-03T16:49:41,activity;capture;event;log;logger;logging;metric;metrics;perf;sensor;telemetry,cpu;ctypes;gpu;input;memory;network;process;psutil;subprocess;system,pattern,logging.,,False
high_confidence_log_reasoners,wolf_engine,67,E:\Clearbox-AI-Plugin-Runner-main\Clearbox-AI-Plugin-Runner-main\plugins\wolf_engine\evidence\workers.py,H:\AnchorWorks_reasoning_toolbox_pull_list\Machine_Log_Reasoners_CURATED_20260515_190413\files\high_confidence_log_reasoners\wolf_engine\ba090ddafc30__workers.py,workers.py,8499,2026-03-13T20:12:06,activity;capture;event;log;logger;logging;metric;metrics;perf;sensor;telemetry,cpu;ctypes;gpu;input;memory;network;process;psutil;subprocess;system,pattern,logging.,,False
high_confidence_log_reasoners,wolf_engine,63,C:\Users\mydyi\OneDrive\Documents\Desktop\clearbox-plugins\wolf_engine\core\engine.py,H:\AnchorWorks_reasoning_toolbox_pull_list\Machine_Log_Reasoners_CURATED_20260515_190413\files\high_confidence_log_reasoners\wolf_engine\449634e40f52__engine.py,engine.py,17684,2026-03-03T16:49:40,activity;audit;event;log;logger;metric;perf;session;sqlite_writer;trace,input;memory;network;process;system,analyse;analyze;analyzer;causal;detector;pattern;reason;reasoning,sqlite,,False
high_confidence_log_reasoners,wolf_engine,63,E:\Clearbox-AI-Plugin-Runner-main\Clearbox-AI-Plugin-Runner-main\plugins\wolf_engine\core\engine.py,H:\AnchorWorks_reasoning_toolbox_pull_list\Machine_Log_Reasoners_CURATED_20260515_190413\files\high_confidence_log_reasoners\wolf_engine\c0e89d5f1697__engine.py,engine.py,17555,2026-03-13T20:12:06,activity;audit;event;log;logger;metric;perf;session;sqlite_writer;trace,input;memory;network;process;system,analyse;analyze;analyzer;causal;detector;pattern;reason;reasoning,sqlite,,False
high_confidence_log_reasoners,wolf_engine,53,C:\Users\mydyi\OneDrive\Documents\Desktop\clearbox-plugins\wolf_engine\dashboard\app.py,H:\AnchorWorks_reasoning_toolbox_pull_list\Machine_Log_Reasoners_CURATED_20260515_190413\files\high_confidence_log_reasoners\wolf_engine\04bd2a72da19__app.py,app.py,14148,2026-03-03T16:49:40,activity;event;log;logger;logging;metric;metrics;monitor;session;stream;trace,process;system,analyse;analyze;reason;reasoning,basicconfig;json.dump;logging.,,False
high_confidence_log_reasoners,wolf_engine,53,C:\Users\mydyi\OneDrive\Documents\Desktop\clearbox-plugins\wolf_engine\dashboard\web.py,H:\AnchorWorks_reasoning_toolbox_pull_list\Machine_Log_Reasoners_CURATED_20260515_190413\files\high_confidence_log_reasoners\wolf_engine\0d1c14484e7e__web.py,web.py,6999,2026-03-03T16:49:40,activity;event;history;log;logger;logging;metric;metrics;monitor;session;stream;trace,cpu;gpu;input,analyze,json.dump;logging.;open(,,False
high_confidence_log_reasoners,wolf_engine,53,E:\Clearbox-AI-Plugin-Runner-main\Clearbox-AI-Plugin-Runner-main\plugins\wolf_engine\dashboard\app.py,H:\AnchorWorks_reasoning_toolbox_pull_list\Machine_Log_Reasoners_CURATED_20260515_190413\files\high_confidence_log_reasoners\wolf_engine\97cf21780976__app.py,app.py,13755,2026-03-13T20:12:06,activity;event;log;logger;logging;metric;metrics;monitor;session;stream;trace,process;system,analyse;analyze;reason;reasoning,basicconfig;json.dump;logging.,,False
high_confidence_log_reasoners,wolf_engine,53,E:\Clearbox-AI-Plugin-Runner-main\Clearbox-AI-Plugin-Runner-main\plugins\wolf_engine\dashboard\web.py,H:\AnchorWorks_reasoning_toolbox_pull_list\Machine_Log_Reasoners_CURATED_20260515_190413\files\high_confidence_log_reasoners\wolf_engine\27375abe95ea__web.py,web.py,6803,2026-03-13T20:12:06,activity;event;history;log;logger;logging;metric;metrics;monitor;session;stream;trace,cpu;gpu;input,analyze,json.dump;logging.;open(,,False
high_confidence_log_reasoners,wolf_engine,42,C:\Users\mydyi\OneDrive\Documents\Desktop\clearbox-plugins\wolf_engine\reasoning\reasoning_service.py,H:\AnchorWorks_reasoning_toolbox_pull_list\Machine_Log_Reasoners_CURATED_20260515_190413\files\high_confidence_log_reasoners\wolf_engine\c4a3e1869d05__reasoning_service.py,reasoning_service.py,8031,2026-03-03T16:49:41,event;log;logger;logging;session;trace,memory;socket,analyze;analyzer;causal;detector;pattern;reason;reasoning;score,logging.,,False
high_confidence_log_reasoners,wolf_engine,42,E:\Clearbox-AI-Plugin-Runner-main\Clearbox-AI-Plugin-Runner-main\plugins\wolf_engine\reasoning\reasoning_service.py,H:\AnchorWorks_reasoning_toolbox_pull_list\Machine_Log_Reasoners_CURATED_20260515_190413\files\high_confidence_log_reasoners\wolf_engine\729721aebf99__reasoning_service.py,reasoning_service.py,7809,2026-03-13T20:12:06,event;log;logger;logging;session;trace,memory;socket,analyze;analyzer;causal;detector;pattern;reason;reasoning;score,logging.,,False
high_confidence_log_reasoners,wolf_engine,42,F:\New folder\wolf_engine.py,H:\AnchorWorks_reasoning_toolbox_pull_list\Machine_Log_Reasoners_CURATED_20260515_190413\files\high_confidence_log_reasoners\wolf_engine\3e106869b313__wolf_engine.py,wolf_engine.py,23163,2026-02-06T06:57:15,log;metric;metrics;pulse,cpu;gpu;input;memory;process;system,analyze;decision;evaluate;pattern;reason;score,,,False
high_confidence_log_reasoners,wolf_engine,39,C:\Users\mydyi\OneDrive\Documents\Desktop\clearbox-plugins\wolf_engine\archon\orchestrator.py,H:\AnchorWorks_reasoning_toolbox_pull_list\Machine_Log_Reasoners_CURATED_20260515_190413\files\high_confidence_log_reasoners\wolf_engine\f80f333c0938__orchestrator.py,orchestrator.py,4359,2026-03-03T16:49:40,audit;event;log;logger;logging;session,memory,analyze;analyzer;causal;detector;evaluate;pattern;reason;reasoning,logging.,,False
high_confidence_log_reasoners,wolf_engine,39,E:\Clearbox-AI-Plugin-Runner-main\Clearbox-AI-Plugin-Runner-main\plugins\wolf_engine\archon\orchestrator.py,H:\AnchorWorks_reasoning_toolbox_pull_list\Machine_Log_Reasoners_CURATED_20260515_190413\files\high_confidence_log_reasoners\wolf_engine\0c83645ed4ae__orchestrator.py,orchestrator.py,4232,2026-03-13T20:12:06,audit;event;log;logger;logging;session,memory,analyze;analyzer;causal;detector;evaluate;pattern;reason;reasoning,logging.,,False
high_confidence_log_reasoners,wolf_engine,36,C:\Users\mydyi\OneDrive\Documents\Desktop\clearbox-plugins\wolf_engine\reasoning\engine.py,H:\AnchorWorks_reasoning_toolbox_pull_list\Machine_Log_Reasoners_CURATED_20260515_190413\files\high_confidence_log_reasoners\wolf_engine\07790626364c__engine.py,engine.py,6686,2026-03-03T16:49:41,event;log;logger;logging;session;stream,memory;process,analyze;analyzer;reason;reasoning;score,logging.,,False
high_confidence_log_reasoners,wolf_engine,36,E:\Clearbox-AI-Plugin-Runner-main\Clearbox-AI-Plugin-Runner-main\plugins\wolf_engine\reasoning\engine.py,H:\AnchorWorks_reasoning_toolbox_pull_list\Machine_Log_Reasoners_CURATED_20260515_190413\files\high_confidence_log_reasoners\wolf_engine\c709ca4bcbfd__engine.py,engine.py,6501,2026-03-13T20:12:06,event;log;logger;logging;session;stream,memory;process,analyze;analyzer;reason;reasoning;score,logging.,,False
high_confidence_log_reasoners,wolf_engine,35,C:\Users\mydyi\OneDrive\Documents\Desktop\clearbox-plugins\wolf_engine\modules\loggers\camera_movement.py,H:\AnchorWorks_reasoning_toolbox_pull_list\Machine_Log_Reasoners_CURATED_20260515_190413\files\high_confidence_log_reasoners\wolf_engine\2f6187dcfc8f__camera_movement.py,camera_movement.py,4047,2026-03-03T16:49:41,event;log;logger;logging,camera;camera_movement;movement,analyze,.jsonl;.log;.write(;json.dump;logging.;open(,,False
high_confidence_log_reasoners,wolf_engine,35,E:\Clearbox-AI-Plugin-Runner-main\Clearbox-AI-Plugin-Runner-main\plugins\wolf_engine\modules\loggers\camera_movement.py,H:\AnchorWorks_reasoning_toolbox_pull_list\Machine_Log_Reasoners_CURATED_20260515_190413\files\high_confidence_log_reasoners\wolf_engine\45faeb181c0d__camera_movement.py,camera_movement.py,3930,2026-03-13T20:12:06,event;log;logger;logging,camera;camera_movement;movement,analyze,.jsonl;.log;.write(;json.dump;logging.;open(,,False
high_confidence_log_reasoners,wolf_engine,31,C:\Users\mydyi\OneDrive\Documents\Desktop\clearbox-plugins\wolf_engine\api\router.py,H:\AnchorWorks_reasoning_toolbox_pull_list\Machine_Log_Reasoners_CURATED_20260515_190413\files\high_confidence_log_reasoners\wolf_engine\60efa5f16739__router.py,router.py,11963,2026-03-03T16:49:40,log;logger;logging;monitor;session;trace,system,analyze;analyzer;model;pattern,logging.,,False
high_confidence_log_reasoners,wolf_engine,31,C:\Users\mydyi\OneDrive\Documents\Desktop\clearbox-plugins\wolf_engine\archon\judge.py,H:\AnchorWorks_reasoning_toolbox_pull_list\Machine_Log_Reasoners_CURATED_20260515_190413\files\high_confidence_log_reasoners\wolf_engine\d40cb3973d4e__judge.py,judge.py,17281,2026-03-03T16:49:40,history;log;logger;logging;session;stream,system,causal;evaluate;pattern;score,logging.,,False
high_confidence_log_reasoners,wolf_engine,31,C:\Users\mydyi\OneDrive\Documents\Desktop\clearbox-plugins\wolf_engine\modules\loggers\ads_detector.py,H:\AnchorWorks_reasoning_toolbox_pull_list\Machine_Log_Reasoners_CURATED_20260515_190413\files\high_confidence_log_reasoners\wolf_engine\eddee7d8817d__ads_detector.py,ads_detector.py,5423,2026-03-03T16:49:41,event;log;logger;logging,ads_detector,analyze;detector,.jsonl;.log;.write(;json.dump;logging.;open(,,False
high_confidence_log_reasoners,wolf_engine,31,C:\Users\mydyi\OneDrive\Documents\Desktop\clearbox-plugins\wolf_engine\modules\loggers\movement_state.py,H:\AnchorWorks_reasoning_toolbox_pull_list\Machine_Log_Reasoners_CURATED_20260515_190413\files\high_confidence_log_reasoners\wolf_engine\90ea50be8b6f__movement_state.py,movement_state.py,4927,2026-03-03T16:49:41,event;log;logger;logging,movement,analyze;classif,.jsonl;.log;.write(;json.dump;logging.;open(,,False
high_confidence_log_reasoners,wolf_engine,31,E:\Clearbox-AI-Plugin-Runner-main\Clearbox-AI-Plugin-Runner-main\plugins\wolf_engine\api\router.py,H:\AnchorWorks_reasoning_toolbox_pull_list\Machine_Log_Reasoners_CURATED_20260515_190413\files\high_confidence_log_reasoners\wolf_engine\091bb40d1b1b__router.py,router.py,11607,2026-03-13T20:12:06,log;logger;logging;monitor;session;trace,system,analyze;analyzer;model;pattern,logging.,,False
high_confidence_log_reasoners,wolf_engine,31,E:\Clearbox-AI-Plugin-Runner-main\Clearbox-AI-Plugin-Runner-main\plugins\wolf_engine\archon\judge.py,H:\AnchorWorks_reasoning_toolbox_pull_list\Machine_Log_Reasoners_CURATED_20260515_190413\files\high_confidence_log_reasoners\wolf_engine\459d728ff4b4__judge.py,judge.py,16828,2026-03-13T20:12:06,history;log;logger;logging;session;stream,system,causal;evaluate;pattern;score,logging.,,False
high_confidence_log_reasoners,wolf_engine,31,E:\Clearbox-AI-Plugin-Runner-main\Clearbox-AI-Plugin-Runner-main\plugins\wolf_engine\modules\loggers\ads_detector.py,H:\AnchorWorks_reasoning_toolbox_pull_list\Machine_Log_Reasoners_CURATED_20260515_190413\files\high_confidence_log_reasoners\wolf_engine\4def0289fbb8__ads_detector.py,ads_detector.py,5262,2026-03-13T20:12:06,event;log;logger;logging,ads_detector,analyze;detector,.jsonl;.log;.write(;json.dump;logging.;open(,,False
high_confidence_log_reasoners,wolf_engine,31,E:\Clearbox-AI-Plugin-Runner-main\Clearbox-AI-Plugin-Runner-main\plugins\wolf_engine\modules\loggers\movement_state.py,H:\AnchorWorks_reasoning_toolbox_pull_list\Machine_Log_Reasoners_CURATED_20260515_190413\files\high_confidence_log_reasoners\wolf_engine\daf55c61bb15__movement_state.py,movement_state.py,4776,2026-03-13T20:12:06,event;log;logger;logging,movement,analyze;classif,.jsonl;.log;.write(;json.dump;logging.;open(,,False
high_confidence_log_reasoners,wolf_engine,30,C:\Users\mydyi\OneDrive\Documents\Desktop\clearbox-plugins\wolf_engine\modules\truevision.py,H:\AnchorWorks_reasoning_toolbox_pull_list\Machine_Log_Reasoners_CURATED_20260515_190413\files\high_confidence_log_reasoners\wolf_engine\f12e279ffad1__truevision.py,truevision.py,2054,2026-03-03T16:49:41,capture;log;logger;metric;metrics;session;telemetry,thermal,reason;reasoning;score,,,False
high_confidence_log_reasoners,wolf_engine,30,C:\Users\mydyi\OneDrive\Documents\Desktop\clearbox-plugins\wolf_engine\reasoning\causal_analyzer.py,H:\AnchorWorks_reasoning_toolbox_pull_list\Machine_Log_Reasoners_CURATED_20260515_190413\files\high_confidence_log_reasoners\wolf_engine\ad5f9d8578ab__causal_analyzer.py,causal_analyzer.py,4378,2026-03-03T16:49:41,log;logger;logging,memory,analyze;analyzer;causal;evaluate;pattern;reason;reasoning;score,logging.,,False
high_confidence_log_reasoners,wolf_engine,30,E:\Clearbox-AI-Plugin-Runner-main\Clearbox-AI-Plugin-Runner-main\plugins\wolf_engine\modules\truevision.py,H:\AnchorWorks_reasoning_toolbox_pull_list\Machine_Log_Reasoners_CURATED_20260515_190413\files\high_confidence_log_reasoners\wolf_engine\9860306804f9__truevision.py,truevision.py,1987,2026-03-13T20:12:06,capture;log;logger;metric;metrics;session;telemetry,thermal,reason;reasoning;score,,,False
high_confidence_log_reasoners,wolf_engine,30,E:\Clearbox-AI-Plugin-Runner-main\Clearbox-AI-Plugin-Runner-main\plugins\wolf_engine\reasoning\causal_analyzer.py,H:\AnchorWorks_reasoning_toolbox_pull_list\Machine_Log_Reasoners_CURATED_20260515_190413\files\high_confidence_log_reasoners\wolf_engine\18895de43440__causal_analyzer.py,causal_analyzer.py,4258,2026-03-13T20:12:06,log;logger;logging,memory,analyze;analyzer;causal;evaluate;pattern;reason;reasoning;score,logging.,,False
high_confidence_log_reasoners,wolf_engine,29,C:\Users\mydyi\OneDrive\Documents\Desktop\clearbox-plugins\wolf_engine\modules\loggers\trigger_pull.py,H:\AnchorWorks_reasoning_toolbox_pull_list\Machine_Log_Reasoners_CURATED_20260515_190413\files\high_confidence_log_reasoners\wolf_engine\a35c17635257__trigger_pull.py,trigger_pull.py,4709,2026-03-03T16:49:41,event;log;logger;logging,trigger,analyze,.jsonl;.log;.write(;json.dump;logging.;open(,,False
high_confidence_log_reasoners,wolf_engine,29,C:\Users\mydyi\OneDrive\Documents\Desktop\clearbox-plugins\wolf_engine\modules\operators\thermal_hitbox.py,H:\AnchorWorks_reasoning_toolbox_pull_list\Machine_Log_Reasoners_CURATED_20260515_190413\files\high_confidence_log_reasoners\wolf_engine\eb7f1f8815bb__thermal_hitbox.py,thermal_hitbox.py,6658,2026-03-03T16:49:41,log;logger;logging;metric;metrics,process;thermal,analyze;analyzer;score,logging.,,False
high_confidence_log_reasoners,wolf_engine,29,E:\Clearbox-AI-Plugin-Runner-main\Clearbox-AI-Plugin-Runner-main\plugins\wolf_engine\modules\loggers\trigger_pull.py,H:\AnchorWorks_reasoning_toolbox_pull_list\Machine_Log_Reasoners_CURATED_20260515_190413\files\high_confidence_log_reasoners\wolf_engine\8b8638f8cede__trigger_pull.py,trigger_pull.py,4571,2026-03-13T20:12:06,event;log;logger;logging,trigger,analyze,.jsonl;.log;.write(;json.dump;logging.;open(,,False
high_confidence_log_reasoners,wolf_engine,29,E:\Clearbox-AI-Plugin-Runner-main\Clearbox-AI-Plugin-Runner-main\plugins\wolf_engine\modules\operators\thermal_hitbox.py,H:\AnchorWorks_reasoning_toolbox_pull_list\Machine_Log_Reasoners_CURATED_20260515_190413\files\high_confidence_log_reasoners\wolf_engine\241bcc145448__thermal_hitbox.py,thermal_hitbox.py,6481,2026-03-13T20:12:06,log;logger;logging;metric;metrics,process;thermal,analyze;analyzer;score,logging.,,False
high_confidence_log_reasoners,wolf_engine,27,C:\Users\mydyi\OneDrive\Documents\Desktop\clearbox-plugins\wolf_engine\archon\cam_stub.py,H:\AnchorWorks_reasoning_toolbox_pull_list\Machine_Log_Reasoners_CURATED_20260515_190413\files\high_confidence_log_reasoners\wolf_engine\75d4db13cd8a__cam_stub.py,cam_stub.py,3487,2026-03-03T16:49:40,log;logger;logging;perf,input,causal;pattern;reason;reasoning;score,logging.,,False
high_confidence_log_reasoners,wolf_engine,27,E:\Clearbox-AI-Plugin-Runner-main\Clearbox-AI-Plugin-Runner-main\plugins\wolf_engine\archon\cam_stub.py,H:\AnchorWorks_reasoning_toolbox_pull_list\Machine_Log_Reasoners_CURATED_20260515_190413\files\high_confidence_log_reasoners\wolf_engine\3097af27d1fe__cam_stub.py,cam_stub.py,3387,2026-03-13T20:12:06,log;logger;logging;perf,input,causal;pattern;reason;reasoning;score,logging.,,False
high_confidence_log_reasoners,wolf_engine,26,C:\Users\mydyi\OneDrive\Documents\Desktop\clearbox-plugins\wolf_engine\modules\reasoning\frame_to_grid.py,H:\AnchorWorks_reasoning_toolbox_pull_list\Machine_Log_Reasoners_CURATED_20260515_190413\files\high_confidence_log_reasoners\wolf_engine\244b3ed1ccc2__frame_to_grid.py,frame_to_grid.py,3897,2026-03-03T16:49:41,capture;monitor,mss;screen capture,reason;reasoning,,mss(;screen capture,False
high_confidence_log_reasoners,wolf_engine,26,C:\Users\mydyi\OneDrive\Documents\Desktop\clearbox-plugins\wolf_engine\reasoning\cascade_engine.py,H:\AnchorWorks_reasoning_toolbox_pull_list\Machine_Log_Reasoners_CURATED_20260515_190413\files\high_confidence_log_reasoners\wolf_engine\d6dde43e7691__cascade_engine.py,cascade_engine.py,6119,2026-03-03T16:49:41,log;logger;logging;stream;trace,memory,pattern;reason;reasoning,logging.,,False
high_confidence_log_reasoners,wolf_engine,26,E:\Clearbox-AI-Plugin-Runner-main\Clearbox-AI-Plugin-Runner-main\plugins\wolf_engine\modules\reasoning\frame_to_grid.py,H:\AnchorWorks_reasoning_toolbox_pull_list\Machine_Log_Reasoners_CURATED_20260515_190413\files\high_confidence_log_reasoners\wolf_engine\86a68abfb7a6__frame_to_grid.py,frame_to_grid.py,3773,2026-03-13T20:12:06,capture;monitor,mss;screen capture,reason;reasoning,,mss(;screen capture,False
high_confidence_log_reasoners,wolf_engine,26,E:\Clearbox-AI-Plugin-Runner-main\Clearbox-AI-Plugin-Runner-main\plugins\wolf_engine\reasoning\cascade_engine.py,H:\AnchorWorks_reasoning_toolbox_pull_list\Machine_Log_Reasoners_CURATED_20260515_190413\files\high_confidence_log_reasoners\wolf_engine\21490fa9b466__cascade_engine.py,cascade_engine.py,5957,2026-03-13T20:12:06,log;logger;logging;stream;trace,memory,pattern;reason;reasoning,logging.,,False
high_confidence_log_reasoners,wolf_engine,20,C:\Users\mydyi\OneDrive\Documents\Desktop\clearbox-plugins\wolf_engine\gpu\ncv_batch.py,H:\AnchorWorks_reasoning_toolbox_pull_list\Machine_Log_Reasoners_CURATED_20260515_190413\files\high_confidence_log_reasoners\wolf_engine\c281285c0e3b__ncv_batch.py,ncv_batch.py,4207,2026-03-03T16:49:41,event,cpu;gpu;memory,analyze;analyzer;causal;score,,,False
high_confidence_log_reasoners,wolf_engine,20,E:\Clearbox-AI-Plugin-Runner-main\Clearbox-AI-Plugin-Runner-main\plugins\wolf_engine\gpu\ncv_batch.py,H:\AnchorWorks_reasoning_toolbox_pull_list\Machine_Log_Reasoners_CURATED_20260515_190413\files\high_confidence_log_reasoners\wolf_engine\22ac573c48c3__ncv_batch.py,ncv_batch.py,4084,2026-03-13T20:12:06,event,cpu;gpu;memory,analyze;analyzer;causal;score,,,False
high_confidence_log_reasoners,wolf_engine,14,C:\Users\mydyi\OneDrive\Documents\Desktop\clearbox-plugins\wolf_engine\modules\loggers\input_logger.py,H:\AnchorWorks_reasoning_toolbox_pull_list\Machine_Log_Reasoners_CURATED_20260515_190413\files\high_confidence_log_reasoners\wolf_engine\0e766cb3e0cb__input_logger.py,input_logger.py,1291,2026-03-03T16:49:41,log;logger;session,input,pattern,,,False
high_confidence_log_reasoners,wolf_engine,14,E:\Clearbox-AI-Plugin-Runner-main\Clearbox-AI-Plugin-Runner-main\plugins\wolf_engine\modules\loggers\input_logger.py,H:\AnchorWorks_reasoning_toolbox_pull_list\Machine_Log_Reasoners_CURATED_20260515_190413\files\high_confidence_log_reasoners\wolf_engine\f2122ca3a624__input_logger.py,input_logger.py,1243,2026-03-13T20:12:06,log;logger;session,input,pattern,,,False
high_confidence_log_reasoners,wolf_engine,11,C:\Users\mydyi\OneDrive\Documents\Desktop\clearbox-plugins\wolf_engine\forge\forge_memory.py,H:\AnchorWorks_reasoning_toolbox_pull_list\Machine_Log_Reasoners_CURATED_20260515_190413\files\high_confidence_log_reasoners\wolf_engine\150972b4bed1__forge_memory.py,forge_memory.py,4863,2026-03-03T16:49:41,event;history,memory,score,,,False
high_confidence_log_reasoners,wolf_engine,11,E:\Clearbox-AI-Plugin-Runner-main\Clearbox-AI-Plugin-Runner-main\plugins\wolf_engine\forge\forge_memory.py,H:\AnchorWorks_reasoning_toolbox_pull_list\Machine_Log_Reasoners_CURATED_20260515_190413\files\high_confidence_log_reasoners\wolf_engine\a80fb37e54a2__forge_memory.py,forge_memory.py,4736,2026-03-13T20:12:06,event;history,memory,score,,,False
high_confidence_log_reasoners,wolf_engine,10,C:\Users\mydyi\OneDrive\Documents\Desktop\clearbox-plugins\wolf_engine\modules\reasoning\window_builder.py,H:\AnchorWorks_reasoning_toolbox_pull_list\Machine_Log_Reasoners_CURATED_20260515_190413\files\high_confidence_log_reasoners\wolf_engine\130f61255a4b__window_builder.py,window_builder.py,2430,2026-03-03T16:49:41,stream,process,reason;reasoning,,,False
high_confidence_log_reasoners,wolf_engine,10,E:\Clearbox-AI-Plugin-Runner-main\Clearbox-AI-Plugin-Runner-main\plugins\wolf_engine\modules\reasoning\window_builder.py,H:\AnchorWorks_reasoning_toolbox_pull_list\Machine_Log_Reasoners_CURATED_20260515_190413\files\high_confidence_log_reasoners\wolf_engine\a8f1c27bff82__window_builder.py,window_builder.py,2360,2026-03-13T20:12:06,stream,process,reason;reasoning,,,False
