Family,OriginalPath,CopiedPath,OutputPath,FunctionCount,ParserMode,OutputSizeBytes
agent,E:\TrueCore-Agent-Library-main\TrueCore-Agent-Library-main\agent_registry_bridge.py,C:\Users\mydyi\OneDrive\Documents\Desktop\Python_Reasoning_Engines_20260515_172849\files\agent\72110ab38ce4__agent_registry_bridge.py,C:\Users\mydyi\OneDrive\Documents\Desktop\Python_Reasoning_Functions_20260515_173222\functions_by_source\agent\72110ab38ce4__72110ab38ce4__agent_registry_bridge.functions.py,22,ast,18525
agent,E:\TrueCore-Agent-Library-main\TrueCore-Agent-Library-main\build_agent_catalog.py,C:\Users\mydyi\OneDrive\Documents\Desktop\Python_Reasoning_Engines_20260515_172849\files\agent\bdddc740d7d0__build_agent_catalog.py,C:\Users\mydyi\OneDrive\Documents\Desktop\Python_Reasoning_Functions_20260515_173222\functions_by_source\agent\bdddc740d7d0__bdddc740d7d0__build_agent_catalog.functions.py,3,ast,8195
agent,E:\TrueCore-Agent-Library-main\TrueCore-Agent-Library-main\phase_b_categorizer.py,C:\Users\mydyi\OneDrive\Documents\Desktop\Python_Reasoning_Engines_20260515_172849\files\agent\52a7bdc62e7f__phase_b_categorizer.py,C:\Users\mydyi\OneDrive\Documents\Desktop\Python_Reasoning_Functions_20260515_173222\functions_by_source\agent\52a7bdc62e7f__52a7bdc62e7f__phase_b_categorizer.functions.py,2,ast,6967
agent,F:\contract_extraction\agent_registry_bridge.py,C:\Users\mydyi\OneDrive\Documents\Desktop\Python_Reasoning_Engines_20260515_172849\files\agent\c71e0f629a12__agent_registry_bridge.py,C:\Users\mydyi\OneDrive\Documents\Desktop\Python_Reasoning_Functions_20260515_173222\functions_by_source\agent\c71e0f629a12__c71e0f629a12__agent_registry_bridge.functions.py,22,ast,18485
agent,F:\contract_extraction\build_agent_catalog.py,C:\Users\mydyi\OneDrive\Documents\Desktop\Python_Reasoning_Engines_20260515_172849\files\agent\34ac911e3181__build_agent_catalog.py,C:\Users\mydyi\OneDrive\Documents\Desktop\Python_Reasoning_Functions_20260515_173222\functions_by_source\agent\34ac911e3181__34ac911e3181__build_agent_catalog.functions.py,3,ast,8155
arc_solver,H:\arc_production_solver\arc_cli.py,C:\Users\mydyi\OneDrive\Documents\Desktop\Python_Reasoning_Engines_20260515_172849\files\arc_solver\ca78930da4c0__arc_cli.py,C:\Users\mydyi\OneDrive\Documents\Desktop\Python_Reasoning_Functions_20260515_173222\functions_by_source\arc_solver\ca78930da4c0__ca78930da4c0__arc_cli.functions.py,15,ast,19777
arc_solver,H:\arc_production_solver\arc_core.py,C:\Users\mydyi\OneDrive\Documents\Desktop\Python_Reasoning_Engines_20260515_172849\files\arc_solver\8de1ac8e8cf0__arc_core.py,C:\Users\mydyi\OneDrive\Documents\Desktop\Python_Reasoning_Functions_20260515_173222\functions_by_source\arc_solver\8de1ac8e8cf0__8de1ac8e8cf0__arc_core.functions.py,11,ast,26086
arc_solver,H:\arc_production_solver\arc_organ\arc_centering.py,C:\Users\mydyi\OneDrive\Documents\Desktop\Python_Reasoning_Engines_20260515_172849\files\arc_solver\a087d56093af__arc_centering.py,C:\Users\mydyi\OneDrive\Documents\Desktop\Python_Reasoning_Functions_20260515_173222\functions_by_source\arc_solver\a087d56093af__a087d56093af__arc_centering.functions.py,8,ast,10445
arc_solver,H:\arc_production_solver\arc_organ\arc_example_fuser.py,C:\Users\mydyi\OneDrive\Documents\Desktop\Python_Reasoning_Engines_20260515_172849\files\arc_solver\1506d0c7f1bc__arc_example_fuser.py,C:\Users\mydyi\OneDrive\Documents\Desktop\Python_Reasoning_Functions_20260515_173222\functions_by_source\arc_solver\1506d0c7f1bc__1506d0c7f1bc__arc_example_fuser.functions.py,10,ast,10703
arc_solver,H:\arc_production_solver\arc_organ\arc_grid_parser.py,C:\Users\mydyi\OneDrive\Documents\Desktop\Python_Reasoning_Engines_20260515_172849\files\arc_solver\8f6fa21f56b6__arc_grid_parser.py,C:\Users\mydyi\OneDrive\Documents\Desktop\Python_Reasoning_Functions_20260515_173222\functions_by_source\arc_solver\8f6fa21f56b6__8f6fa21f56b6__arc_grid_parser.functions.py,8,ast,8637
arc_solver,H:\arc_production_solver\arc_organ\arc_operators.py,C:\Users\mydyi\OneDrive\Documents\Desktop\Python_Reasoning_Engines_20260515_172849\files\arc_solver\e3bdb48f917d__arc_operators.py,C:\Users\mydyi\OneDrive\Documents\Desktop\Python_Reasoning_Functions_20260515_173222\functions_by_source\arc_solver\e3bdb48f917d__e3bdb48f917d__arc_operators.functions.py,66,ast,87662
arc_solver,H:\arc_production_solver\arc_organ\arc_pixel_metadata.py,C:\Users\mydyi\OneDrive\Documents\Desktop\Python_Reasoning_Engines_20260515_172849\files\arc_solver\5dec034ce7bf__arc_pixel_metadata.py,C:\Users\mydyi\OneDrive\Documents\Desktop\Python_Reasoning_Functions_20260515_173222\functions_by_source\arc_solver\5dec034ce7bf__5dec034ce7bf__arc_pixel_metadata.functions.py,12,ast,15420
arc_solver,H:\arc_production_solver\arc_organ\arc_recognition_field.py,C:\Users\mydyi\OneDrive\Documents\Desktop\Python_Reasoning_Engines_20260515_172849\files\arc_solver\5f050450a35f__arc_recognition_field.py,C:\Users\mydyi\OneDrive\Documents\Desktop\Python_Reasoning_Functions_20260515_173222\functions_by_source\arc_solver\5f050450a35f__5f050450a35f__arc_recognition_field.functions.py,11,ast,13035
arc_solver,H:\arc_production_solver\arc_organ\arc_recognition_field_v2.py,C:\Users\mydyi\OneDrive\Documents\Desktop\Python_Reasoning_Engines_20260515_172849\files\arc_solver\38c0f5a8b120__arc_recognition_field_v2.py,C:\Users\mydyi\OneDrive\Documents\Desktop\Python_Reasoning_Functions_20260515_173222\functions_by_source\arc_solver\38c0f5a8b120__38c0f5a8b120__arc_recognition_field_v2.functions.py,3,ast,2916
arc_solver,H:\arc_production_solver\arc_organ\arc_resonance_state.py,C:\Users\mydyi\OneDrive\Documents\Desktop\Python_Reasoning_Engines_20260515_172849\files\arc_solver\10cbc1f97762__arc_resonance_state.py,C:\Users\mydyi\OneDrive\Documents\Desktop\Python_Reasoning_Functions_20260515_173222\functions_by_source\arc_solver\10cbc1f97762__10cbc1f97762__arc_resonance_state.functions.py,2,ast,7067
arc_solver,H:\arc_production_solver\arc_organ\arc_resonance_state_v2.py,C:\Users\mydyi\OneDrive\Documents\Desktop\Python_Reasoning_Engines_20260515_172849\files\arc_solver\9c906318ce5d__arc_resonance_state_v2.py,C:\Users\mydyi\OneDrive\Documents\Desktop\Python_Reasoning_Functions_20260515_173222\functions_by_source\arc_solver\9c906318ce5d__9c906318ce5d__arc_resonance_state_v2.functions.py,19,ast,17353
arc_solver,H:\arc_production_solver\arc_organ\arc_rule_applicator.py,C:\Users\mydyi\OneDrive\Documents\Desktop\Python_Reasoning_Engines_20260515_172849\files\arc_solver\b21a2b37bc5d__arc_rule_applicator.py,C:\Users\mydyi\OneDrive\Documents\Desktop\Python_Reasoning_Functions_20260515_173222\functions_by_source\arc_solver\b21a2b37bc5d__b21a2b37bc5d__arc_rule_applicator.functions.py,9,ast,12433
arc_solver,H:\arc_production_solver\arc_organ\arc_rule_engine.py,C:\Users\mydyi\OneDrive\Documents\Desktop\Python_Reasoning_Engines_20260515_172849\files\arc_solver\a8b18fef8c7f__arc_rule_engine.py,C:\Users\mydyi\OneDrive\Documents\Desktop\Python_Reasoning_Functions_20260515_173222\functions_by_source\arc_solver\a8b18fef8c7f__a8b18fef8c7f__arc_rule_engine.functions.py,6,ast,4945
arc_solver,H:\arc_production_solver\arc_organ\arc_rule_hypothesis.py,C:\Users\mydyi\OneDrive\Documents\Desktop\Python_Reasoning_Engines_20260515_172849\files\arc_solver\2e827ac2f106__arc_rule_hypothesis.py,C:\Users\mydyi\OneDrive\Documents\Desktop\Python_Reasoning_Functions_20260515_173222\functions_by_source\arc_solver\2e827ac2f106__2e827ac2f106__arc_rule_hypothesis.functions.py,14,ast,19346
arc_solver,H:\arc_production_solver\arc_organ\arc_submission_builder.py,C:\Users\mydyi\OneDrive\Documents\Desktop\Python_Reasoning_Engines_20260515_172849\files\arc_solver\a1e1c98bf862__arc_submission_builder.py,C:\Users\mydyi\OneDrive\Documents\Desktop\Python_Reasoning_Functions_20260515_173222\functions_by_source\arc_solver\a1e1c98bf862__a1e1c98bf862__arc_submission_builder.functions.py,4,ast,6306
arc_solver,H:\arc_production_solver\arc_organ\arc_task_runner.py,C:\Users\mydyi\OneDrive\Documents\Desktop\Python_Reasoning_Engines_20260515_172849\files\arc_solver\626066dc7120__arc_task_runner.py,C:\Users\mydyi\OneDrive\Documents\Desktop\Python_Reasoning_Functions_20260515_173222\functions_by_source\arc_solver\626066dc7120__626066dc7120__arc_task_runner.functions.py,4,ast,9296
arc_solver,H:\arc_production_solver\arc_organ\arc_two_attempt_sampler.py,C:\Users\mydyi\OneDrive\Documents\Desktop\Python_Reasoning_Engines_20260515_172849\files\arc_solver\3eecfd07e5c4__arc_two_attempt_sampler.py,C:\Users\mydyi\OneDrive\Documents\Desktop\Python_Reasoning_Functions_20260515_173222\functions_by_source\arc_solver\3eecfd07e5c4__3eecfd07e5c4__arc_two_attempt_sampler.functions.py,2,ast,1858
arc_solver,H:\arc_production_solver\arc_organ\centering.py,C:\Users\mydyi\OneDrive\Documents\Desktop\Python_Reasoning_Engines_20260515_172849\files\arc_solver\dafccfedac7a__centering.py,C:\Users\mydyi\OneDrive\Documents\Desktop\Python_Reasoning_Functions_20260515_173222\functions_by_source\arc_solver\dafccfedac7a__dafccfedac7a__centering.functions.py,4,ast,4606
arc_solver,H:\arc_production_solver\arc_organ\color_engine.py,C:\Users\mydyi\OneDrive\Documents\Desktop\Python_Reasoning_Engines_20260515_172849\files\arc_solver\40fd468b37e2__color_engine.py,C:\Users\mydyi\OneDrive\Documents\Desktop\Python_Reasoning_Functions_20260515_173222\functions_by_source\arc_solver\40fd468b37e2__40fd468b37e2__color_engine.functions.py,17,ast,21764
arc_solver,H:\arc_production_solver\arc_organ\comp_engine.py,C:\Users\mydyi\OneDrive\Documents\Desktop\Python_Reasoning_Engines_20260515_172849\files\arc_solver\1dcc160a99f5__comp_engine.py,C:\Users\mydyi\OneDrive\Documents\Desktop\Python_Reasoning_Functions_20260515_173222\functions_by_source\arc_solver\1dcc160a99f5__1dcc160a99f5__comp_engine.functions.py,19,ast,21419
arc_solver,H:\arc_production_solver\arc_organ\composition_engine.py,C:\Users\mydyi\OneDrive\Documents\Desktop\Python_Reasoning_Engines_20260515_172849\files\arc_solver\f922242d1192__composition_engine.py,C:\Users\mydyi\OneDrive\Documents\Desktop\Python_Reasoning_Functions_20260515_173222\functions_by_source\arc_solver\f922242d1192__f922242d1192__composition_engine.functions.py,11,ast,10692
arc_solver,H:\arc_production_solver\arc_organ\evaluate_composition.py,C:\Users\mydyi\OneDrive\Documents\Desktop\Python_Reasoning_Engines_20260515_172849\files\arc_solver\4e391dd8b5cd__evaluate_composition.py,C:\Users\mydyi\OneDrive\Documents\Desktop\Python_Reasoning_Functions_20260515_173222\functions_by_source\arc_solver\4e391dd8b5cd__4e391dd8b5cd__evaluate_composition.functions.py,4,ast,7759
arc_solver,H:\arc_production_solver\arc_organ\feature_extractor.py,C:\Users\mydyi\OneDrive\Documents\Desktop\Python_Reasoning_Engines_20260515_172849\files\arc_solver\f63debd783e4__feature_extractor.py,C:\Users\mydyi\OneDrive\Documents\Desktop\Python_Reasoning_Functions_20260515_173222\functions_by_source\arc_solver\f63debd783e4__f63debd783e4__feature_extractor.functions.py,11,ast,9238
arc_solver,H:\arc_production_solver\arc_organ\fill_interior_operator.py,C:\Users\mydyi\OneDrive\Documents\Desktop\Python_Reasoning_Engines_20260515_172849\files\arc_solver\4e1545055b02__fill_interior_operator.py,C:\Users\mydyi\OneDrive\Documents\Desktop\Python_Reasoning_Functions_20260515_173222\functions_by_source\arc_solver\4e1545055b02__4e1545055b02__fill_interior_operator.functions.py,2,ast,2985
arc_solver,H:\arc_production_solver\arc_organ\meta_comp_engine.py,C:\Users\mydyi\OneDrive\Documents\Desktop\Python_Reasoning_Engines_20260515_172849\files\arc_solver\a7f052796009__meta_comp_engine.py,C:\Users\mydyi\OneDrive\Documents\Desktop\Python_Reasoning_Functions_20260515_173222\functions_by_source\arc_solver\a7f052796009__a7f052796009__meta_comp_engine.functions.py,11,ast,19805
arc_solver,H:\arc_production_solver\arc_organ\mixer.py,C:\Users\mydyi\OneDrive\Documents\Desktop\Python_Reasoning_Engines_20260515_172849\files\arc_solver\15b9dd847ac9__mixer.py,C:\Users\mydyi\OneDrive\Documents\Desktop\Python_Reasoning_Functions_20260515_173222\functions_by_source\arc_solver\15b9dd847ac9__15b9dd847ac9__mixer.functions.py,11,ast,12437
arc_solver,H:\arc_production_solver\arc_organ\object_space.py,C:\Users\mydyi\OneDrive\Documents\Desktop\Python_Reasoning_Engines_20260515_172849\files\arc_solver\a3c676ca5432__object_space.py,C:\Users\mydyi\OneDrive\Documents\Desktop\Python_Reasoning_Functions_20260515_173222\functions_by_source\arc_solver\a3c676ca5432__a3c676ca5432__object_space.functions.py,10,ast,14821
arc_solver,H:\arc_production_solver\arc_organ\operators\checkerboard_tiling_alternating.py,C:\Users\mydyi\OneDrive\Documents\Desktop\Python_Reasoning_Engines_20260515_172849\files\arc_solver\29d2d0bc6493__checkerboard_tiling_alternating.py,C:\Users\mydyi\OneDrive\Documents\Desktop\Python_Reasoning_Functions_20260515_173222\functions_by_source\arc_solver\29d2d0bc6493__29d2d0bc6493__checkerboard_tiling_alternating.functions.py,3,ast,3719
arc_solver,H:\arc_production_solver\arc_organ\operators\enclosed_region_fill.py,C:\Users\mydyi\OneDrive\Documents\Desktop\Python_Reasoning_Engines_20260515_172849\files\arc_solver\3dd32dca1beb__enclosed_region_fill.py,C:\Users\mydyi\OneDrive\Documents\Desktop\Python_Reasoning_Functions_20260515_173222\functions_by_source\arc_solver\3dd32dca1beb__3dd32dca1beb__enclosed_region_fill.functions.py,3,ast,5664
arc_solver,H:\arc_production_solver\arc_organ\operators\pattern_completion_prototype.py,C:\Users\mydyi\OneDrive\Documents\Desktop\Python_Reasoning_Engines_20260515_172849\files\arc_solver\07a4e4cfa5af__pattern_completion_prototype.py,C:\Users\mydyi\OneDrive\Documents\Desktop\Python_Reasoning_Functions_20260515_173222\functions_by_source\arc_solver\07a4e4cfa5af__07a4e4cfa5af__pattern_completion_prototype.functions.py,4,ast,5285
arc_solver,H:\arc_production_solver\arc_organ\operators\repeat_operator.py,C:\Users\mydyi\OneDrive\Documents\Desktop\Python_Reasoning_Engines_20260515_172849\files\arc_solver\312348c22419__repeat_operator.py,C:\Users\mydyi\OneDrive\Documents\Desktop\Python_Reasoning_Functions_20260515_173222\functions_by_source\arc_solver\312348c22419__312348c22419__repeat_operator.functions.py,9,ast,6929
arc_solver,H:\arc_production_solver\arc_organ\operators\shape_reference_recolor.py,C:\Users\mydyi\OneDrive\Documents\Desktop\Python_Reasoning_Engines_20260515_172849\files\arc_solver\9fe7d097caed__shape_reference_recolor.py,C:\Users\mydyi\OneDrive\Documents\Desktop\Python_Reasoning_Functions_20260515_173222\functions_by_source\arc_solver\9fe7d097caed__9fe7d097caed__shape_reference_recolor.functions.py,3,ast,4705
arc_solver,H:\arc_production_solver\arc_organ\operators\symmetry_from_fragment.py,C:\Users\mydyi\OneDrive\Documents\Desktop\Python_Reasoning_Engines_20260515_172849\files\arc_solver\f8a401538bf9__symmetry_from_fragment.py,C:\Users\mydyi\OneDrive\Documents\Desktop\Python_Reasoning_Functions_20260515_173222\functions_by_source\arc_solver\f8a401538bf9__f8a401538bf9__symmetry_from_fragment.functions.py,3,ast,4421
arc_solver,H:\arc_production_solver\arc_organ\pattern_engine.py,C:\Users\mydyi\OneDrive\Documents\Desktop\Python_Reasoning_Engines_20260515_172849\files\arc_solver\1f66ab63caa6__pattern_engine.py,C:\Users\mydyi\OneDrive\Documents\Desktop\Python_Reasoning_Functions_20260515_173222\functions_by_source\arc_solver\1f66ab63caa6__1f66ab63caa6__pattern_engine.functions.py,15,ast,21950
arc_solver,H:\arc_production_solver\arc_organ\prior_selector.py,C:\Users\mydyi\OneDrive\Documents\Desktop\Python_Reasoning_Engines_20260515_172849\files\arc_solver\1ba65a25538b__prior_selector.py,C:\Users\mydyi\OneDrive\Documents\Desktop\Python_Reasoning_Functions_20260515_173222\functions_by_source\arc_solver\1ba65a25538b__1ba65a25538b__prior_selector.functions.py,10,ast,7746
arc_solver,H:\arc_production_solver\arc_organ\solve_task_composition.py,C:\Users\mydyi\OneDrive\Documents\Desktop\Python_Reasoning_Engines_20260515_172849\files\arc_solver\5687abf70c37__solve_task_composition.py,C:\Users\mydyi\OneDrive\Documents\Desktop\Python_Reasoning_Functions_20260515_173222\functions_by_source\arc_solver\5687abf70c37__5687abf70c37__solve_task_composition.functions.py,5,ast,7108
arc_solver,H:\arc_production_solver\arc_organ\test_arc_simple.py,C:\Users\mydyi\OneDrive\Documents\Desktop\Python_Reasoning_Engines_20260515_172849\files\arc_solver\feefff997d69__test_arc_simple.py,C:\Users\mydyi\OneDrive\Documents\Desktop\Python_Reasoning_Functions_20260515_173222\functions_by_source\arc_solver\feefff997d69__feefff997d69__test_arc_simple.functions.py,3,ast,3707
arc_solver,H:\arc_production_solver\arc_organ\test_submission_pipeline.py,C:\Users\mydyi\OneDrive\Documents\Desktop\Python_Reasoning_Engines_20260515_172849\files\arc_solver\8b1c8ed1598a__test_submission_pipeline.py,C:\Users\mydyi\OneDrive\Documents\Desktop\Python_Reasoning_Functions_20260515_173222\functions_by_source\arc_solver\8b1c8ed1598a__8b1c8ed1598a__test_submission_pipeline.functions.py,1,ast,1989
arc_solver,H:\arc_production_solver\arc_organ\transform_library.py,C:\Users\mydyi\OneDrive\Documents\Desktop\Python_Reasoning_Engines_20260515_172849\files\arc_solver\025cebfce4a1__transform_library.py,C:\Users\mydyi\OneDrive\Documents\Desktop\Python_Reasoning_Functions_20260515_173222\functions_by_source\arc_solver\025cebfce4a1__025cebfce4a1__transform_library.functions.py,30,ast,18918
arc_solver,H:\arc_production_solver\arc_organ\transform_matcher.py,C:\Users\mydyi\OneDrive\Documents\Desktop\Python_Reasoning_Engines_20260515_172849\files\arc_solver\d1f8e1801a63__transform_matcher.py,C:\Users\mydyi\OneDrive\Documents\Desktop\Python_Reasoning_Functions_20260515_173222\functions_by_source\arc_solver\d1f8e1801a63__d1f8e1801a63__transform_matcher.functions.py,6,ast,13998
arc_solver,H:\arc_production_solver\archive\debug_scripts\debug_symmetry_from_fragment.py,C:\Users\mydyi\OneDrive\Documents\Desktop\Python_Reasoning_Engines_20260515_172849\files\arc_solver\ededc78534c2__debug_symmetry_from_fragment.py,C:\Users\mydyi\OneDrive\Documents\Desktop\Python_Reasoning_Functions_20260515_173222\functions_by_source\arc_solver\ededc78534c2__ededc78534c2__debug_symmetry_from_fragment.functions.py,4,ast,8245
arc_solver,H:\arc_production_solver\archive\task_analysis\analyze_compucog_patterns.py,C:\Users\mydyi\OneDrive\Documents\Desktop\Python_Reasoning_Engines_20260515_172849\files\arc_solver\6caf148844f0__analyze_compucog_patterns.py,C:\Users\mydyi\OneDrive\Documents\Desktop\Python_Reasoning_Functions_20260515_173222\functions_by_source\arc_solver\6caf148844f0__6caf148844f0__analyze_compucog_patterns.functions.py,3,ast,2691
arc_solver,H:\arc_production_solver\backup_root_scripts\analyze_compucog_patterns.py,C:\Users\mydyi\OneDrive\Documents\Desktop\Python_Reasoning_Engines_20260515_172849\files\arc_solver\c2c1207e99db__analyze_compucog_patterns.py,C:\Users\mydyi\OneDrive\Documents\Desktop\Python_Reasoning_Functions_20260515_173222\functions_by_source\arc_solver\c2c1207e99db__c2c1207e99db__analyze_compucog_patterns.functions.py,3,ast,2689
arc_solver,H:\arc_production_solver\backup_root_scripts\convert_to_math_dsl.py,C:\Users\mydyi\OneDrive\Documents\Desktop\Python_Reasoning_Engines_20260515_172849\files\arc_solver\73d2266fe101__convert_to_math_dsl.py,C:\Users\mydyi\OneDrive\Documents\Desktop\Python_Reasoning_Functions_20260515_173222\functions_by_source\arc_solver\73d2266fe101__73d2266fe101__convert_to_math_dsl.functions.py,2,ast,3373
arc_solver,H:\arc_production_solver\backup_root_scripts\debug_symmetry_from_fragment.py,C:\Users\mydyi\OneDrive\Documents\Desktop\Python_Reasoning_Engines_20260515_172849\files\arc_solver\9ca1dd542076__debug_symmetry_from_fragment.py,C:\Users\mydyi\OneDrive\Documents\Desktop\Python_Reasoning_Functions_20260515_173222\functions_by_source\arc_solver\9ca1dd542076__9ca1dd542076__debug_symmetry_from_fragment.functions.py,4,ast,8243
arc_solver,H:\arc_production_solver\backup_root_scripts\extract_all_rules.py,C:\Users\mydyi\OneDrive\Documents\Desktop\Python_Reasoning_Engines_20260515_172849\files\arc_solver\403cedade11c__extract_all_rules.py,C:\Users\mydyi\OneDrive\Documents\Desktop\Python_Reasoning_Functions_20260515_173222\functions_by_source\arc_solver\403cedade11c__403cedade11c__extract_all_rules.functions.py,7,ast,4783
arc_solver,H:\arc_production_solver\backup_root_scripts\generate_compucog_ledger.py,C:\Users\mydyi\OneDrive\Documents\Desktop\Python_Reasoning_Engines_20260515_172849\files\arc_solver\28254ab14c5a__generate_compucog_ledger.py,C:\Users\mydyi\OneDrive\Documents\Desktop\Python_Reasoning_Functions_20260515_173222\functions_by_source\arc_solver\28254ab14c5a__28254ab14c5a__generate_compucog_ledger.functions.py,7,ast,5946
arc_solver,H:\arc_production_solver\backup_root_scripts\math_dsl_solver.py,C:\Users\mydyi\OneDrive\Documents\Desktop\Python_Reasoning_Engines_20260515_172849\files\arc_solver\8dab250806de__math_dsl_solver.py,C:\Users\mydyi\OneDrive\Documents\Desktop\Python_Reasoning_Functions_20260515_173222\functions_by_source\arc_solver\8dab250806de__8dab250806de__math_dsl_solver.functions.py,2,ast,1751
arc_solver,H:\arc_production_solver\backup_root_scripts\operator_composition.py,C:\Users\mydyi\OneDrive\Documents\Desktop\Python_Reasoning_Engines_20260515_172849\files\arc_solver\82b9628ba5f2__operator_composition.py,C:\Users\mydyi\OneDrive\Documents\Desktop\Python_Reasoning_Functions_20260515_173222\functions_by_source\arc_solver\82b9628ba5f2__82b9628ba5f2__operator_composition.functions.py,8,ast,11226
arc_solver,H:\arc_production_solver\backup_root_scripts\production_solver.py,C:\Users\mydyi\OneDrive\Documents\Desktop\Python_Reasoning_Engines_20260515_172849\files\arc_solver\daa2a8deb1e8__production_solver.py,C:\Users\mydyi\OneDrive\Documents\Desktop\Python_Reasoning_Functions_20260515_173222\functions_by_source\arc_solver\daa2a8deb1e8__daa2a8deb1e8__production_solver.functions.py,5,ast,8659
arc_solver,H:\arc_production_solver\backup_root_scripts\solve_task_composition_BROKEN_BACKUP.py,C:\Users\mydyi\OneDrive\Documents\Desktop\Python_Reasoning_Engines_20260515_172849\files\arc_solver\c8531cf88da8__solve_task_composition_BROKEN_BACKUP.py,C:\Users\mydyi\OneDrive\Documents\Desktop\Python_Reasoning_Functions_20260515_173222\functions_by_source\arc_solver\c8531cf88da8__c8531cf88da8__solve_task_composition_BROKEN_BACKUP.functions.py,7,ast,6902
arc_solver,H:\arc_production_solver\cod_616\arc_organ\arc_centering.py,C:\Users\mydyi\OneDrive\Documents\Desktop\Python_Reasoning_Engines_20260515_172849\files\arc_solver\ced333e23f98__arc_centering.py,C:\Users\mydyi\OneDrive\Documents\Desktop\Python_Reasoning_Functions_20260515_173222\functions_by_source\arc_solver\ced333e23f98__ced333e23f98__arc_centering.functions.py,8,ast,10453
arc_solver,H:\arc_production_solver\cod_616\arc_organ\arc_example_fuser.py,C:\Users\mydyi\OneDrive\Documents\Desktop\Python_Reasoning_Engines_20260515_172849\files\arc_solver\94dae160b70b__arc_example_fuser.py,C:\Users\mydyi\OneDrive\Documents\Desktop\Python_Reasoning_Functions_20260515_173222\functions_by_source\arc_solver\94dae160b70b__94dae160b70b__arc_example_fuser.functions.py,10,ast,10711
arc_solver,H:\arc_production_solver\cod_616\arc_organ\arc_grid_parser.py,C:\Users\mydyi\OneDrive\Documents\Desktop\Python_Reasoning_Engines_20260515_172849\files\arc_solver\82d77d25612d__arc_grid_parser.py,C:\Users\mydyi\OneDrive\Documents\Desktop\Python_Reasoning_Functions_20260515_173222\functions_by_source\arc_solver\82d77d25612d__82d77d25612d__arc_grid_parser.functions.py,8,ast,8645
arc_solver,H:\arc_production_solver\cod_616\arc_organ\arc_operators.py,C:\Users\mydyi\OneDrive\Documents\Desktop\Python_Reasoning_Engines_20260515_172849\files\arc_solver\fdd6a5bca593__arc_operators.py,C:\Users\mydyi\OneDrive\Documents\Desktop\Python_Reasoning_Functions_20260515_173222\functions_by_source\arc_solver\fdd6a5bca593__fdd6a5bca593__arc_operators.functions.py,64,ast,79848
arc_solver,H:\arc_production_solver\cod_616\arc_organ\arc_pixel_metadata.py,C:\Users\mydyi\OneDrive\Documents\Desktop\Python_Reasoning_Engines_20260515_172849\files\arc_solver\4acd529435d0__arc_pixel_metadata.py,C:\Users\mydyi\OneDrive\Documents\Desktop\Python_Reasoning_Functions_20260515_173222\functions_by_source\arc_solver\4acd529435d0__4acd529435d0__arc_pixel_metadata.functions.py,12,ast,15428
arc_solver,H:\arc_production_solver\cod_616\arc_organ\arc_recognition_field.py,C:\Users\mydyi\OneDrive\Documents\Desktop\Python_Reasoning_Engines_20260515_172849\files\arc_solver\1ca7266d69b6__arc_recognition_field.py,C:\Users\mydyi\OneDrive\Documents\Desktop\Python_Reasoning_Functions_20260515_173222\functions_by_source\arc_solver\1ca7266d69b6__1ca7266d69b6__arc_recognition_field.functions.py,11,ast,13043
arc_solver,H:\arc_production_solver\cod_616\arc_organ\arc_recognition_field_v2.py,C:\Users\mydyi\OneDrive\Documents\Desktop\Python_Reasoning_Engines_20260515_172849\files\arc_solver\7d127fb4c11b__arc_recognition_field_v2.py,C:\Users\mydyi\OneDrive\Documents\Desktop\Python_Reasoning_Functions_20260515_173222\functions_by_source\arc_solver\7d127fb4c11b__7d127fb4c11b__arc_recognition_field_v2.functions.py,3,ast,2924
arc_solver,H:\arc_production_solver\cod_616\arc_organ\arc_resonance_state.py,C:\Users\mydyi\OneDrive\Documents\Desktop\Python_Reasoning_Engines_20260515_172849\files\arc_solver\399ca3274d15__arc_resonance_state.py,C:\Users\mydyi\OneDrive\Documents\Desktop\Python_Reasoning_Functions_20260515_173222\functions_by_source\arc_solver\399ca3274d15__399ca3274d15__arc_resonance_state.functions.py,2,ast,7075
arc_solver,H:\arc_production_solver\cod_616\arc_organ\arc_resonance_state_v2.py,C:\Users\mydyi\OneDrive\Documents\Desktop\Python_Reasoning_Engines_20260515_172849\files\arc_solver\e2ce06bac587__arc_resonance_state_v2.py,C:\Users\mydyi\OneDrive\Documents\Desktop\Python_Reasoning_Functions_20260515_173222\functions_by_source\arc_solver\e2ce06bac587__e2ce06bac587__arc_resonance_state_v2.functions.py,19,ast,17361
arc_solver,H:\arc_production_solver\cod_616\arc_organ\arc_rule_applicator.py,C:\Users\mydyi\OneDrive\Documents\Desktop\Python_Reasoning_Engines_20260515_172849\files\arc_solver\0a203a09a2d5__arc_rule_applicator.py,C:\Users\mydyi\OneDrive\Documents\Desktop\Python_Reasoning_Functions_20260515_173222\functions_by_source\arc_solver\0a203a09a2d5__0a203a09a2d5__arc_rule_applicator.functions.py,9,ast,12441
arc_solver,H:\arc_production_solver\cod_616\arc_organ\arc_rule_engine.py,C:\Users\mydyi\OneDrive\Documents\Desktop\Python_Reasoning_Engines_20260515_172849\files\arc_solver\be061cd7b1dc__arc_rule_engine.py,C:\Users\mydyi\OneDrive\Documents\Desktop\Python_Reasoning_Functions_20260515_173222\functions_by_source\arc_solver\be061cd7b1dc__be061cd7b1dc__arc_rule_engine.functions.py,6,ast,4953
arc_solver,H:\arc_production_solver\cod_616\arc_organ\arc_rule_hypothesis.py,C:\Users\mydyi\OneDrive\Documents\Desktop\Python_Reasoning_Engines_20260515_172849\files\arc_solver\4d44d0c63c12__arc_rule_hypothesis.py,C:\Users\mydyi\OneDrive\Documents\Desktop\Python_Reasoning_Functions_20260515_173222\functions_by_source\arc_solver\4d44d0c63c12__4d44d0c63c12__arc_rule_hypothesis.functions.py,14,ast,19354
arc_solver,H:\arc_production_solver\cod_616\arc_organ\arc_submission_builder.py,C:\Users\mydyi\OneDrive\Documents\Desktop\Python_Reasoning_Engines_20260515_172849\files\arc_solver\3334cb5d44e6__arc_submission_builder.py,C:\Users\mydyi\OneDrive\Documents\Desktop\Python_Reasoning_Functions_20260515_173222\functions_by_source\arc_solver\3334cb5d44e6__3334cb5d44e6__arc_submission_builder.functions.py,4,ast,6314
arc_solver,H:\arc_production_solver\cod_616\arc_organ\arc_task_runner.py,C:\Users\mydyi\OneDrive\Documents\Desktop\Python_Reasoning_Engines_20260515_172849\files\arc_solver\4d4fcb662f79__arc_task_runner.py,C:\Users\mydyi\OneDrive\Documents\Desktop\Python_Reasoning_Functions_20260515_173222\functions_by_source\arc_solver\4d4fcb662f79__4d4fcb662f79__arc_task_runner.functions.py,4,ast,9304
arc_solver,H:\arc_production_solver\cod_616\arc_organ\arc_two_attempt_sampler.py,C:\Users\mydyi\OneDrive\Documents\Desktop\Python_Reasoning_Engines_20260515_172849\files\arc_solver\bdb25595faf4__arc_two_attempt_sampler.py,C:\Users\mydyi\OneDrive\Documents\Desktop\Python_Reasoning_Functions_20260515_173222\functions_by_source\arc_solver\bdb25595faf4__bdb25595faf4__arc_two_attempt_sampler.functions.py,2,ast,1866
arc_solver,H:\arc_production_solver\cod_616\arc_organ\centering.py,C:\Users\mydyi\OneDrive\Documents\Desktop\Python_Reasoning_Engines_20260515_172849\files\arc_solver\5dfabeeab4bb__centering.py,C:\Users\mydyi\OneDrive\Documents\Desktop\Python_Reasoning_Functions_20260515_173222\functions_by_source\arc_solver\5dfabeeab4bb__5dfabeeab4bb__centering.functions.py,4,ast,4614
arc_solver,H:\arc_production_solver\cod_616\arc_organ\composition_engine.py,C:\Users\mydyi\OneDrive\Documents\Desktop\Python_Reasoning_Engines_20260515_172849\files\arc_solver\2afd4475efc2__composition_engine.py,C:\Users\mydyi\OneDrive\Documents\Desktop\Python_Reasoning_Functions_20260515_173222\functions_by_source\arc_solver\2afd4475efc2__2afd4475efc2__composition_engine.functions.py,11,ast,9908
arc_solver,H:\arc_production_solver\cod_616\arc_organ\evaluate_composition.py,C:\Users\mydyi\OneDrive\Documents\Desktop\Python_Reasoning_Engines_20260515_172849\files\arc_solver\5728e06a1d21__evaluate_composition.py,C:\Users\mydyi\OneDrive\Documents\Desktop\Python_Reasoning_Functions_20260515_173222\functions_by_source\arc_solver\5728e06a1d21__5728e06a1d21__evaluate_composition.functions.py,4,ast,7767
arc_solver,H:\arc_production_solver\cod_616\arc_organ\feature_extractor.py,C:\Users\mydyi\OneDrive\Documents\Desktop\Python_Reasoning_Engines_20260515_172849\files\arc_solver\ab5a7d165b91__feature_extractor.py,C:\Users\mydyi\OneDrive\Documents\Desktop\Python_Reasoning_Functions_20260515_173222\functions_by_source\arc_solver\ab5a7d165b91__ab5a7d165b91__feature_extractor.functions.py,11,ast,9087
arc_solver,H:\arc_production_solver\cod_616\arc_organ\operators\checkerboard_tiling_alternating.py,C:\Users\mydyi\OneDrive\Documents\Desktop\Python_Reasoning_Engines_20260515_172849\files\arc_solver\ae953409f428__checkerboard_tiling_alternating.py,C:\Users\mydyi\OneDrive\Documents\Desktop\Python_Reasoning_Functions_20260515_173222\functions_by_source\arc_solver\ae953409f428__ae953409f428__checkerboard_tiling_alternating.functions.py,3,ast,3727
arc_solver,H:\arc_production_solver\cod_616\arc_organ\operators\enclosed_region_fill.py,C:\Users\mydyi\OneDrive\Documents\Desktop\Python_Reasoning_Engines_20260515_172849\files\arc_solver\0ef49aada2fd__enclosed_region_fill.py,C:\Users\mydyi\OneDrive\Documents\Desktop\Python_Reasoning_Functions_20260515_173222\functions_by_source\arc_solver\0ef49aada2fd__0ef49aada2fd__enclosed_region_fill.functions.py,3,ast,5672
arc_solver,H:\arc_production_solver\cod_616\arc_organ\operators\pattern_completion_prototype.py,C:\Users\mydyi\OneDrive\Documents\Desktop\Python_Reasoning_Engines_20260515_172849\files\arc_solver\38dc51bc88d8__pattern_completion_prototype.py,C:\Users\mydyi\OneDrive\Documents\Desktop\Python_Reasoning_Functions_20260515_173222\functions_by_source\arc_solver\38dc51bc88d8__38dc51bc88d8__pattern_completion_prototype.functions.py,4,ast,5293
arc_solver,H:\arc_production_solver\cod_616\arc_organ\operators\shape_reference_recolor.py,C:\Users\mydyi\OneDrive\Documents\Desktop\Python_Reasoning_Engines_20260515_172849\files\arc_solver\07ebdc8c7d59__shape_reference_recolor.py,C:\Users\mydyi\OneDrive\Documents\Desktop\Python_Reasoning_Functions_20260515_173222\functions_by_source\arc_solver\07ebdc8c7d59__07ebdc8c7d59__shape_reference_recolor.functions.py,3,ast,4713
arc_solver,H:\arc_production_solver\cod_616\arc_organ\operators\symmetry_from_fragment.py,C:\Users\mydyi\OneDrive\Documents\Desktop\Python_Reasoning_Engines_20260515_172849\files\arc_solver\6e0019cb5591__symmetry_from_fragment.py,C:\Users\mydyi\OneDrive\Documents\Desktop\Python_Reasoning_Functions_20260515_173222\functions_by_source\arc_solver\6e0019cb5591__6e0019cb5591__symmetry_from_fragment.functions.py,3,ast,4429
arc_solver,H:\arc_production_solver\cod_616\arc_organ\prior_selector.py,C:\Users\mydyi\OneDrive\Documents\Desktop\Python_Reasoning_Engines_20260515_172849\files\arc_solver\de641de22941__prior_selector.py,C:\Users\mydyi\OneDrive\Documents\Desktop\Python_Reasoning_Functions_20260515_173222\functions_by_source\arc_solver\de641de22941__de641de22941__prior_selector.functions.py,10,ast,7754
arc_solver,H:\arc_production_solver\cod_616\arc_organ\solve_task_composition.py,C:\Users\mydyi\OneDrive\Documents\Desktop\Python_Reasoning_Engines_20260515_172849\files\arc_solver\8c59dd91f27c__solve_task_composition.py,C:\Users\mydyi\OneDrive\Documents\Desktop\Python_Reasoning_Functions_20260515_173222\functions_by_source\arc_solver\8c59dd91f27c__8c59dd91f27c__solve_task_composition.functions.py,5,ast,7116
arc_solver,H:\arc_production_solver\cod_616\arc_organ\test_arc_simple.py,C:\Users\mydyi\OneDrive\Documents\Desktop\Python_Reasoning_Engines_20260515_172849\files\arc_solver\d22c534debb6__test_arc_simple.py,C:\Users\mydyi\OneDrive\Documents\Desktop\Python_Reasoning_Functions_20260515_173222\functions_by_source\arc_solver\d22c534debb6__d22c534debb6__test_arc_simple.functions.py,3,ast,3715
arc_solver,H:\arc_production_solver\cod_616\arc_organ\test_submission_pipeline.py,C:\Users\mydyi\OneDrive\Documents\Desktop\Python_Reasoning_Engines_20260515_172849\files\arc_solver\7bc1c923d51c__test_submission_pipeline.py,C:\Users\mydyi\OneDrive\Documents\Desktop\Python_Reasoning_Functions_20260515_173222\functions_by_source\arc_solver\7bc1c923d51c__7bc1c923d51c__test_submission_pipeline.functions.py,1,ast,1997
arc_solver,H:\arc_production_solver\cod_616\modules\fusion_616_engine.py,C:\Users\mydyi\OneDrive\Documents\Desktop\Python_Reasoning_Engines_20260515_172849\files\arc_solver\eefc62714a09__fusion_616_engine.py,C:\Users\mydyi\OneDrive\Documents\Desktop\Python_Reasoning_Functions_20260515_173222\functions_by_source\arc_solver\eefc62714a09__eefc62714a09__fusion_616_engine.functions.py,5,ast,9612
arc_solver,H:\arc_production_solver\engines\anchor_analyzer.py,C:\Users\mydyi\OneDrive\Documents\Desktop\Python_Reasoning_Engines_20260515_172849\files\arc_solver\f8aed864e1f5__anchor_analyzer.py,C:\Users\mydyi\OneDrive\Documents\Desktop\Python_Reasoning_Functions_20260515_173222\functions_by_source\arc_solver\f8aed864e1f5__f8aed864e1f5__anchor_analyzer.functions.py,5,ast,13748
arc_solver,H:\arc_production_solver\engines\base_engine.py,C:\Users\mydyi\OneDrive\Documents\Desktop\Python_Reasoning_Engines_20260515_172849\files\arc_solver\5f432203a0c6__base_engine.py,C:\Users\mydyi\OneDrive\Documents\Desktop\Python_Reasoning_Functions_20260515_173222\functions_by_source\arc_solver\5f432203a0c6__5f432203a0c6__base_engine.functions.py,8,ast,3598
arc_solver,H:\arc_production_solver\engines\color_engine.py,C:\Users\mydyi\OneDrive\Documents\Desktop\Python_Reasoning_Engines_20260515_172849\files\arc_solver\107753a73fa7__color_engine.py,C:\Users\mydyi\OneDrive\Documents\Desktop\Python_Reasoning_Functions_20260515_173222\functions_by_source\arc_solver\107753a73fa7__107753a73fa7__color_engine.functions.py,34,ast,37184
arc_solver,H:\arc_production_solver\engines\comp_engine_v2.py,C:\Users\mydyi\OneDrive\Documents\Desktop\Python_Reasoning_Engines_20260515_172849\files\arc_solver\5f7e4e767de0__comp_engine_v2.py,C:\Users\mydyi\OneDrive\Documents\Desktop\Python_Reasoning_Functions_20260515_173222\functions_by_source\arc_solver\5f7e4e767de0__5f7e4e767de0__comp_engine_v2.functions.py,21,ast,23156
arc_solver,H:\arc_production_solver\engines\geo_engine.py,C:\Users\mydyi\OneDrive\Documents\Desktop\Python_Reasoning_Engines_20260515_172849\files\arc_solver\5f28d6e1099a__geo_engine.py,C:\Users\mydyi\OneDrive\Documents\Desktop\Python_Reasoning_Functions_20260515_173222\functions_by_source\arc_solver\5f28d6e1099a__5f28d6e1099a__geo_engine.functions.py,11,ast,13554
arc_solver,H:\arc_production_solver\engines\object_geometry.py,C:\Users\mydyi\OneDrive\Documents\Desktop\Python_Reasoning_Engines_20260515_172849\files\arc_solver\7e8eba4d8277__object_geometry.py,C:\Users\mydyi\OneDrive\Documents\Desktop\Python_Reasoning_Functions_20260515_173222\functions_by_source\arc_solver\7e8eba4d8277__7e8eba4d8277__object_geometry.functions.py,4,ast,8667
arc_solver,H:\arc_production_solver\engines\rel_engine.py,C:\Users\mydyi\OneDrive\Documents\Desktop\Python_Reasoning_Engines_20260515_172849\files\arc_solver\42981f2bb787__rel_engine.py,C:\Users\mydyi\OneDrive\Documents\Desktop\Python_Reasoning_Functions_20260515_173222\functions_by_source\arc_solver\42981f2bb787__42981f2bb787__rel_engine.functions.py,6,ast,9843
arc_solver,H:\arc_production_solver\engines\rel_engine_v2.py,C:\Users\mydyi\OneDrive\Documents\Desktop\Python_Reasoning_Engines_20260515_172849\files\arc_solver\4245ac29da53__rel_engine_v2.py,C:\Users\mydyi\OneDrive\Documents\Desktop\Python_Reasoning_Functions_20260515_173222\functions_by_source\arc_solver\4245ac29da53__4245ac29da53__rel_engine_v2.functions.py,4,ast,5941
arc_solver,H:\arc_production_solver\engines\shape_engine.py,C:\Users\mydyi\OneDrive\Documents\Desktop\Python_Reasoning_Engines_20260515_172849\files\arc_solver\71350625111b__shape_engine.py,C:\Users\mydyi\OneDrive\Documents\Desktop\Python_Reasoning_Functions_20260515_173222\functions_by_source\arc_solver\71350625111b__71350625111b__shape_engine.functions.py,8,ast,9906
arc_solver,H:\arc_production_solver\engines\transform_library.py,C:\Users\mydyi\OneDrive\Documents\Desktop\Python_Reasoning_Engines_20260515_172849\files\arc_solver\353326cdcb9c__transform_library.py,C:\Users\mydyi\OneDrive\Documents\Desktop\Python_Reasoning_Functions_20260515_173222\functions_by_source\arc_solver\353326cdcb9c__353326cdcb9c__transform_library.functions.py,12,ast,14427
arc_solver,H:\arc_production_solver\research\composition_finder.py,C:\Users\mydyi\OneDrive\Documents\Desktop\Python_Reasoning_Engines_20260515_172849\files\arc_solver\2b1a1e2f43d2__composition_finder.py,C:\Users\mydyi\OneDrive\Documents\Desktop\Python_Reasoning_Functions_20260515_173222\functions_by_source\arc_solver\2b1a1e2f43d2__2b1a1e2f43d2__composition_finder.functions.py,4,ast,8173
arc_solver,H:\arc_production_solver\scripts\evaluation\run_arc_core_evaluation.py,C:\Users\mydyi\OneDrive\Documents\Desktop\Python_Reasoning_Engines_20260515_172849\files\arc_solver\d06d78b358a8__run_arc_core_evaluation.py,C:\Users\mydyi\OneDrive\Documents\Desktop\Python_Reasoning_Functions_20260515_173222\functions_by_source\arc_solver\d06d78b358a8__d06d78b358a8__run_arc_core_evaluation.functions.py,2,ast,6082
arc_solver,H:\arc_production_solver\scripts\testing\test_arc_core.py,C:\Users\mydyi\OneDrive\Documents\Desktop\Python_Reasoning_Engines_20260515_172849\files\arc_solver\0fe24860f2f2__test_arc_core.py,C:\Users\mydyi\OneDrive\Documents\Desktop\Python_Reasoning_Functions_20260515_173222\functions_by_source\arc_solver\0fe24860f2f2__0fe24860f2f2__test_arc_core.functions.py,3,ast,2890
arc_solver,H:\arc_production_solver\scripts\testing\test_comp_engine_v2.py,C:\Users\mydyi\OneDrive\Documents\Desktop\Python_Reasoning_Engines_20260515_172849\files\arc_solver\07df3e7a68dd__test_comp_engine_v2.py,C:\Users\mydyi\OneDrive\Documents\Desktop\Python_Reasoning_Functions_20260515_173222\functions_by_source\arc_solver\07df3e7a68dd__07df3e7a68dd__test_comp_engine_v2.functions.py,6,ast,6664
arc_solver,H:\arc_production_solver\scripts\testing\test_geo_engine.py,C:\Users\mydyi\OneDrive\Documents\Desktop\Python_Reasoning_Engines_20260515_172849\files\arc_solver\08f21decb799__test_geo_engine.py,C:\Users\mydyi\OneDrive\Documents\Desktop\Python_Reasoning_Functions_20260515_173222\functions_by_source\arc_solver\08f21decb799__08f21decb799__test_geo_engine.functions.py,4,ast,3576
arc_solver,H:\arc_production_solver\scripts\testing\test_rel_engine.py,C:\Users\mydyi\OneDrive\Documents\Desktop\Python_Reasoning_Engines_20260515_172849\files\arc_solver\077da50b7aa2__test_rel_engine.py,C:\Users\mydyi\OneDrive\Documents\Desktop\Python_Reasoning_Functions_20260515_173222\functions_by_source\arc_solver\077da50b7aa2__077da50b7aa2__test_rel_engine.functions.py,6,ast,6574
arc_solver,H:\arc_production_solver\scripts\testing\test_shape_engine.py,C:\Users\mydyi\OneDrive\Documents\Desktop\Python_Reasoning_Engines_20260515_172849\files\arc_solver\518f5af8c7d8__test_shape_engine.py,C:\Users\mydyi\OneDrive\Documents\Desktop\Python_Reasoning_Functions_20260515_173222\functions_by_source\arc_solver\518f5af8c7d8__518f5af8c7d8__test_shape_engine.functions.py,6,ast,5442
arc_solver,H:\arc_production_solver\solvers\baseline_solver.py,C:\Users\mydyi\OneDrive\Documents\Desktop\Python_Reasoning_Engines_20260515_172849\files\arc_solver\73b2c49992ce__baseline_solver.py,C:\Users\mydyi\OneDrive\Documents\Desktop\Python_Reasoning_Functions_20260515_173222\functions_by_source\arc_solver\73b2c49992ce__73b2c49992ce__baseline_solver.functions.py,3,ast,2961
arc_solver,H:\arc_production_solver\solvers\composition_solver.py,C:\Users\mydyi\OneDrive\Documents\Desktop\Python_Reasoning_Engines_20260515_172849\files\arc_solver\e4d870ce788e__composition_solver.py,C:\Users\mydyi\OneDrive\Documents\Desktop\Python_Reasoning_Functions_20260515_173222\functions_by_source\arc_solver\e4d870ce788e__e4d870ce788e__composition_solver.functions.py,2,ast,2453
arc_solver,H:\arc_production_solver\solvers\production_solver.py,C:\Users\mydyi\OneDrive\Documents\Desktop\Python_Reasoning_Engines_20260515_172849\files\arc_solver\7b510e46fa3e__production_solver.py,C:\Users\mydyi\OneDrive\Documents\Desktop\Python_Reasoning_Functions_20260515_173222\functions_by_source\arc_solver\7b510e46fa3e__7b510e46fa3e__production_solver.functions.py,4,ast,2392
arc_solver,H:\arc_production_solver\tools\evaluate_meta_comp.py,C:\Users\mydyi\OneDrive\Documents\Desktop\Python_Reasoning_Engines_20260515_172849\files\arc_solver\ee1713b39ef1__evaluate_meta_comp.py,C:\Users\mydyi\OneDrive\Documents\Desktop\Python_Reasoning_Functions_20260515_173222\functions_by_source\arc_solver\ee1713b39ef1__ee1713b39ef1__evaluate_meta_comp.functions.py,1,ast,6577
arc_solver,H:\arc_production_solver\tools\test_color_engine_arc.py,C:\Users\mydyi\OneDrive\Documents\Desktop\Python_Reasoning_Engines_20260515_172849\files\arc_solver\e45daf26b933__test_color_engine_arc.py,C:\Users\mydyi\OneDrive\Documents\Desktop\Python_Reasoning_Functions_20260515_173222\functions_by_source\arc_solver\e45daf26b933__e45daf26b933__test_color_engine_arc.functions.py,2,ast,5341
arc_solver,H:\arc_production_solver\tools\test_comp_engine_solves.py,C:\Users\mydyi\OneDrive\Documents\Desktop\Python_Reasoning_Engines_20260515_172849\files\arc_solver\804a8b7f5e64__test_comp_engine_solves.py,C:\Users\mydyi\OneDrive\Documents\Desktop\Python_Reasoning_Functions_20260515_173222\functions_by_source\arc_solver\804a8b7f5e64__804a8b7f5e64__test_comp_engine_solves.functions.py,2,ast,3952
arc_solver,H:\arc_production_solver\tools\test_composition_solver.py,C:\Users\mydyi\OneDrive\Documents\Desktop\Python_Reasoning_Engines_20260515_172849\files\arc_solver\f2a95d41c0c7__test_composition_solver.py,C:\Users\mydyi\OneDrive\Documents\Desktop\Python_Reasoning_Functions_20260515_173222\functions_by_source\arc_solver\f2a95d41c0c7__f2a95d41c0c7__test_composition_solver.functions.py,1,ast,4862
arc_solver,H:\arc_production_solver\tools\test_engine_integration.py,C:\Users\mydyi\OneDrive\Documents\Desktop\Python_Reasoning_Engines_20260515_172849\files\arc_solver\3ffc16cc6e0c__test_engine_integration.py,C:\Users\mydyi\OneDrive\Documents\Desktop\Python_Reasoning_Functions_20260515_173222\functions_by_source\arc_solver\3ffc16cc6e0c__3ffc16cc6e0c__test_engine_integration.functions.py,1,ast,573
arc_solver,H:\arc_production_solver\tools\test_pattern_engine_arc.py,C:\Users\mydyi\OneDrive\Documents\Desktop\Python_Reasoning_Engines_20260515_172849\files\arc_solver\a59c44cbe535__test_pattern_engine_arc.py,C:\Users\mydyi\OneDrive\Documents\Desktop\Python_Reasoning_Functions_20260515_173222\functions_by_source\arc_solver\a59c44cbe535__a59c44cbe535__test_pattern_engine_arc.functions.py,3,ast,5263
arc_solver,H:\arc_production_solver\tools\validate_comp_engine.py,C:\Users\mydyi\OneDrive\Documents\Desktop\Python_Reasoning_Engines_20260515_172849\files\arc_solver\11fa16991fcb__validate_comp_engine.py,C:\Users\mydyi\OneDrive\Documents\Desktop\Python_Reasoning_Functions_20260515_173222\functions_by_source\arc_solver\11fa16991fcb__11fa16991fcb__validate_comp_engine.functions.py,7,ast,8386
clearbox,C:\Users\mydyi\Desktop\Clearbox-616-Standalone\bridges\binary_store.py,C:\Users\mydyi\OneDrive\Documents\Desktop\Python_Reasoning_Engines_20260515_172849\files\clearbox\9fac6d283ad9__binary_store.py,C:\Users\mydyi\OneDrive\Documents\Desktop\Python_Reasoning_Functions_20260515_173222\functions_by_source\clearbox\9fac6d283ad9__9fac6d283ad9__binary_store.functions.py,62,ast,43045
clearbox,C:\Users\mydyi\Desktop\Clearbox-616-Standalone\core\reasoning_616\engine.py,C:\Users\mydyi\OneDrive\Documents\Desktop\Python_Reasoning_Engines_20260515_172849\files\clearbox\8898bff17153__engine.py,C:\Users\mydyi\OneDrive\Documents\Desktop\Python_Reasoning_Functions_20260515_173222\functions_by_source\clearbox\8898bff17153__8898bff17153__engine.functions.py,31,ast,30026
clearbox,C:\Users\mydyi\Desktop\Clearbox-616-Standalone\standalone616\cli.py,C:\Users\mydyi\OneDrive\Documents\Desktop\Python_Reasoning_Engines_20260515_172849\files\clearbox\60222cabfad9__cli.py,C:\Users\mydyi\OneDrive\Documents\Desktop\Python_Reasoning_Functions_20260515_173222\functions_by_source\clearbox\60222cabfad9__60222cabfad9__cli.functions.py,14,ast,9362
clearbox,C:\Users\mydyi\OneDrive\Documents\Desktop\clearbox-plugins\chat_packs\core\engine.py,C:\Users\mydyi\OneDrive\Documents\Desktop\Python_Reasoning_Engines_20260515_172849\files\clearbox\ce212a6e717f__engine.py,C:\Users\mydyi\OneDrive\Documents\Desktop\Python_Reasoning_Functions_20260515_173222\functions_by_source\clearbox\ce212a6e717f__ce212a6e717f__engine.functions.py,19,ast,19459
clearbox,C:\Users\mydyi\OneDrive\Documents\Desktop\clearbox-plugins\clearbox_ai_social\core\engine.py,C:\Users\mydyi\OneDrive\Documents\Desktop\Python_Reasoning_Engines_20260515_172849\files\clearbox\39fe8df47196__engine.py,C:\Users\mydyi\OneDrive\Documents\Desktop\Python_Reasoning_Functions_20260515_173222\functions_by_source\clearbox\39fe8df47196__39fe8df47196__engine.functions.py,19,ast,12978
clearbox,C:\Users\mydyi\OneDrive\Documents\Desktop\clearbox-plugins\forest_node\core\engine.py,C:\Users\mydyi\OneDrive\Documents\Desktop\Python_Reasoning_Engines_20260515_172849\files\clearbox\5bdac5a3dad8__engine.py,C:\Users\mydyi\OneDrive\Documents\Desktop\Python_Reasoning_Functions_20260515_173222\functions_by_source\clearbox\5bdac5a3dad8__5bdac5a3dad8__engine.functions.py,27,ast,17014
clearbox,C:\Users\mydyi\OneDrive\Documents\Desktop\clearbox-plugins\genesis_cite\engine.py,C:\Users\mydyi\OneDrive\Documents\Desktop\Python_Reasoning_Engines_20260515_172849\files\clearbox\c57d4110a76f__engine.py,C:\Users\mydyi\OneDrive\Documents\Desktop\Python_Reasoning_Functions_20260515_173222\functions_by_source\clearbox\c57d4110a76f__c57d4110a76f__engine.functions.py,11,ast,7829
clearbox,C:\Users\mydyi\OneDrive\Documents\Desktop\clearbox-plugins\genesis_cite\tests\test_engine.py,C:\Users\mydyi\OneDrive\Documents\Desktop\Python_Reasoning_Engines_20260515_172849\files\clearbox\df898700cc30__test_engine.py,C:\Users\mydyi\OneDrive\Documents\Desktop\Python_Reasoning_Functions_20260515_173222\functions_by_source\clearbox\df898700cc30__df898700cc30__test_engine.functions.py,20,ast,9111
clearbox,C:\Users\mydyi\OneDrive\Documents\Desktop\clearbox-plugins\help_system\core\engine.py,C:\Users\mydyi\OneDrive\Documents\Desktop\Python_Reasoning_Engines_20260515_172849\files\clearbox\28ffd6b9eb67__engine.py,C:\Users\mydyi\OneDrive\Documents\Desktop\Python_Reasoning_Functions_20260515_173222\functions_by_source\clearbox\28ffd6b9eb67__28ffd6b9eb67__engine.functions.py,7,ast,4314
clearbox,C:\Users\mydyi\OneDrive\Documents\Desktop\clearbox-plugins\lakespeak\retrieval\query.py,C:\Users\mydyi\OneDrive\Documents\Desktop\Python_Reasoning_Engines_20260515_172849\files\clearbox\401280965023__query.py,C:\Users\mydyi\OneDrive\Documents\Desktop\Python_Reasoning_Functions_20260515_173222\functions_by_source\clearbox\401280965023__401280965023__query.functions.py,14,ast,27135
clearbox,C:\Users\mydyi\OneDrive\Documents\Desktop\clearbox-plugins\openrefine\core\engine.py,C:\Users\mydyi\OneDrive\Documents\Desktop\Python_Reasoning_Engines_20260515_172849\files\clearbox\82ddbacc0290__engine.py,C:\Users\mydyi\OneDrive\Documents\Desktop\Python_Reasoning_Functions_20260515_173222\functions_by_source\clearbox\82ddbacc0290__82ddbacc0290__engine.functions.py,25,ast,16902
clearbox,C:\Users\mydyi\OneDrive\Documents\Desktop\clearbox-plugins\reasoning_engine\engine.py,C:\Users\mydyi\OneDrive\Documents\Desktop\Python_Reasoning_Engines_20260515_172849\files\clearbox\bff6f53181d5__engine.py,C:\Users\mydyi\OneDrive\Documents\Desktop\Python_Reasoning_Functions_20260515_173222\functions_by_source\clearbox\bff6f53181d5__bff6f53181d5__engine.functions.py,20,ast,24583
clearbox,C:\Users\mydyi\OneDrive\Documents\Desktop\clearbox-plugins\system_pulse\core\engine.py,C:\Users\mydyi\OneDrive\Documents\Desktop\Python_Reasoning_Engines_20260515_172849\files\clearbox\d48acf0fa4c7__engine.py,C:\Users\mydyi\OneDrive\Documents\Desktop\Python_Reasoning_Functions_20260515_173222\functions_by_source\clearbox\d48acf0fa4c7__d48acf0fa4c7__engine.functions.py,7,ast,5471
clearbox,E:\Clearbox-AI-Plugin-Runner-main\Clearbox-AI-Plugin-Runner-main\bridges\forest_bridge_server.py,C:\Users\mydyi\OneDrive\Documents\Desktop\Python_Reasoning_Engines_20260515_172849\files\clearbox\ad52fe9e24ad__forest_bridge_server.py,C:\Users\mydyi\OneDrive\Documents\Desktop\Python_Reasoning_Functions_20260515_173222\functions_by_source\clearbox\ad52fe9e24ad__ad52fe9e24ad__forest_bridge_server.functions.py,55,ast,250640
clearbox,E:\Clearbox-AI-Plugin-Runner-main\Clearbox-AI-Plugin-Runner-main\bridges\tool_defs.py,C:\Users\mydyi\OneDrive\Documents\Desktop\Python_Reasoning_Engines_20260515_172849\files\clearbox\26cc9a06eea7__tool_defs.py,C:\Users\mydyi\OneDrive\Documents\Desktop\Python_Reasoning_Functions_20260515_173222\functions_by_source\clearbox\26cc9a06eea7__26cc9a06eea7__tool_defs.functions.py,30,ast,28940
clearbox,E:\Clearbox-AI-Plugin-Runner-main\Clearbox-AI-Plugin-Runner-main\claude_sandbox\multi_ai_orchestrator\api\multi_ai_api.py,C:\Users\mydyi\OneDrive\Documents\Desktop\Python_Reasoning_Engines_20260515_172849\files\clearbox\724def35d4dc__multi_ai_api.py,C:\Users\mydyi\OneDrive\Documents\Desktop\Python_Reasoning_Functions_20260515_173222\functions_by_source\clearbox\724def35d4dc__724def35d4dc__multi_ai_api.functions.py,11,ast,11300
clearbox,E:\Clearbox-AI-Plugin-Runner-main\Clearbox-AI-Plugin-Runner-main\claude_sandbox\plugins\market_oracle\core\metrics_calculator.py,C:\Users\mydyi\OneDrive\Documents\Desktop\Python_Reasoning_Engines_20260515_172849\files\clearbox\87f760ff2cae__metrics_calculator.py,C:\Users\mydyi\OneDrive\Documents\Desktop\Python_Reasoning_Functions_20260515_173222\functions_by_source\clearbox\87f760ff2cae__87f760ff2cae__metrics_calculator.functions.py,3,ast,2864
clearbox,E:\Clearbox-AI-Plugin-Runner-main\Clearbox-AI-Plugin-Runner-main\claude_sandbox\plugins\market_oracle\core\report_generator.py,C:\Users\mydyi\OneDrive\Documents\Desktop\Python_Reasoning_Engines_20260515_172849\files\clearbox\a811972e78dc__report_generator.py,C:\Users\mydyi\OneDrive\Documents\Desktop\Python_Reasoning_Functions_20260515_173222\functions_by_source\clearbox\a811972e78dc__a811972e78dc__report_generator.functions.py,3,ast,4304
clearbox,E:\Clearbox-AI-Plugin-Runner-main\Clearbox-AI-Plugin-Runner-main\claude_sandbox\plugins\market_oracle\core\vision_chart.py,C:\Users\mydyi\OneDrive\Documents\Desktop\Python_Reasoning_Engines_20260515_172849\files\clearbox\a4e94e180c35__vision_chart.py,C:\Users\mydyi\OneDrive\Documents\Desktop\Python_Reasoning_Functions_20260515_173222\functions_by_source\clearbox\a4e94e180c35__a4e94e180c35__vision_chart.functions.py,2,ast,4467
clearbox,E:\Clearbox-AI-Plugin-Runner-main\Clearbox-AI-Plugin-Runner-main\claude_sandbox\plugins\market_oracle\market_oracle.py,C:\Users\mydyi\OneDrive\Documents\Desktop\Python_Reasoning_Engines_20260515_172849\files\clearbox\5d40fc909569__market_oracle.py,C:\Users\mydyi\OneDrive\Documents\Desktop\Python_Reasoning_Functions_20260515_173222\functions_by_source\clearbox\5d40fc909569__5d40fc909569__market_oracle.functions.py,9,ast,15093
clearbox,E:\Clearbox-AI-Plugin-Runner-main\Clearbox-AI-Plugin-Runner-main\plugin_runner.py,C:\Users\mydyi\OneDrive\Documents\Desktop\Python_Reasoning_Engines_20260515_172849\files\clearbox\07751fb85f20__plugin_runner.py,C:\Users\mydyi\OneDrive\Documents\Desktop\Python_Reasoning_Functions_20260515_173222\functions_by_source\clearbox\07751fb85f20__07751fb85f20__plugin_runner.functions.py,19,ast,19858
clearbox,E:\Clearbox-AI-Plugin-Runner-main\Clearbox-AI-Plugin-Runner-main\plugins\cascade_616\config.py,C:\Users\mydyi\OneDrive\Documents\Desktop\Python_Reasoning_Engines_20260515_172849\files\clearbox\12e813dabbba__config.py,C:\Users\mydyi\OneDrive\Documents\Desktop\Python_Reasoning_Functions_20260515_173222\functions_by_source\clearbox\12e813dabbba__12e813dabbba__config.functions.py,1,ast,1169
clearbox,E:\Clearbox-AI-Plugin-Runner-main\Clearbox-AI-Plugin-Runner-main\plugins\cascade_616\core\engine.py,C:\Users\mydyi\OneDrive\Documents\Desktop\Python_Reasoning_Engines_20260515_172849\files\clearbox\a9699ce2775b__engine.py,C:\Users\mydyi\OneDrive\Documents\Desktop\Python_Reasoning_Functions_20260515_173222\functions_by_source\clearbox\a9699ce2775b__a9699ce2775b__engine.functions.py,11,ast,5763
clearbox,E:\Clearbox-AI-Plugin-Runner-main\Clearbox-AI-Plugin-Runner-main\plugins\chat_packs\core\engine.py,C:\Users\mydyi\OneDrive\Documents\Desktop\Python_Reasoning_Engines_20260515_172849\files\clearbox\0f5e0c7bb27d__engine.py,C:\Users\mydyi\OneDrive\Documents\Desktop\Python_Reasoning_Functions_20260515_173222\functions_by_source\clearbox\0f5e0c7bb27d__0f5e0c7bb27d__engine.functions.py,19,ast,19473
clearbox,E:\Clearbox-AI-Plugin-Runner-main\Clearbox-AI-Plugin-Runner-main\plugins\clearbox_ai_social\core\engine.py,C:\Users\mydyi\OneDrive\Documents\Desktop\Python_Reasoning_Engines_20260515_172849\files\clearbox\a90c5216c069__engine.py,C:\Users\mydyi\OneDrive\Documents\Desktop\Python_Reasoning_Functions_20260515_173222\functions_by_source\clearbox\a90c5216c069__a90c5216c069__engine.functions.py,19,ast,12992
clearbox,E:\Clearbox-AI-Plugin-Runner-main\Clearbox-AI-Plugin-Runner-main\plugins\compucog\api\router.py,C:\Users\mydyi\OneDrive\Documents\Desktop\Python_Reasoning_Engines_20260515_172849\files\clearbox\80456abd487b__router.py,C:\Users\mydyi\OneDrive\Documents\Desktop\Python_Reasoning_Functions_20260515_173222\functions_by_source\clearbox\80456abd487b__80456abd487b__router.functions.py,8,ast,2861
clearbox,E:\Clearbox-AI-Plugin-Runner-main\Clearbox-AI-Plugin-Runner-main\plugins\forest_node\core\engine.py,C:\Users\mydyi\OneDrive\Documents\Desktop\Python_Reasoning_Engines_20260515_172849\files\clearbox\8c6752524c77__engine.py,C:\Users\mydyi\OneDrive\Documents\Desktop\Python_Reasoning_Functions_20260515_173222\functions_by_source\clearbox\8c6752524c77__8c6752524c77__engine.functions.py,27,ast,17028
clearbox,E:\Clearbox-AI-Plugin-Runner-main\Clearbox-AI-Plugin-Runner-main\plugins\genesis_cite\engine.py,C:\Users\mydyi\OneDrive\Documents\Desktop\Python_Reasoning_Engines_20260515_172849\files\clearbox\f09d5294526b__engine.py,C:\Users\mydyi\OneDrive\Documents\Desktop\Python_Reasoning_Functions_20260515_173222\functions_by_source\clearbox\f09d5294526b__f09d5294526b__engine.functions.py,11,ast,7843
clearbox,E:\Clearbox-AI-Plugin-Runner-main\Clearbox-AI-Plugin-Runner-main\plugins\genesis_cite\tests\test_engine.py,C:\Users\mydyi\OneDrive\Documents\Desktop\Python_Reasoning_Engines_20260515_172849\files\clearbox\5a2c79359e6e__test_engine.py,C:\Users\mydyi\OneDrive\Documents\Desktop\Python_Reasoning_Functions_20260515_173222\functions_by_source\clearbox\5a2c79359e6e__5a2c79359e6e__test_engine.functions.py,20,ast,9125
clearbox,E:\Clearbox-AI-Plugin-Runner-main\Clearbox-AI-Plugin-Runner-main\plugins\help_system\core\engine.py,C:\Users\mydyi\OneDrive\Documents\Desktop\Python_Reasoning_Engines_20260515_172849\files\clearbox\24b519092b55__engine.py,C:\Users\mydyi\OneDrive\Documents\Desktop\Python_Reasoning_Functions_20260515_173222\functions_by_source\clearbox\24b519092b55__24b519092b55__engine.functions.py,7,ast,4328
clearbox,E:\Clearbox-AI-Plugin-Runner-main\Clearbox-AI-Plugin-Runner-main\plugins\lakespeak\retrieval\query.py,C:\Users\mydyi\OneDrive\Documents\Desktop\Python_Reasoning_Engines_20260515_172849\files\clearbox\76e9fba86f5b__query.py,C:\Users\mydyi\OneDrive\Documents\Desktop\Python_Reasoning_Functions_20260515_173222\functions_by_source\clearbox\76e9fba86f5b__76e9fba86f5b__query.functions.py,14,ast,26978
clearbox,E:\Clearbox-AI-Plugin-Runner-main\Clearbox-AI-Plugin-Runner-main\plugins\plugins\cascade_616\api\router.py,C:\Users\mydyi\OneDrive\Documents\Desktop\Python_Reasoning_Engines_20260515_172849\files\clearbox\8f738516bf80__router.py,C:\Users\mydyi\OneDrive\Documents\Desktop\Python_Reasoning_Functions_20260515_173222\functions_by_source\clearbox\8f738516bf80__8f738516bf80__router.functions.py,9,ast,7073
clearbox,E:\Clearbox-AI-Plugin-Runner-main\Clearbox-AI-Plugin-Runner-main\plugins\plugins\cascade_616\config.py,C:\Users\mydyi\OneDrive\Documents\Desktop\Python_Reasoning_Engines_20260515_172849\files\clearbox\fdfe43d1794f__config.py,C:\Users\mydyi\OneDrive\Documents\Desktop\Python_Reasoning_Functions_20260515_173222\functions_by_source\clearbox\fdfe43d1794f__fdfe43d1794f__config.functions.py,1,ast,1177
clearbox,E:\Clearbox-AI-Plugin-Runner-main\Clearbox-AI-Plugin-Runner-main\plugins\plugins\cascade_616\core\cell_reader.py,C:\Users\mydyi\OneDrive\Documents\Desktop\Python_Reasoning_Engines_20260515_172849\files\clearbox\9d34973e1e4b__cell_reader.py,C:\Users\mydyi\OneDrive\Documents\Desktop\Python_Reasoning_Functions_20260515_173222\functions_by_source\clearbox\9d34973e1e4b__9d34973e1e4b__cell_reader.functions.py,16,ast,6791
clearbox,E:\Clearbox-AI-Plugin-Runner-main\Clearbox-AI-Plugin-Runner-main\plugins\plugins\cascade_616\core\cloud_cascade.py,C:\Users\mydyi\OneDrive\Documents\Desktop\Python_Reasoning_Engines_20260515_172849\files\clearbox\c92aed99ca49__cloud_cascade.py,C:\Users\mydyi\OneDrive\Documents\Desktop\Python_Reasoning_Functions_20260515_173222\functions_by_source\clearbox\c92aed99ca49__c92aed99ca49__cloud_cascade.functions.py,7,ast,8134
clearbox,E:\Clearbox-AI-Plugin-Runner-main\Clearbox-AI-Plugin-Runner-main\plugins\plugins\cascade_616\core\engine.py,C:\Users\mydyi\OneDrive\Documents\Desktop\Python_Reasoning_Engines_20260515_172849\files\clearbox\db5bf6a68457__engine.py,C:\Users\mydyi\OneDrive\Documents\Desktop\Python_Reasoning_Functions_20260515_173222\functions_by_source\clearbox\db5bf6a68457__db5bf6a68457__engine.functions.py,11,ast,5531
clearbox,E:\Clearbox-AI-Plugin-Runner-main\Clearbox-AI-Plugin-Runner-main\plugins\plugins\clearbox_ai_social\core\engine.py,C:\Users\mydyi\OneDrive\Documents\Desktop\Python_Reasoning_Engines_20260515_172849\files\clearbox\703b6326b087__engine.py,C:\Users\mydyi\OneDrive\Documents\Desktop\Python_Reasoning_Functions_20260515_173222\functions_by_source\clearbox\703b6326b087__703b6326b087__engine.functions.py,33,ast,23725
clearbox,E:\Clearbox-AI-Plugin-Runner-main\Clearbox-AI-Plugin-Runner-main\plugins\plugins\openrefine\core\engine.py,C:\Users\mydyi\OneDrive\Documents\Desktop\Python_Reasoning_Engines_20260515_172849\files\clearbox\e3c27626c33e__engine.py,C:\Users\mydyi\OneDrive\Documents\Desktop\Python_Reasoning_Functions_20260515_173222\functions_by_source\clearbox\e3c27626c33e__e3c27626c33e__engine.functions.py,25,ast,16924
clearbox,E:\Clearbox-AI-Plugin-Runner-main\Clearbox-AI-Plugin-Runner-main\plugins\plugins\research_browser\core\engine.py,C:\Users\mydyi\OneDrive\Documents\Desktop\Python_Reasoning_Engines_20260515_172849\files\clearbox\dc54a5d22afc__engine.py,C:\Users\mydyi\OneDrive\Documents\Desktop\Python_Reasoning_Functions_20260515_173222\functions_by_source\clearbox\dc54a5d22afc__dc54a5d22afc__engine.functions.py,15,ast,11509
clearbox,E:\Clearbox-AI-Plugin-Runner-main\Clearbox-AI-Plugin-Runner-main\plugins\reach\security\identity.py,C:\Users\mydyi\OneDrive\Documents\Desktop\Python_Reasoning_Engines_20260515_172849\files\clearbox\3951d6645480__identity.py,C:\Users\mydyi\OneDrive\Documents\Desktop\Python_Reasoning_Functions_20260515_173222\functions_by_source\clearbox\3951d6645480__3951d6645480__identity.functions.py,10,ast,3634
clearbox,E:\Clearbox-AI-Plugin-Runner-main\Clearbox-AI-Plugin-Runner-main\plugins\reasoning_engine\engine.py,C:\Users\mydyi\OneDrive\Documents\Desktop\Python_Reasoning_Engines_20260515_172849\files\clearbox\e5a14da23770__engine.py,C:\Users\mydyi\OneDrive\Documents\Desktop\Python_Reasoning_Functions_20260515_173222\functions_by_source\clearbox\e5a14da23770__e5a14da23770__engine.functions.py,20,ast,24597
clearbox,E:\clearbox-ai-studio-v2-main\bridges\binary_store.py,C:\Users\mydyi\OneDrive\Documents\Desktop\Python_Reasoning_Engines_20260515_172849\files\clearbox\37e6c973dceb__binary_store.py,C:\Users\mydyi\OneDrive\Documents\Desktop\Python_Reasoning_Functions_20260515_173222\functions_by_source\clearbox\37e6c973dceb__37e6c973dceb__binary_store.functions.py,62,ast,43028
clearbox,E:\clearbox-ai-studio-v2-main\bridges\clearbox_bridge_server.py,C:\Users\mydyi\OneDrive\Documents\Desktop\Python_Reasoning_Engines_20260515_172849\files\clearbox\2352a53a4a03__clearbox_bridge_server.py,C:\Users\mydyi\OneDrive\Documents\Desktop\Python_Reasoning_Functions_20260515_173222\functions_by_source\clearbox\2352a53a4a03__2352a53a4a03__clearbox_bridge_server.functions.py,10,ast,16239
clearbox,E:\clearbox-ai-studio-v2-main\bridges\helpers.py,C:\Users\mydyi\OneDrive\Documents\Desktop\Python_Reasoning_Engines_20260515_172849\files\clearbox\b3b49c76085e__helpers.py,C:\Users\mydyi\OneDrive\Documents\Desktop\Python_Reasoning_Functions_20260515_173222\functions_by_source\clearbox\b3b49c76085e__b3b49c76085e__helpers.functions.py,29,ast,16351
clearbox,E:\clearbox-ai-studio-v2-main\bridges\routers\lexicon.py,C:\Users\mydyi\OneDrive\Documents\Desktop\Python_Reasoning_Engines_20260515_172849\files\clearbox\bf682037b244__lexicon.py,C:\Users\mydyi\OneDrive\Documents\Desktop\Python_Reasoning_Functions_20260515_173222\functions_by_source\clearbox\bf682037b244__bf682037b244__lexicon.functions.py,1,ast,13578
clearbox,E:\clearbox-ai-studio-v2-main\bridges\services\chat_mode_executor.py,C:\Users\mydyi\OneDrive\Documents\Desktop\Python_Reasoning_Engines_20260515_172849\files\clearbox\f5254ac19d6d__chat_mode_executor.py,C:\Users\mydyi\OneDrive\Documents\Desktop\Python_Reasoning_Functions_20260515_173222\functions_by_source\clearbox\f5254ac19d6d__f5254ac19d6d__chat_mode_executor.functions.py,5,ast,3967
clearbox,E:\clearbox-ai-studio-v2-main\bridges\services\inference.py,C:\Users\mydyi\OneDrive\Documents\Desktop\Python_Reasoning_Engines_20260515_172849\files\clearbox\c7c4331c1985__inference.py,C:\Users\mydyi\OneDrive\Documents\Desktop\Python_Reasoning_Functions_20260515_173222\functions_by_source\clearbox\c7c4331c1985__c7c4331c1985__inference.functions.py,12,ast,12706
clearbox,E:\clearbox-ai-studio-v2-main\bridges\services\reasoning_chat.py,C:\Users\mydyi\OneDrive\Documents\Desktop\Python_Reasoning_Engines_20260515_172849\files\clearbox\a54b12c03efc__reasoning_chat.py,C:\Users\mydyi\OneDrive\Documents\Desktop\Python_Reasoning_Functions_20260515_173222\functions_by_source\clearbox\a54b12c03efc__a54b12c03efc__reasoning_chat.functions.py,5,ast,7844
clearbox,E:\clearbox-ai-studio-v2-main\bridges\services\reasoning_service.py,C:\Users\mydyi\OneDrive\Documents\Desktop\Python_Reasoning_Engines_20260515_172849\files\clearbox\f8e2cd242ef4__reasoning_service.py,C:\Users\mydyi\OneDrive\Documents\Desktop\Python_Reasoning_Functions_20260515_173222\functions_by_source\clearbox\f8e2cd242ef4__f8e2cd242ef4__reasoning_service.functions.py,18,ast,20995
clearbox,E:\clearbox-ai-studio-v2-main\bridges\services\spellcheck_queue.py,C:\Users\mydyi\OneDrive\Documents\Desktop\Python_Reasoning_Engines_20260515_172849\files\clearbox\041de39bfa07__spellcheck_queue.py,C:\Users\mydyi\OneDrive\Documents\Desktop\Python_Reasoning_Functions_20260515_173222\functions_by_source\clearbox\041de39bfa07__041de39bfa07__spellcheck_queue.functions.py,6,ast,3985
clearbox,E:\clearbox-ai-studio-v2-main\bridges\state.py,C:\Users\mydyi\OneDrive\Documents\Desktop\Python_Reasoning_Engines_20260515_172849\files\clearbox\1d2ac4461252__state.py,C:\Users\mydyi\OneDrive\Documents\Desktop\Python_Reasoning_Functions_20260515_173222\functions_by_source\clearbox\1d2ac4461252__1d2ac4461252__state.functions.py,26,ast,11557
clearbox,E:\clearbox-ai-studio-v2-main\bridges\tool_defs.py,C:\Users\mydyi\OneDrive\Documents\Desktop\Python_Reasoning_Engines_20260515_172849\files\clearbox\125e866b1501__tool_defs.py,C:\Users\mydyi\OneDrive\Documents\Desktop\Python_Reasoning_Functions_20260515_173222\functions_by_source\clearbox\125e866b1501__125e866b1501__tool_defs.functions.py,29,ast,28187
clearbox,E:\clearbox-ai-studio-v2-main\Conversations\threads\reasoning_log.py,C:\Users\mydyi\OneDrive\Documents\Desktop\Python_Reasoning_Engines_20260515_172849\files\clearbox\9219f2cc2b41__reasoning_log.py,C:\Users\mydyi\OneDrive\Documents\Desktop\Python_Reasoning_Functions_20260515_173222\functions_by_source\clearbox\9219f2cc2b41__9219f2cc2b41__reasoning_log.functions.py,7,ast,4863
clearbox,E:\clearbox-ai-studio-v2-main\Conversations\threads\summarizer.py,C:\Users\mydyi\OneDrive\Documents\Desktop\Python_Reasoning_Engines_20260515_172849\files\clearbox\31604230f476__summarizer.py,C:\Users\mydyi\OneDrive\Documents\Desktop\Python_Reasoning_Functions_20260515_173222\functions_by_source\clearbox\31604230f476__31604230f476__summarizer.functions.py,14,ast,19821
clearbox,E:\clearbox-ai-studio-v2-main\core\chat_packs\core\engine.py,C:\Users\mydyi\OneDrive\Documents\Desktop\Python_Reasoning_Engines_20260515_172849\files\clearbox\426e216eeba8__engine.py,C:\Users\mydyi\OneDrive\Documents\Desktop\Python_Reasoning_Functions_20260515_173222\functions_by_source\clearbox\426e216eeba8__426e216eeba8__engine.functions.py,21,ast,20183
clearbox,E:\clearbox-ai-studio-v2-main\core\help_system\core\engine.py,C:\Users\mydyi\OneDrive\Documents\Desktop\Python_Reasoning_Engines_20260515_172849\files\clearbox\d7fcab797ffb__engine.py,C:\Users\mydyi\OneDrive\Documents\Desktop\Python_Reasoning_Functions_20260515_173222\functions_by_source\clearbox\d7fcab797ffb__d7fcab797ffb__engine.functions.py,9,ast,6968
clearbox,E:\clearbox-ai-studio-v2-main\core\lakespeak\retrieval\query.py,C:\Users\mydyi\OneDrive\Documents\Desktop\Python_Reasoning_Engines_20260515_172849\files\clearbox\40ddd74c9ade__query.py,C:\Users\mydyi\OneDrive\Documents\Desktop\Python_Reasoning_Functions_20260515_173222\functions_by_source\clearbox\40ddd74c9ade__40ddd74c9ade__query.functions.py,16,ast,30192
clearbox,E:\clearbox-ai-studio-v2-main\core\lakespeak\text\spellcheck.py,C:\Users\mydyi\OneDrive\Documents\Desktop\Python_Reasoning_Engines_20260515_172849\files\clearbox\5770659ea57b__spellcheck.py,C:\Users\mydyi\OneDrive\Documents\Desktop\Python_Reasoning_Functions_20260515_173222\functions_by_source\clearbox\5770659ea57b__5770659ea57b__spellcheck.functions.py,28,ast,16267
clearbox,E:\clearbox-ai-studio-v2-main\core\observe\resolver.py,C:\Users\mydyi\OneDrive\Documents\Desktop\Python_Reasoning_Engines_20260515_172849\files\clearbox\4eb0467a8aae__resolver.py,C:\Users\mydyi\OneDrive\Documents\Desktop\Python_Reasoning_Functions_20260515_173222\functions_by_source\clearbox\4eb0467a8aae__4eb0467a8aae__resolver.functions.py,3,ast,2707
clearbox,E:\clearbox-ai-studio-v2-main\core\observe\router.py,C:\Users\mydyi\OneDrive\Documents\Desktop\Python_Reasoning_Engines_20260515_172849\files\clearbox\6c6d271df275__router.py,C:\Users\mydyi\OneDrive\Documents\Desktop\Python_Reasoning_Functions_20260515_173222\functions_by_source\clearbox\6c6d271df275__6c6d271df275__router.functions.py,7,ast,3808
clearbox,E:\clearbox-ai-studio-v2-main\core\reasoning_616\engine.py,C:\Users\mydyi\OneDrive\Documents\Desktop\Python_Reasoning_Engines_20260515_172849\files\clearbox\6a8eeff1be1a__engine.py,C:\Users\mydyi\OneDrive\Documents\Desktop\Python_Reasoning_Functions_20260515_173222\functions_by_source\clearbox\6a8eeff1be1a__6a8eeff1be1a__engine.functions.py,31,ast,30009
clearbox,E:\clearbox-ai-studio-v2-main\core\system_pulse\core\engine.py,C:\Users\mydyi\OneDrive\Documents\Desktop\Python_Reasoning_Engines_20260515_172849\files\clearbox\997b96c3a743__engine.py,C:\Users\mydyi\OneDrive\Documents\Desktop\Python_Reasoning_Functions_20260515_173222\functions_by_source\clearbox\997b96c3a743__997b96c3a743__engine.functions.py,7,ast,5447
clearbox,E:\clearbox-ai-studio-v2-main\scripts\clearbox_install.py,C:\Users\mydyi\OneDrive\Documents\Desktop\Python_Reasoning_Engines_20260515_172849\files\clearbox\78ba79950339__clearbox_install.py,C:\Users\mydyi\OneDrive\Documents\Desktop\Python_Reasoning_Functions_20260515_173222\functions_by_source\clearbox\78ba79950339__78ba79950339__clearbox_install.functions.py,69,ast,74312
clearbox,E:\clearbox-ai-studio-v2-main\security\inference_profiles.py,C:\Users\mydyi\OneDrive\Documents\Desktop\Python_Reasoning_Engines_20260515_172849\files\clearbox\61192680dade__inference_profiles.py,C:\Users\mydyi\OneDrive\Documents\Desktop\Python_Reasoning_Functions_20260515_173222\functions_by_source\clearbox\61192680dade__61192680dade__inference_profiles.functions.py,6,ast,1848
clearbox,E:\clearbox-ai-studio-v2-main\tests\smoke\masher.py,C:\Users\mydyi\OneDrive\Documents\Desktop\Python_Reasoning_Engines_20260515_172849\files\clearbox\8fbd3adeda0c__masher.py,C:\Users\mydyi\OneDrive\Documents\Desktop\Python_Reasoning_Functions_20260515_173222\functions_by_source\clearbox\8fbd3adeda0c__8fbd3adeda0c__masher.functions.py,12,ast,15207
clearbox,E:\clearbox-ai-studio-v2-main\tests\test_genesis_core_engine.py,C:\Users\mydyi\OneDrive\Documents\Desktop\Python_Reasoning_Engines_20260515_172849\files\clearbox\f16d8c35633a__test_genesis_core_engine.py,C:\Users\mydyi\OneDrive\Documents\Desktop\Python_Reasoning_Functions_20260515_173222\functions_by_source\clearbox\f16d8c35633a__f16d8c35633a__test_genesis_core_engine.functions.py,20,ast,9141
clearbox,E:\clearbox-ai-studio-v2-main\tests\test_help_chat_endpoint.py,C:\Users\mydyi\OneDrive\Documents\Desktop\Python_Reasoning_Engines_20260515_172849\files\clearbox\b5409394aedc__test_help_chat_endpoint.py,C:\Users\mydyi\OneDrive\Documents\Desktop\Python_Reasoning_Functions_20260515_173222\functions_by_source\clearbox\b5409394aedc__b5409394aedc__test_help_chat_endpoint.functions.py,5,ast,4654
clearbox,E:\clearbox-ai-studio-v2-main\tests\test_reasoning_chat_service.py,C:\Users\mydyi\OneDrive\Documents\Desktop\Python_Reasoning_Engines_20260515_172849\files\clearbox\6f4b58d1bfbc__test_reasoning_chat_service.py,C:\Users\mydyi\OneDrive\Documents\Desktop\Python_Reasoning_Functions_20260515_173222\functions_by_source\clearbox\6f4b58d1bfbc__6f4b58d1bfbc__test_reasoning_chat_service.functions.py,17,ast,9570
clearbox,E:\clearbox-ai-studio-v2-main\tests\test_reasoning_gauntlet.py,C:\Users\mydyi\OneDrive\Documents\Desktop\Python_Reasoning_Engines_20260515_172849\files\clearbox\448133db4dd9__test_reasoning_gauntlet.py,C:\Users\mydyi\OneDrive\Documents\Desktop\Python_Reasoning_Functions_20260515_173222\functions_by_source\clearbox\448133db4dd9__448133db4dd9__test_reasoning_gauntlet.functions.py,5,ast,6408
clearbox,F:\Desktop 812025\Desktop Files 7_26_25\Embedding Reasoning Trees in Token-Based AI Generation\Clearbox-AI-Plugin-Runner-main\Clearbox-AI-Plugin-Runner-main\bridges\forest_bridge_server.py,C:\Users\mydyi\OneDrive\Documents\Desktop\Python_Reasoning_Engines_20260515_172849\files\clearbox\fd131e630b7e__forest_bridge_server.py,C:\Users\mydyi\OneDrive\Documents\Desktop\Python_Reasoning_Functions_20260515_173222\functions_by_source\clearbox\fd131e630b7e__fd131e630b7e__forest_bridge_server.functions.py,55,ast,250732
clearbox,F:\Desktop 812025\Desktop Files 7_26_25\Embedding Reasoning Trees in Token-Based AI Generation\Clearbox-AI-Plugin-Runner-main\Clearbox-AI-Plugin-Runner-main\bridges\tool_defs.py,C:\Users\mydyi\OneDrive\Documents\Desktop\Python_Reasoning_Engines_20260515_172849\files\clearbox\03133b022004__tool_defs.py,C:\Users\mydyi\OneDrive\Documents\Desktop\Python_Reasoning_Functions_20260515_173222\functions_by_source\clearbox\03133b022004__03133b022004__tool_defs.functions.py,30,ast,29032
clearbox,F:\Desktop 812025\Desktop Files 7_26_25\Embedding Reasoning Trees in Token-Based AI Generation\Clearbox-AI-Plugin-Runner-main\Clearbox-AI-Plugin-Runner-main\plugin_runner.py,C:\Users\mydyi\OneDrive\Documents\Desktop\Python_Reasoning_Engines_20260515_172849\files\clearbox\f8734e0a9c96__plugin_runner.py,C:\Users\mydyi\OneDrive\Documents\Desktop\Python_Reasoning_Functions_20260515_173222\functions_by_source\clearbox\f8734e0a9c96__f8734e0a9c96__plugin_runner.functions.py,19,ast,19950
clearbox,F:\Desktop 812025\Desktop Files 7_26_25\Embedding Reasoning Trees in Token-Based AI Generation\Clearbox-AI-Plugin-Runner-main\Clearbox-AI-Plugin-Runner-main\plugins\cascade_616\api\router.py,C:\Users\mydyi\OneDrive\Documents\Desktop\Python_Reasoning_Engines_20260515_172849\files\clearbox\69e888b0a7cc__router.py,C:\Users\mydyi\OneDrive\Documents\Desktop\Python_Reasoning_Functions_20260515_173222\functions_by_source\clearbox\69e888b0a7cc__69e888b0a7cc__router.functions.py,8,ast,5529
clearbox,F:\Desktop 812025\Desktop Files 7_26_25\Embedding Reasoning Trees in Token-Based AI Generation\Clearbox-AI-Plugin-Runner-main\Clearbox-AI-Plugin-Runner-main\plugins\cascade_616\config.py,C:\Users\mydyi\OneDrive\Documents\Desktop\Python_Reasoning_Engines_20260515_172849\files\clearbox\fc737897e9d2__config.py,C:\Users\mydyi\OneDrive\Documents\Desktop\Python_Reasoning_Functions_20260515_173222\functions_by_source\clearbox\fc737897e9d2__fc737897e9d2__config.functions.py,1,ast,1261
clearbox,F:\Desktop 812025\Desktop Files 7_26_25\Embedding Reasoning Trees in Token-Based AI Generation\Clearbox-AI-Plugin-Runner-main\Clearbox-AI-Plugin-Runner-main\plugins\cascade_616\core\cell_reader.py,C:\Users\mydyi\OneDrive\Documents\Desktop\Python_Reasoning_Engines_20260515_172849\files\clearbox\f309d2933e5b__cell_reader.py,C:\Users\mydyi\OneDrive\Documents\Desktop\Python_Reasoning_Functions_20260515_173222\functions_by_source\clearbox\f309d2933e5b__f309d2933e5b__cell_reader.functions.py,16,ast,6875
clearbox,F:\Desktop 812025\Desktop Files 7_26_25\Embedding Reasoning Trees in Token-Based AI Generation\Clearbox-AI-Plugin-Runner-main\Clearbox-AI-Plugin-Runner-main\plugins\cascade_616\core\engine.py,C:\Users\mydyi\OneDrive\Documents\Desktop\Python_Reasoning_Engines_20260515_172849\files\clearbox\38a5301752a6__engine.py,C:\Users\mydyi\OneDrive\Documents\Desktop\Python_Reasoning_Functions_20260515_173222\functions_by_source\clearbox\38a5301752a6__38a5301752a6__engine.functions.py,11,ast,5615
clearbox,F:\Desktop 812025\Desktop Files 7_26_25\Embedding Reasoning Trees in Token-Based AI Generation\Clearbox-AI-Plugin-Runner-main\Clearbox-AI-Plugin-Runner-main\plugins\chat_packs\core\engine.py,C:\Users\mydyi\OneDrive\Documents\Desktop\Python_Reasoning_Engines_20260515_172849\files\clearbox\4e86d4a9b88a__engine.py,C:\Users\mydyi\OneDrive\Documents\Desktop\Python_Reasoning_Functions_20260515_173222\functions_by_source\clearbox\4e86d4a9b88a__4e86d4a9b88a__engine.functions.py,19,ast,19565
clearbox,F:\Desktop 812025\Desktop Files 7_26_25\Embedding Reasoning Trees in Token-Based AI Generation\Clearbox-AI-Plugin-Runner-main\Clearbox-AI-Plugin-Runner-main\plugins\clearbox_ai_social\core\engine.py,C:\Users\mydyi\OneDrive\Documents\Desktop\Python_Reasoning_Engines_20260515_172849\files\clearbox\2f1510bd1f92__engine.py,C:\Users\mydyi\OneDrive\Documents\Desktop\Python_Reasoning_Functions_20260515_173222\functions_by_source\clearbox\2f1510bd1f92__2f1510bd1f92__engine.functions.py,19,ast,13084
clearbox,F:\Desktop 812025\Desktop Files 7_26_25\Embedding Reasoning Trees in Token-Based AI Generation\Clearbox-AI-Plugin-Runner-main\Clearbox-AI-Plugin-Runner-main\plugins\compucog\api\router.py,C:\Users\mydyi\OneDrive\Documents\Desktop\Python_Reasoning_Engines_20260515_172849\files\clearbox\726b3665dde2__router.py,C:\Users\mydyi\OneDrive\Documents\Desktop\Python_Reasoning_Functions_20260515_173222\functions_by_source\clearbox\726b3665dde2__726b3665dde2__router.functions.py,8,ast,2953
clearbox,F:\Desktop 812025\Desktop Files 7_26_25\Embedding Reasoning Trees in Token-Based AI Generation\Clearbox-AI-Plugin-Runner-main\Clearbox-AI-Plugin-Runner-main\plugins\genesis_cite\engine.py,C:\Users\mydyi\OneDrive\Documents\Desktop\Python_Reasoning_Engines_20260515_172849\files\clearbox\e3e50420c331__engine.py,C:\Users\mydyi\OneDrive\Documents\Desktop\Python_Reasoning_Functions_20260515_173222\functions_by_source\clearbox\e3e50420c331__e3e50420c331__engine.functions.py,11,ast,7935
clearbox,F:\Desktop 812025\Desktop Files 7_26_25\Embedding Reasoning Trees in Token-Based AI Generation\Clearbox-AI-Plugin-Runner-main\Clearbox-AI-Plugin-Runner-main\plugins\genesis_cite\tests\test_engine.py,C:\Users\mydyi\OneDrive\Documents\Desktop\Python_Reasoning_Engines_20260515_172849\files\clearbox\0d2ffde0c295__test_engine.py,C:\Users\mydyi\OneDrive\Documents\Desktop\Python_Reasoning_Functions_20260515_173222\functions_by_source\clearbox\0d2ffde0c295__0d2ffde0c295__test_engine.functions.py,20,ast,9217
clearbox,F:\Desktop 812025\Desktop Files 7_26_25\Embedding Reasoning Trees in Token-Based AI Generation\Clearbox-AI-Plugin-Runner-main\Clearbox-AI-Plugin-Runner-main\plugins\help_system\core\engine.py,C:\Users\mydyi\OneDrive\Documents\Desktop\Python_Reasoning_Engines_20260515_172849\files\clearbox\e27cc582f709__engine.py,C:\Users\mydyi\OneDrive\Documents\Desktop\Python_Reasoning_Functions_20260515_173222\functions_by_source\clearbox\e27cc582f709__e27cc582f709__engine.functions.py,7,ast,4420
clearbox,F:\Desktop 812025\Desktop Files 7_26_25\Embedding Reasoning Trees in Token-Based AI Generation\Clearbox-AI-Plugin-Runner-main\Clearbox-AI-Plugin-Runner-main\plugins\reach\security\identity.py,C:\Users\mydyi\OneDrive\Documents\Desktop\Python_Reasoning_Engines_20260515_172849\files\clearbox\244c1788c78e__identity.py,C:\Users\mydyi\OneDrive\Documents\Desktop\Python_Reasoning_Functions_20260515_173222\functions_by_source\clearbox\244c1788c78e__244c1788c78e__identity.functions.py,10,ast,3726
clearbox,G:\BACKUPS ONLY\clearbox-ai-studio-v2-main backup 1\bridges\clearbox_bridge_server.py,C:\Users\mydyi\OneDrive\Documents\Desktop\Python_Reasoning_Engines_20260515_172849\files\clearbox\2597281c271c__clearbox_bridge_server.py,C:\Users\mydyi\OneDrive\Documents\Desktop\Python_Reasoning_Functions_20260515_173222\functions_by_source\clearbox\2597281c271c__2597281c271c__clearbox_bridge_server.functions.py,6,ast,14223
clearbox,G:\BACKUPS ONLY\clearbox-ai-studio-v2-main backup 1\bridges\routers\lexicon.py,C:\Users\mydyi\OneDrive\Documents\Desktop\Python_Reasoning_Engines_20260515_172849\files\clearbox\5668d82bc9e1__lexicon.py,C:\Users\mydyi\OneDrive\Documents\Desktop\Python_Reasoning_Functions_20260515_173222\functions_by_source\clearbox\5668d82bc9e1__5668d82bc9e1__lexicon.functions.py,1,ast,14586
clearbox,G:\BACKUPS ONLY\clearbox-ai-studio-v2-main backup 1\bridges\services\inference.py,C:\Users\mydyi\OneDrive\Documents\Desktop\Python_Reasoning_Engines_20260515_172849\files\clearbox\81f2ddf5b274__inference.py,C:\Users\mydyi\OneDrive\Documents\Desktop\Python_Reasoning_Functions_20260515_173222\functions_by_source\clearbox\81f2ddf5b274__81f2ddf5b274__inference.functions.py,12,ast,14786
clearbox,G:\BACKUPS ONLY\clearbox-ai-studio-v2-main backup 1\bridges\services\reasoning_chat.py,C:\Users\mydyi\OneDrive\Documents\Desktop\Python_Reasoning_Engines_20260515_172849\files\clearbox\78c3f521d247__reasoning_chat.py,C:\Users\mydyi\OneDrive\Documents\Desktop\Python_Reasoning_Functions_20260515_173222\functions_by_source\clearbox\78c3f521d247__78c3f521d247__reasoning_chat.functions.py,2,ast,4502
clearbox,G:\BACKUPS ONLY\clearbox-ai-studio-v2-main backup 1\bridges\services\reasoning_service.py,C:\Users\mydyi\OneDrive\Documents\Desktop\Python_Reasoning_Engines_20260515_172849\files\clearbox\b3109691e1ec__reasoning_service.py,C:\Users\mydyi\OneDrive\Documents\Desktop\Python_Reasoning_Functions_20260515_173222\functions_by_source\clearbox\b3109691e1ec__b3109691e1ec__reasoning_service.functions.py,8,ast,2821
clearbox,G:\BACKUPS ONLY\clearbox-ai-studio-v2-main backup 1\bridges\services\spellcheck_queue.py,C:\Users\mydyi\OneDrive\Documents\Desktop\Python_Reasoning_Engines_20260515_172849\files\clearbox\64e06280a63d__spellcheck_queue.py,C:\Users\mydyi\OneDrive\Documents\Desktop\Python_Reasoning_Functions_20260515_173222\functions_by_source\clearbox\64e06280a63d__64e06280a63d__spellcheck_queue.functions.py,6,ast,4008
clearbox,G:\BACKUPS ONLY\clearbox-ai-studio-v2-main backup 1\bridges\services\symbol_graph.py,C:\Users\mydyi\OneDrive\Documents\Desktop\Python_Reasoning_Engines_20260515_172849\files\clearbox\a7f331818f3a__symbol_graph.py,C:\Users\mydyi\OneDrive\Documents\Desktop\Python_Reasoning_Functions_20260515_173222\functions_by_source\clearbox\a7f331818f3a__a7f331818f3a__symbol_graph.functions.py,4,ast,5289
clearbox,G:\BACKUPS ONLY\clearbox-ai-studio-v2-main backup 1\bridges\state.py,C:\Users\mydyi\OneDrive\Documents\Desktop\Python_Reasoning_Engines_20260515_172849\files\clearbox\9777ae81509b__state.py,C:\Users\mydyi\OneDrive\Documents\Desktop\Python_Reasoning_Functions_20260515_173222\functions_by_source\clearbox\9777ae81509b__9777ae81509b__state.functions.py,26,ast,11576
clearbox,G:\BACKUPS ONLY\clearbox-ai-studio-v2-main backup 1\bridges\tool_defs.py,C:\Users\mydyi\OneDrive\Documents\Desktop\Python_Reasoning_Engines_20260515_172849\files\clearbox\e56e01fd72b2__tool_defs.py,C:\Users\mydyi\OneDrive\Documents\Desktop\Python_Reasoning_Functions_20260515_173222\functions_by_source\clearbox\e56e01fd72b2__e56e01fd72b2__tool_defs.functions.py,30,ast,30127
clearbox,G:\BACKUPS ONLY\clearbox-ai-studio-v2-main backup 1\Conversations\threads\reasoning_log.py,C:\Users\mydyi\OneDrive\Documents\Desktop\Python_Reasoning_Engines_20260515_172849\files\clearbox\c6e3a18735de__reasoning_log.py,C:\Users\mydyi\OneDrive\Documents\Desktop\Python_Reasoning_Functions_20260515_173222\functions_by_source\clearbox\c6e3a18735de__c6e3a18735de__reasoning_log.functions.py,7,ast,4885
clearbox,G:\BACKUPS ONLY\clearbox-ai-studio-v2-main backup 1\Conversations\threads\summarizer.py,C:\Users\mydyi\OneDrive\Documents\Desktop\Python_Reasoning_Engines_20260515_172849\files\clearbox\a6c88d5b70fe__summarizer.py,C:\Users\mydyi\OneDrive\Documents\Desktop\Python_Reasoning_Functions_20260515_173222\functions_by_source\clearbox\a6c88d5b70fe__a6c88d5b70fe__summarizer.functions.py,14,ast,19843
clearbox,G:\BACKUPS ONLY\clearbox-ai-studio-v2-main backup 1\observe\resolver.py,C:\Users\mydyi\OneDrive\Documents\Desktop\Python_Reasoning_Engines_20260515_172849\files\clearbox\1f6ef96e2cc1__resolver.py,C:\Users\mydyi\OneDrive\Documents\Desktop\Python_Reasoning_Functions_20260515_173222\functions_by_source\clearbox\1f6ef96e2cc1__1f6ef96e2cc1__resolver.functions.py,3,ast,2686
clearbox,G:\BACKUPS ONLY\clearbox-ai-studio-v2-main backup 1\observe\router.py,C:\Users\mydyi\OneDrive\Documents\Desktop\Python_Reasoning_Engines_20260515_172849\files\clearbox\ea5ec5346fb9__router.py,C:\Users\mydyi\OneDrive\Documents\Desktop\Python_Reasoning_Functions_20260515_173222\functions_by_source\clearbox\ea5ec5346fb9__ea5ec5346fb9__router.functions.py,7,ast,3825
clearbox,G:\BACKUPS ONLY\clearbox-ai-studio-v2-main backup 1\plugins\chat_packs\core\engine.py,C:\Users\mydyi\OneDrive\Documents\Desktop\Python_Reasoning_Engines_20260515_172849\files\clearbox\b159e0f69115__engine.py,C:\Users\mydyi\OneDrive\Documents\Desktop\Python_Reasoning_Functions_20260515_173222\functions_by_source\clearbox\b159e0f69115__b159e0f69115__engine.functions.py,19,ast,19468
clearbox,G:\BACKUPS ONLY\clearbox-ai-studio-v2-main backup 1\plugins\clearbox_ai_social\core\engine.py,C:\Users\mydyi\OneDrive\Documents\Desktop\Python_Reasoning_Engines_20260515_172849\files\clearbox\5ae98ac45164__engine.py,C:\Users\mydyi\OneDrive\Documents\Desktop\Python_Reasoning_Functions_20260515_173222\functions_by_source\clearbox\5ae98ac45164__5ae98ac45164__engine.functions.py,33,ast,23704
clearbox,G:\BACKUPS ONLY\clearbox-ai-studio-v2-main backup 1\plugins\clearbox_node\core\discovery.py,C:\Users\mydyi\OneDrive\Documents\Desktop\Python_Reasoning_Engines_20260515_172849\files\clearbox\e69251a9aab3__discovery.py,C:\Users\mydyi\OneDrive\Documents\Desktop\Python_Reasoning_Functions_20260515_173222\functions_by_source\clearbox\e69251a9aab3__e69251a9aab3__discovery.functions.py,12,ast,6577
clearbox,G:\BACKUPS ONLY\clearbox-ai-studio-v2-main backup 1\plugins\clearbox_node\core\engine.py,C:\Users\mydyi\OneDrive\Documents\Desktop\Python_Reasoning_Engines_20260515_172849\files\clearbox\1d22e22b4e47__engine.py,C:\Users\mydyi\OneDrive\Documents\Desktop\Python_Reasoning_Functions_20260515_173222\functions_by_source\clearbox\1d22e22b4e47__1d22e22b4e47__engine.functions.py,31,ast,21429
clearbox,G:\BACKUPS ONLY\clearbox-ai-studio-v2-main backup 1\plugins\compucog\api\router.py,C:\Users\mydyi\OneDrive\Documents\Desktop\Python_Reasoning_Engines_20260515_172849\files\clearbox\777ceed66c5c__router.py,C:\Users\mydyi\OneDrive\Documents\Desktop\Python_Reasoning_Functions_20260515_173222\functions_by_source\clearbox\777ceed66c5c__777ceed66c5c__router.functions.py,8,ast,2848
clearbox,G:\BACKUPS ONLY\clearbox-ai-studio-v2-main backup 1\plugins\genesis_cite\engine.py,C:\Users\mydyi\OneDrive\Documents\Desktop\Python_Reasoning_Engines_20260515_172849\files\clearbox\d5c8bcc0f16e__engine.py,C:\Users\mydyi\OneDrive\Documents\Desktop\Python_Reasoning_Functions_20260515_173222\functions_by_source\clearbox\d5c8bcc0f16e__d5c8bcc0f16e__engine.functions.py,11,ast,7830
clearbox,G:\BACKUPS ONLY\clearbox-ai-studio-v2-main backup 1\plugins\genesis_cite\tests\test_engine.py,C:\Users\mydyi\OneDrive\Documents\Desktop\Python_Reasoning_Engines_20260515_172849\files\clearbox\21c165b03680__test_engine.py,C:\Users\mydyi\OneDrive\Documents\Desktop\Python_Reasoning_Functions_20260515_173222\functions_by_source\clearbox\21c165b03680__21c165b03680__test_engine.functions.py,20,ast,9114
clearbox,G:\BACKUPS ONLY\clearbox-ai-studio-v2-main backup 1\plugins\help_system\core\engine.py,C:\Users\mydyi\OneDrive\Documents\Desktop\Python_Reasoning_Engines_20260515_172849\files\clearbox\f8effa59631e__engine.py,C:\Users\mydyi\OneDrive\Documents\Desktop\Python_Reasoning_Functions_20260515_173222\functions_by_source\clearbox\f8effa59631e__f8effa59631e__engine.functions.py,7,ast,4315
clearbox,G:\BACKUPS ONLY\clearbox-ai-studio-v2-main backup 1\plugins\lakespeak\retrieval\query.py,C:\Users\mydyi\OneDrive\Documents\Desktop\Python_Reasoning_Engines_20260515_172849\files\clearbox\ea117edc4102__query.py,C:\Users\mydyi\OneDrive\Documents\Desktop\Python_Reasoning_Functions_20260515_173222\functions_by_source\clearbox\ea117edc4102__ea117edc4102__query.functions.py,14,ast,27148
clearbox,G:\BACKUPS ONLY\clearbox-ai-studio-v2-main backup 1\plugins\lakespeak\text\spellcheck.py,C:\Users\mydyi\OneDrive\Documents\Desktop\Python_Reasoning_Engines_20260515_172849\files\clearbox\7325e3cac860__spellcheck.py,C:\Users\mydyi\OneDrive\Documents\Desktop\Python_Reasoning_Functions_20260515_173222\functions_by_source\clearbox\7325e3cac860__7325e3cac860__spellcheck.functions.py,28,ast,16292
clearbox,G:\BACKUPS ONLY\clearbox-ai-studio-v2-main backup 1\plugins\openrefine\core\engine.py,C:\Users\mydyi\OneDrive\Documents\Desktop\Python_Reasoning_Engines_20260515_172849\files\clearbox\025691fb516f__engine.py,C:\Users\mydyi\OneDrive\Documents\Desktop\Python_Reasoning_Functions_20260515_173222\functions_by_source\clearbox\025691fb516f__025691fb516f__engine.functions.py,25,ast,16903
clearbox,G:\BACKUPS ONLY\clearbox-ai-studio-v2-main backup 1\plugins\reasoning_engine\engine.py,C:\Users\mydyi\OneDrive\Documents\Desktop\Python_Reasoning_Engines_20260515_172849\files\clearbox\1c57055b605e__engine.py,C:\Users\mydyi\OneDrive\Documents\Desktop\Python_Reasoning_Functions_20260515_173222\functions_by_source\clearbox\1c57055b605e__1c57055b605e__engine.functions.py,20,ast,24584
clearbox,G:\BACKUPS ONLY\clearbox-ai-studio-v2-main backup 1\plugins\system_pulse\core\engine.py,C:\Users\mydyi\OneDrive\Documents\Desktop\Python_Reasoning_Engines_20260515_172849\files\clearbox\ded59614c6be__engine.py,C:\Users\mydyi\OneDrive\Documents\Desktop\Python_Reasoning_Functions_20260515_173222\functions_by_source\clearbox\ded59614c6be__ded59614c6be__engine.functions.py,7,ast,5472
clearbox,G:\BACKUPS ONLY\clearbox-ai-studio-v2-main backup 1\routing\engine.py,C:\Users\mydyi\OneDrive\Documents\Desktop\Python_Reasoning_Engines_20260515_172849\files\clearbox\dc88d65e9ced__engine.py,C:\Users\mydyi\OneDrive\Documents\Desktop\Python_Reasoning_Functions_20260515_173222\functions_by_source\clearbox\dc88d65e9ced__dc88d65e9ced__engine.functions.py,8,ast,3400
clearbox,G:\BACKUPS ONLY\clearbox-ai-studio-v2-main backup 1\scripts\clearbox_install.py,C:\Users\mydyi\OneDrive\Documents\Desktop\Python_Reasoning_Engines_20260515_172849\files\clearbox\fb32a28f25d2__clearbox_install.py,C:\Users\mydyi\OneDrive\Documents\Desktop\Python_Reasoning_Functions_20260515_173222\functions_by_source\clearbox\fb32a28f25d2__fb32a28f25d2__clearbox_install.functions.py,67,ast,67218
clearbox,G:\BACKUPS ONLY\clearbox-ai-studio-v2-main backup 1\security\inference_profiles.py,C:\Users\mydyi\OneDrive\Documents\Desktop\Python_Reasoning_Engines_20260515_172849\files\clearbox\3b19c244f945__inference_profiles.py,C:\Users\mydyi\OneDrive\Documents\Desktop\Python_Reasoning_Functions_20260515_173222\functions_by_source\clearbox\3b19c244f945__3b19c244f945__inference_profiles.functions.py,6,ast,1870
clearbox,G:\BACKUPS ONLY\clearbox-ai-studio-v2-main backup 1\tests\smoke\masher.py,C:\Users\mydyi\OneDrive\Documents\Desktop\Python_Reasoning_Engines_20260515_172849\files\clearbox\4ae0b3df94c1__masher.py,C:\Users\mydyi\OneDrive\Documents\Desktop\Python_Reasoning_Functions_20260515_173222\functions_by_source\clearbox\4ae0b3df94c1__4ae0b3df94c1__masher.functions.py,12,ast,15229
clearbox,G:\BACKUPS ONLY\clearbox-ai-studio-v2-main backup 1\tests\test_inference_grounded_contract.py,C:\Users\mydyi\OneDrive\Documents\Desktop\Python_Reasoning_Engines_20260515_172849\files\clearbox\c0fee3b7ccaa__test_inference_grounded_contract.py,C:\Users\mydyi\OneDrive\Documents\Desktop\Python_Reasoning_Functions_20260515_173222\functions_by_source\clearbox\c0fee3b7ccaa__c0fee3b7ccaa__test_inference_grounded_contract.functions.py,7,ast,2602
clearbox,G:\BACKUPS ONLY\clearbox-ai-studio-v2-main backup 1\tests\test_reasoning_gauntlet.py,C:\Users\mydyi\OneDrive\Documents\Desktop\Python_Reasoning_Engines_20260515_172849\files\clearbox\13e889043a6d__test_reasoning_gauntlet.py,C:\Users\mydyi\OneDrive\Documents\Desktop\Python_Reasoning_Functions_20260515_173222\functions_by_source\clearbox\13e889043a6d__13e889043a6d__test_reasoning_gauntlet.functions.py,5,ast,6430
clearbox,G:\BACKUPS ONLY\clearbox-ai-studio-v2-main backup 1\tests\test_wolf_wiring.py,C:\Users\mydyi\OneDrive\Documents\Desktop\Python_Reasoning_Engines_20260515_172849\files\clearbox\88ca9a76c4e0__test_wolf_wiring.py,C:\Users\mydyi\OneDrive\Documents\Desktop\Python_Reasoning_Functions_20260515_173222\functions_by_source\clearbox\88ca9a76c4e0__88ca9a76c4e0__test_wolf_wiring.functions.py,18,ast,12277
clearbox,G:\BACKUPS ONLY\clearbox-ai-studio-v2-main\bridges\clearbox_bridge_server.py,C:\Users\mydyi\OneDrive\Documents\Desktop\Python_Reasoning_Engines_20260515_172849\files\clearbox\e2eda6c3ab74__clearbox_bridge_server.py,C:\Users\mydyi\OneDrive\Documents\Desktop\Python_Reasoning_Functions_20260515_173222\functions_by_source\clearbox\e2eda6c3ab74__e2eda6c3ab74__clearbox_bridge_server.functions.py,6,ast,14471
clearbox,G:\BACKUPS ONLY\clearbox-ai-studio-v2-main\bridges\routers\lexicon.py,C:\Users\mydyi\OneDrive\Documents\Desktop\Python_Reasoning_Engines_20260515_172849\files\clearbox\e4fb06b6da33__lexicon.py,C:\Users\mydyi\OneDrive\Documents\Desktop\Python_Reasoning_Functions_20260515_173222\functions_by_source\clearbox\e4fb06b6da33__e4fb06b6da33__lexicon.functions.py,1,ast,14542
clearbox,G:\BACKUPS ONLY\clearbox-ai-studio-v2-main\bridges\services\chat_mode_executor.py,C:\Users\mydyi\OneDrive\Documents\Desktop\Python_Reasoning_Engines_20260515_172849\files\clearbox\24270cbd95d1__chat_mode_executor.py,C:\Users\mydyi\OneDrive\Documents\Desktop\Python_Reasoning_Functions_20260515_173222\functions_by_source\clearbox\24270cbd95d1__24270cbd95d1__chat_mode_executor.functions.py,5,ast,4561
clearbox,G:\BACKUPS ONLY\clearbox-ai-studio-v2-main\bridges\services\inference.py,C:\Users\mydyi\OneDrive\Documents\Desktop\Python_Reasoning_Engines_20260515_172849\files\clearbox\58ebf5d82322__inference.py,C:\Users\mydyi\OneDrive\Documents\Desktop\Python_Reasoning_Functions_20260515_173222\functions_by_source\clearbox\58ebf5d82322__58ebf5d82322__inference.functions.py,12,ast,14763
clearbox,G:\BACKUPS ONLY\clearbox-ai-studio-v2-main\bridges\services\reasoning_chat.py,C:\Users\mydyi\OneDrive\Documents\Desktop\Python_Reasoning_Engines_20260515_172849\files\clearbox\adb5bda9dab0__reasoning_chat.py,C:\Users\mydyi\OneDrive\Documents\Desktop\Python_Reasoning_Functions_20260515_173222\functions_by_source\clearbox\adb5bda9dab0__adb5bda9dab0__reasoning_chat.functions.py,5,ast,7857
clearbox,G:\BACKUPS ONLY\clearbox-ai-studio-v2-main\bridges\services\reasoning_service.py,C:\Users\mydyi\OneDrive\Documents\Desktop\Python_Reasoning_Engines_20260515_172849\files\clearbox\9da02501b9c5__reasoning_service.py,C:\Users\mydyi\OneDrive\Documents\Desktop\Python_Reasoning_Functions_20260515_173222\functions_by_source\clearbox\9da02501b9c5__9da02501b9c5__reasoning_service.functions.py,8,ast,3114
clearbox,G:\BACKUPS ONLY\clearbox-ai-studio-v2-main\bridges\services\spellcheck_queue.py,C:\Users\mydyi\OneDrive\Documents\Desktop\Python_Reasoning_Engines_20260515_172849\files\clearbox\b5723b2a90e1__spellcheck_queue.py,C:\Users\mydyi\OneDrive\Documents\Desktop\Python_Reasoning_Functions_20260515_173222\functions_by_source\clearbox\b5723b2a90e1__b5723b2a90e1__spellcheck_queue.functions.py,6,ast,3998
clearbox,G:\BACKUPS ONLY\clearbox-ai-studio-v2-main\bridges\services\symbol_graph.py,C:\Users\mydyi\OneDrive\Documents\Desktop\Python_Reasoning_Engines_20260515_172849\files\clearbox\9716a4ee73ae__symbol_graph.py,C:\Users\mydyi\OneDrive\Documents\Desktop\Python_Reasoning_Functions_20260515_173222\functions_by_source\clearbox\9716a4ee73ae__9716a4ee73ae__symbol_graph.functions.py,3,ast,998
clearbox,G:\BACKUPS ONLY\clearbox-ai-studio-v2-main\bridges\state.py,C:\Users\mydyi\OneDrive\Documents\Desktop\Python_Reasoning_Engines_20260515_172849\files\clearbox\961ca5142414__state.py,C:\Users\mydyi\OneDrive\Documents\Desktop\Python_Reasoning_Functions_20260515_173222\functions_by_source\clearbox\961ca5142414__961ca5142414__state.functions.py,26,ast,11570
clearbox,G:\BACKUPS ONLY\clearbox-ai-studio-v2-main\bridges\tool_defs.py,C:\Users\mydyi\OneDrive\Documents\Desktop\Python_Reasoning_Engines_20260515_172849\files\clearbox\736b72a0b1ed__tool_defs.py,C:\Users\mydyi\OneDrive\Documents\Desktop\Python_Reasoning_Functions_20260515_173222\functions_by_source\clearbox\736b72a0b1ed__736b72a0b1ed__tool_defs.functions.py,29,ast,29251
clearbox,G:\BACKUPS ONLY\clearbox-ai-studio-v2-main\Conversations\threads\reasoning_log.py,C:\Users\mydyi\OneDrive\Documents\Desktop\Python_Reasoning_Engines_20260515_172849\files\clearbox\96394c7ebf55__reasoning_log.py,C:\Users\mydyi\OneDrive\Documents\Desktop\Python_Reasoning_Functions_20260515_173222\functions_by_source\clearbox\96394c7ebf55__96394c7ebf55__reasoning_log.functions.py,7,ast,4876
clearbox,G:\BACKUPS ONLY\clearbox-ai-studio-v2-main\Conversations\threads\summarizer.py,C:\Users\mydyi\OneDrive\Documents\Desktop\Python_Reasoning_Engines_20260515_172849\files\clearbox\2db8326907f3__summarizer.py,C:\Users\mydyi\OneDrive\Documents\Desktop\Python_Reasoning_Functions_20260515_173222\functions_by_source\clearbox\2db8326907f3__2db8326907f3__summarizer.functions.py,14,ast,19834
clearbox,G:\BACKUPS ONLY\clearbox-ai-studio-v2-main\core\chat_packs\core\engine.py,C:\Users\mydyi\OneDrive\Documents\Desktop\Python_Reasoning_Engines_20260515_172849\files\clearbox\8a20cabdaab9__engine.py,C:\Users\mydyi\OneDrive\Documents\Desktop\Python_Reasoning_Functions_20260515_173222\functions_by_source\clearbox\8a20cabdaab9__8a20cabdaab9__engine.functions.py,19,ast,19462
clearbox,G:\BACKUPS ONLY\clearbox-ai-studio-v2-main\core\clearbox_node\core\discovery.py,C:\Users\mydyi\OneDrive\Documents\Desktop\Python_Reasoning_Engines_20260515_172849\files\clearbox\77455a238882__discovery.py,C:\Users\mydyi\OneDrive\Documents\Desktop\Python_Reasoning_Functions_20260515_173222\functions_by_source\clearbox\77455a238882__77455a238882__discovery.functions.py,12,ast,6565
clearbox,G:\BACKUPS ONLY\clearbox-ai-studio-v2-main\core\clearbox_node\core\engine.py,C:\Users\mydyi\OneDrive\Documents\Desktop\Python_Reasoning_Engines_20260515_172849\files\clearbox\fd80dedbca59__engine.py,C:\Users\mydyi\OneDrive\Documents\Desktop\Python_Reasoning_Functions_20260515_173222\functions_by_source\clearbox\fd80dedbca59__fd80dedbca59__engine.functions.py,31,ast,21381
clearbox,G:\BACKUPS ONLY\clearbox-ai-studio-v2-main\core\help_system\core\engine.py,C:\Users\mydyi\OneDrive\Documents\Desktop\Python_Reasoning_Engines_20260515_172849\files\clearbox\5cfcdacac8aa__engine.py,C:\Users\mydyi\OneDrive\Documents\Desktop\Python_Reasoning_Functions_20260515_173222\functions_by_source\clearbox\5cfcdacac8aa__5cfcdacac8aa__engine.functions.py,7,ast,4562
clearbox,G:\BACKUPS ONLY\clearbox-ai-studio-v2-main\core\lakespeak\retrieval\query.py,C:\Users\mydyi\OneDrive\Documents\Desktop\Python_Reasoning_Engines_20260515_172849\files\clearbox\af749a87ce09__query.py,C:\Users\mydyi\OneDrive\Documents\Desktop\Python_Reasoning_Functions_20260515_173222\functions_by_source\clearbox\af749a87ce09__af749a87ce09__query.functions.py,14,ast,27803
clearbox,G:\BACKUPS ONLY\clearbox-ai-studio-v2-main\core\lakespeak\text\spellcheck.py,C:\Users\mydyi\OneDrive\Documents\Desktop\Python_Reasoning_Engines_20260515_172849\files\clearbox\58def42a50de__spellcheck.py,C:\Users\mydyi\OneDrive\Documents\Desktop\Python_Reasoning_Functions_20260515_173222\functions_by_source\clearbox\58def42a50de__58def42a50de__spellcheck.functions.py,28,ast,16280
clearbox,G:\BACKUPS ONLY\clearbox-ai-studio-v2-main\core\observe\resolver.py,C:\Users\mydyi\OneDrive\Documents\Desktop\Python_Reasoning_Engines_20260515_172849\files\clearbox\6520749cbe5b__resolver.py,C:\Users\mydyi\OneDrive\Documents\Desktop\Python_Reasoning_Functions_20260515_173222\functions_by_source\clearbox\6520749cbe5b__6520749cbe5b__resolver.functions.py,3,ast,2682
clearbox,G:\BACKUPS ONLY\clearbox-ai-studio-v2-main\core\observe\router.py,C:\Users\mydyi\OneDrive\Documents\Desktop\Python_Reasoning_Engines_20260515_172849\files\clearbox\3d138650bf0c__router.py,C:\Users\mydyi\OneDrive\Documents\Desktop\Python_Reasoning_Functions_20260515_173222\functions_by_source\clearbox\3d138650bf0c__3d138650bf0c__router.functions.py,7,ast,3821
clearbox,G:\BACKUPS ONLY\clearbox-ai-studio-v2-main\core\reasoning_engine\__init__.py,C:\Users\mydyi\OneDrive\Documents\Desktop\Python_Reasoning_Engines_20260515_172849\files\clearbox\a002cb8b8b71____init__.py,C:\Users\mydyi\OneDrive\Documents\Desktop\Python_Reasoning_Functions_20260515_173222\functions_by_source\clearbox\a002cb8b8b71__a002cb8b8b71____init__.functions.py,1,ast,726
clearbox,G:\BACKUPS ONLY\clearbox-ai-studio-v2-main\core\reasoning_engine\engine.py,C:\Users\mydyi\OneDrive\Documents\Desktop\Python_Reasoning_Engines_20260515_172849\files\clearbox\c20530b64994__engine.py,C:\Users\mydyi\OneDrive\Documents\Desktop\Python_Reasoning_Functions_20260515_173222\functions_by_source\clearbox\c20530b64994__c20530b64994__engine.functions.py,22,ast,25607
clearbox,G:\BACKUPS ONLY\clearbox-ai-studio-v2-main\core\system_pulse\core\engine.py,C:\Users\mydyi\OneDrive\Documents\Desktop\Python_Reasoning_Engines_20260515_172849\files\clearbox\2a459f5dc840__engine.py,C:\Users\mydyi\OneDrive\Documents\Desktop\Python_Reasoning_Functions_20260515_173222\functions_by_source\clearbox\2a459f5dc840__2a459f5dc840__engine.functions.py,7,ast,5460
clearbox,G:\BACKUPS ONLY\clearbox-ai-studio-v2-main\plugins\clearbox_ai_social\core\engine.py,C:\Users\mydyi\OneDrive\Documents\Desktop\Python_Reasoning_Engines_20260515_172849\files\clearbox\6a84bd063e69__engine.py,C:\Users\mydyi\OneDrive\Documents\Desktop\Python_Reasoning_Functions_20260515_173222\functions_by_source\clearbox\6a84bd063e69__6a84bd063e69__engine.functions.py,33,ast,23695
clearbox,G:\BACKUPS ONLY\clearbox-ai-studio-v2-main\plugins\genesis_cite\engine.py,C:\Users\mydyi\OneDrive\Documents\Desktop\Python_Reasoning_Engines_20260515_172849\files\clearbox\9a49ad5b0f52__engine.py,C:\Users\mydyi\OneDrive\Documents\Desktop\Python_Reasoning_Functions_20260515_173222\functions_by_source\clearbox\9a49ad5b0f52__9a49ad5b0f52__engine.functions.py,11,ast,7821
clearbox,G:\BACKUPS ONLY\clearbox-ai-studio-v2-main\plugins\genesis_cite\tests\test_engine.py,C:\Users\mydyi\OneDrive\Documents\Desktop\Python_Reasoning_Engines_20260515_172849\files\clearbox\bc92b62eeb1e__test_engine.py,C:\Users\mydyi\OneDrive\Documents\Desktop\Python_Reasoning_Functions_20260515_173222\functions_by_source\clearbox\bc92b62eeb1e__bc92b62eeb1e__test_engine.functions.py,20,ast,9105
clearbox,G:\BACKUPS ONLY\clearbox-ai-studio-v2-main\plugins\openrefine\core\engine.py,C:\Users\mydyi\OneDrive\Documents\Desktop\Python_Reasoning_Engines_20260515_172849\files\clearbox\777bbcc52250__engine.py,C:\Users\mydyi\OneDrive\Documents\Desktop\Python_Reasoning_Functions_20260515_173222\functions_by_source\clearbox\777bbcc52250__777bbcc52250__engine.functions.py,25,ast,16894
clearbox,G:\BACKUPS ONLY\clearbox-ai-studio-v2-main\routing\engine.py,C:\Users\mydyi\OneDrive\Documents\Desktop\Python_Reasoning_Engines_20260515_172849\files\clearbox\9b6b44e900b0__engine.py,C:\Users\mydyi\OneDrive\Documents\Desktop\Python_Reasoning_Functions_20260515_173222\functions_by_source\clearbox\9b6b44e900b0__9b6b44e900b0__engine.functions.py,8,ast,3391
clearbox,G:\BACKUPS ONLY\clearbox-ai-studio-v2-main\scripts\clearbox_install.py,C:\Users\mydyi\OneDrive\Documents\Desktop\Python_Reasoning_Engines_20260515_172849\files\clearbox\c264cbacf78b__clearbox_install.py,C:\Users\mydyi\OneDrive\Documents\Desktop\Python_Reasoning_Functions_20260515_173222\functions_by_source\clearbox\c264cbacf78b__c264cbacf78b__clearbox_install.functions.py,67,ast,67145
clearbox,G:\BACKUPS ONLY\clearbox-ai-studio-v2-main\security\inference_profiles.py,C:\Users\mydyi\OneDrive\Documents\Desktop\Python_Reasoning_Engines_20260515_172849\files\clearbox\d3a742911e57__inference_profiles.py,C:\Users\mydyi\OneDrive\Documents\Desktop\Python_Reasoning_Functions_20260515_173222\functions_by_source\clearbox\d3a742911e57__d3a742911e57__inference_profiles.functions.py,6,ast,1861
clearbox,G:\BACKUPS ONLY\clearbox-ai-studio-v2-main\tests\smoke\masher.py,C:\Users\mydyi\OneDrive\Documents\Desktop\Python_Reasoning_Engines_20260515_172849\files\clearbox\dcf8b05ad926__masher.py,C:\Users\mydyi\OneDrive\Documents\Desktop\Python_Reasoning_Functions_20260515_173222\functions_by_source\clearbox\dcf8b05ad926__dcf8b05ad926__masher.functions.py,12,ast,15220
clearbox,G:\BACKUPS ONLY\clearbox-ai-studio-v2-main\tests\test_inference_grounded_contract.py,C:\Users\mydyi\OneDrive\Documents\Desktop\Python_Reasoning_Engines_20260515_172849\files\clearbox\18aa9c922c66__test_inference_grounded_contract.py,C:\Users\mydyi\OneDrive\Documents\Desktop\Python_Reasoning_Functions_20260515_173222\functions_by_source\clearbox\18aa9c922c66__18aa9c922c66__test_inference_grounded_contract.functions.py,7,ast,2572
clearbox,G:\BACKUPS ONLY\clearbox-ai-studio-v2-main\tests\test_reasoning_chat_service.py,C:\Users\mydyi\OneDrive\Documents\Desktop\Python_Reasoning_Engines_20260515_172849\files\clearbox\e2176154e33a__test_reasoning_chat_service.py,C:\Users\mydyi\OneDrive\Documents\Desktop\Python_Reasoning_Functions_20260515_173222\functions_by_source\clearbox\e2176154e33a__e2176154e33a__test_reasoning_chat_service.functions.py,17,ast,9583
clearbox,G:\BACKUPS ONLY\clearbox-ai-studio-v2-main\tests\test_reasoning_gauntlet.py,C:\Users\mydyi\OneDrive\Documents\Desktop\Python_Reasoning_Engines_20260515_172849\files\clearbox\2c41b97aba4e__test_reasoning_gauntlet.py,C:\Users\mydyi\OneDrive\Documents\Desktop\Python_Reasoning_Functions_20260515_173222\functions_by_source\clearbox\2c41b97aba4e__2c41b97aba4e__test_reasoning_gauntlet.functions.py,5,ast,6421
compucog,H:\_BACKUPS\CompuCog_20260130_070311\CompuCog_Visual_v2 POSSIBLE KEEPER\baselines\session_baseline.py,C:\Users\mydyi\OneDrive\Documents\Desktop\Python_Reasoning_Engines_20260515_172849\files\compucog\4e5d557e369a__session_baseline.py,C:\Users\mydyi\OneDrive\Documents\Desktop\Python_Reasoning_Functions_20260515_173222\functions_by_source\compucog\4e5d557e369a__4e5d557e369a__session_baseline.functions.py,19,ast,8027
compucog,H:\_BACKUPS\CompuCog_20260130_070311\CompuCog_Visual_v2 POSSIBLE KEEPER\compositor\eomm_compositor.py,C:\Users\mydyi\OneDrive\Documents\Desktop\Python_Reasoning_Engines_20260515_172849\files\compucog\8e47d27fe2dc__eomm_compositor.py,C:\Users\mydyi\OneDrive\Documents\Desktop\Python_Reasoning_Functions_20260515_173222\functions_by_source\compucog\8e47d27fe2dc__8e47d27fe2dc__eomm_compositor.functions.py,7,ast,10152
compucog,H:\_BACKUPS\CompuCog_20260130_070311\CompuCog_Visual_v2 POSSIBLE KEEPER\compucog\event_system\adapters\activity_logger_adapter.py,C:\Users\mydyi\OneDrive\Documents\Desktop\Python_Reasoning_Engines_20260515_172849\files\compucog\fbe8c030ce44__activity_logger_adapter.py,C:\Users\mydyi\OneDrive\Documents\Desktop\Python_Reasoning_Functions_20260515_173222\functions_by_source\compucog\fbe8c030ce44__fbe8c030ce44__activity_logger_adapter.functions.py,8,ast,6453
compucog,H:\_BACKUPS\CompuCog_20260130_070311\CompuCog_Visual_v2 POSSIBLE KEEPER\compucog\event_system\adapters\gamepad_logger_adapter.py,C:\Users\mydyi\OneDrive\Documents\Desktop\Python_Reasoning_Engines_20260515_172849\files\compucog\71b29a3e8a59__gamepad_logger_adapter.py,C:\Users\mydyi\OneDrive\Documents\Desktop\Python_Reasoning_Functions_20260515_173222\functions_by_source\compucog\71b29a3e8a59__71b29a3e8a59__gamepad_logger_adapter.functions.py,7,ast,8185
compucog,H:\_BACKUPS\CompuCog_20260130_070311\CompuCog_Visual_v2 POSSIBLE KEEPER\compucog\event_system\adapters\input_logger_adapter.py,C:\Users\mydyi\OneDrive\Documents\Desktop\Python_Reasoning_Engines_20260515_172849\files\compucog\046b7066ac67__input_logger_adapter.py,C:\Users\mydyi\OneDrive\Documents\Desktop\Python_Reasoning_Functions_20260515_173222\functions_by_source\compucog\046b7066ac67__046b7066ac67__input_logger_adapter.functions.py,7,ast,5151
compucog,H:\_BACKUPS\CompuCog_20260130_070311\CompuCog_Visual_v2 POSSIBLE KEEPER\compucog\event_system\adapters\network_logger_adapter.py,C:\Users\mydyi\OneDrive\Documents\Desktop\Python_Reasoning_Engines_20260515_172849\files\compucog\d0a31089d592__network_logger_adapter.py,C:\Users\mydyi\OneDrive\Documents\Desktop\Python_Reasoning_Functions_20260515_173222\functions_by_source\compucog\d0a31089d592__d0a31089d592__network_logger_adapter.functions.py,6,ast,6684
compucog,H:\_BACKUPS\CompuCog_20260130_070311\CompuCog_Visual_v2 POSSIBLE KEEPER\compucog\event_system\adapters\process_logger_adapter.py,C:\Users\mydyi\OneDrive\Documents\Desktop\Python_Reasoning_Engines_20260515_172849\files\compucog\dadf93447388__process_logger_adapter.py,C:\Users\mydyi\OneDrive\Documents\Desktop\Python_Reasoning_Functions_20260515_173222\functions_by_source\compucog\dadf93447388__dadf93447388__process_logger_adapter.functions.py,7,ast,7779
compucog,H:\_BACKUPS\CompuCog_20260130_070311\CompuCog_Visual_v2 POSSIBLE KEEPER\compucog\event_system\adapters\test_activity_adapter.py,C:\Users\mydyi\OneDrive\Documents\Desktop\Python_Reasoning_Engines_20260515_172849\files\compucog\409c276c5db1__test_activity_adapter.py,C:\Users\mydyi\OneDrive\Documents\Desktop\Python_Reasoning_Functions_20260515_173222\functions_by_source\compucog\409c276c5db1__409c276c5db1__test_activity_adapter.functions.py,1,ast,4324
compucog,H:\_BACKUPS\CompuCog_20260130_070311\CompuCog_Visual_v2 POSSIBLE KEEPER\compucog\event_system\chronos_manager.py,C:\Users\mydyi\OneDrive\Documents\Desktop\Python_Reasoning_Engines_20260515_172849\files\compucog\f87f9caa5bb1__chronos_manager.py,C:\Users\mydyi\OneDrive\Documents\Desktop\Python_Reasoning_Functions_20260515_173222\functions_by_source\compucog\f87f9caa5bb1__f87f9caa5bb1__chronos_manager.functions.py,14,ast,10296
compucog,H:\_BACKUPS\CompuCog_20260130_070311\CompuCog_Visual_v2 POSSIBLE KEEPER\compucog\event_system\event_manager.py,C:\Users\mydyi\OneDrive\Documents\Desktop\Python_Reasoning_Engines_20260515_172849\files\compucog\e9e26801b6f7__event_manager.py,C:\Users\mydyi\OneDrive\Documents\Desktop\Python_Reasoning_Functions_20260515_173222\functions_by_source\compucog\e9e26801b6f7__e9e26801b6f7__event_manager.functions.py,27,ast,23274
compucog,H:\_BACKUPS\CompuCog_20260130_070311\CompuCog_Visual_v2 POSSIBLE KEEPER\compucog\event_system\organism.py,C:\Users\mydyi\OneDrive\Documents\Desktop\Python_Reasoning_Engines_20260515_172849\files\compucog\27a9a28f725e__organism.py,C:\Users\mydyi\OneDrive\Documents\Desktop\Python_Reasoning_Functions_20260515_173222\functions_by_source\compucog\27a9a28f725e__27a9a28f725e__organism.functions.py,8,ast,11133
compucog,H:\_BACKUPS\CompuCog_20260130_070311\CompuCog_Visual_v2 POSSIBLE KEEPER\compucog\event_system\sensor_registry.py,C:\Users\mydyi\OneDrive\Documents\Desktop\Python_Reasoning_Engines_20260515_172849\files\compucog\7ac4e528359d__sensor_registry.py,C:\Users\mydyi\OneDrive\Documents\Desktop\Python_Reasoning_Functions_20260515_173222\functions_by_source\compucog\7ac4e528359d__7ac4e528359d__sensor_registry.functions.py,18,ast,13790
compucog,H:\_BACKUPS\CompuCog_20260130_070311\CompuCog_Visual_v2 POSSIBLE KEEPER\compucog\memory\forge_engine\live_forge_harness.py,C:\Users\mydyi\OneDrive\Documents\Desktop\Python_Reasoning_Engines_20260515_172849\files\compucog\c954f30ee528__live_forge_harness.py,C:\Users\mydyi\OneDrive\Documents\Desktop\Python_Reasoning_Functions_20260515_173222\functions_by_source\compucog\c954f30ee528__c954f30ee528__live_forge_harness.functions.py,1,ast,2526
compucog,H:\_BACKUPS\CompuCog_20260130_070311\CompuCog_Visual_v2 POSSIBLE KEEPER\compucog_schema.py,C:\Users\mydyi\OneDrive\Documents\Desktop\Python_Reasoning_Engines_20260515_172849\files\compucog\7d29177b2403__compucog_schema.py,C:\Users\mydyi\OneDrive\Documents\Desktop\Python_Reasoning_Functions_20260515_173222\functions_by_source\compucog\7d29177b2403__7d29177b2403__compucog_schema.functions.py,6,ast,2985
compucog,H:\_BACKUPS\CompuCog_20260130_070311\CompuCog_Visual_v2 POSSIBLE KEEPER\core\frame_to_grid.py,C:\Users\mydyi\OneDrive\Documents\Desktop\Python_Reasoning_Engines_20260515_172849\files\compucog\b7d72bf1e7a4__frame_to_grid.py,C:\Users\mydyi\OneDrive\Documents\Desktop\Python_Reasoning_Functions_20260515_173222\functions_by_source\compucog\b7d72bf1e7a4__b7d72bf1e7a4__frame_to_grid.functions.py,7,ast,4222
compucog,H:\_BACKUPS\CompuCog_20260130_070311\CompuCog_Visual_v2 POSSIBLE KEEPER\event_system\chronos_manager.py,C:\Users\mydyi\OneDrive\Documents\Desktop\Python_Reasoning_Engines_20260515_172849\files\compucog\7d87f57e4043__chronos_manager.py,C:\Users\mydyi\OneDrive\Documents\Desktop\Python_Reasoning_Functions_20260515_173222\functions_by_source\compucog\7d87f57e4043__7d87f57e4043__chronos_manager.functions.py,14,ast,10287
compucog,H:\_BACKUPS\CompuCog_20260130_070311\CompuCog_Visual_v2 POSSIBLE KEEPER\event_system\sensor_registry.py,C:\Users\mydyi\OneDrive\Documents\Desktop\Python_Reasoning_Engines_20260515_172849\files\compucog\02d62460a8bc__sensor_registry.py,C:\Users\mydyi\OneDrive\Documents\Desktop\Python_Reasoning_Functions_20260515_173222\functions_by_source\compucog\02d62460a8bc__02d62460a8bc__sensor_registry.functions.py,18,ast,13781
compucog,H:\_BACKUPS\CompuCog_20260130_070311\CompuCog_Visual_v2 POSSIBLE KEEPER\event_system\tests\test_chronos_smoke.py,C:\Users\mydyi\OneDrive\Documents\Desktop\Python_Reasoning_Engines_20260515_172849\files\compucog\2757f3398c6a__test_chronos_smoke.py,C:\Users\mydyi\OneDrive\Documents\Desktop\Python_Reasoning_Functions_20260515_173222\functions_by_source\compucog\2757f3398c6a__2757f3398c6a__test_chronos_smoke.functions.py,6,ast,3503
compucog,H:\_BACKUPS\CompuCog_20260130_070311\CompuCog_Visual_v2 POSSIBLE KEEPER\examples\recognition_demo.py,C:\Users\mydyi\OneDrive\Documents\Desktop\Python_Reasoning_Engines_20260515_172849\files\compucog\8d6302f6dd90__recognition_demo.py,C:\Users\mydyi\OneDrive\Documents\Desktop\Python_Reasoning_Functions_20260515_173222\functions_by_source\compucog\8d6302f6dd90__8d6302f6dd90__recognition_demo.functions.py,1,ast,6396
compucog,H:\_BACKUPS\CompuCog_20260130_070311\CompuCog_Visual_v2 POSSIBLE KEEPER\gaming\analyze_fingerprints.py,C:\Users\mydyi\OneDrive\Documents\Desktop\Python_Reasoning_Engines_20260515_172849\files\compucog\81a65d5e4fa2__analyze_fingerprints.py,C:\Users\mydyi\OneDrive\Documents\Desktop\Python_Reasoning_Functions_20260515_173222\functions_by_source\compucog\81a65d5e4fa2__81a65d5e4fa2__analyze_fingerprints.functions.py,4,ast,5573
compucog,H:\_BACKUPS\CompuCog_20260130_070311\CompuCog_Visual_v2 POSSIBLE KEEPER\gaming\deep_analysis.py,C:\Users\mydyi\OneDrive\Documents\Desktop\Python_Reasoning_Engines_20260515_172849\files\compucog\b4155b65b081__deep_analysis.py,C:\Users\mydyi\OneDrive\Documents\Desktop\Python_Reasoning_Functions_20260515_173222\functions_by_source\compucog\b4155b65b081__b4155b65b081__deep_analysis.functions.py,7,ast,14506
compucog,H:\_BACKUPS\CompuCog_20260130_070311\CompuCog_Visual_v2 POSSIBLE KEEPER\gaming\eomm_compositor.py,C:\Users\mydyi\OneDrive\Documents\Desktop\Python_Reasoning_Engines_20260515_172849\files\compucog\ba85f23bc13a__eomm_compositor.py,C:\Users\mydyi\OneDrive\Documents\Desktop\Python_Reasoning_Functions_20260515_173222\functions_by_source\compucog\ba85f23bc13a__ba85f23bc13a__eomm_compositor.functions.py,7,ast,10148
compucog,H:\_BACKUPS\CompuCog_20260130_070311\CompuCog_Visual_v2 POSSIBLE KEEPER\gaming\extract_baselines.py,C:\Users\mydyi\OneDrive\Documents\Desktop\Python_Reasoning_Engines_20260515_172849\files\compucog\de56862b7b44__extract_baselines.py,C:\Users\mydyi\OneDrive\Documents\Desktop\Python_Reasoning_Functions_20260515_173222\functions_by_source\compucog\de56862b7b44__de56862b7b44__extract_baselines.functions.py,5,ast,12718
compucog,H:\_BACKUPS\CompuCog_20260130_070311\CompuCog_Visual_v2 POSSIBLE KEEPER\gaming\fuse_telemetry.py,C:\Users\mydyi\OneDrive\Documents\Desktop\Python_Reasoning_Engines_20260515_172849\files\compucog\769348cb9711__fuse_telemetry.py,C:\Users\mydyi\OneDrive\Documents\Desktop\Python_Reasoning_Functions_20260515_173222\functions_by_source\compucog\769348cb9711__769348cb9711__fuse_telemetry.functions.py,4,ast,8905
compucog,H:\_BACKUPS\CompuCog_20260130_070311\CompuCog_Visual_v2 POSSIBLE KEEPER\gaming\gaming_sensor.py,C:\Users\mydyi\OneDrive\Documents\Desktop\Python_Reasoning_Engines_20260515_172849\files\compucog\850520f8bf7c__gaming_sensor.py,C:\Users\mydyi\OneDrive\Documents\Desktop\Python_Reasoning_Functions_20260515_173222\functions_by_source\compucog\850520f8bf7c__850520f8bf7c__gaming_sensor.functions.py,5,ast,9108
compucog,H:\_BACKUPS\CompuCog_20260130_070311\CompuCog_Visual_v2 POSSIBLE KEEPER\gaming\migrate_timestamps.py,C:\Users\mydyi\OneDrive\Documents\Desktop\Python_Reasoning_Engines_20260515_172849\files\compucog\fd7eab7f1fb6__migrate_timestamps.py,C:\Users\mydyi\OneDrive\Documents\Desktop\Python_Reasoning_Functions_20260515_173222\functions_by_source\compucog\fd7eab7f1fb6__fd7eab7f1fb6__migrate_timestamps.functions.py,1,ast,1244
compucog,H:\_BACKUPS\CompuCog_20260130_070311\CompuCog_Visual_v2 POSSIBLE KEEPER\gaming\screen_vector_engine.py,C:\Users\mydyi\OneDrive\Documents\Desktop\Python_Reasoning_Engines_20260515_172849\files\compucog\b4e630e8973a__screen_vector_engine.py,C:\Users\mydyi\OneDrive\Documents\Desktop\Python_Reasoning_Functions_20260515_173222\functions_by_source\compucog\b4e630e8973a__b4e630e8973a__screen_vector_engine.functions.py,9,ast,16214
compucog,H:\_BACKUPS\CompuCog_20260130_070311\CompuCog_Visual_v2 POSSIBLE KEEPER\gaming\session_baseline.py,C:\Users\mydyi\OneDrive\Documents\Desktop\Python_Reasoning_Engines_20260515_172849\files\compucog\7c0b23d36ffd__session_baseline.py,C:\Users\mydyi\OneDrive\Documents\Desktop\Python_Reasoning_Functions_20260515_173222\functions_by_source\compucog\7c0b23d36ffd__7c0b23d36ffd__session_baseline.functions.py,19,ast,8024
compucog,H:\_BACKUPS\CompuCog_20260130_070311\CompuCog_Visual_v2 POSSIBLE KEEPER\gaming\truevision_event_live.py,C:\Users\mydyi\OneDrive\Documents\Desktop\Python_Reasoning_Engines_20260515_172849\files\compucog\4ccda45e54f9__truevision_event_live.py,C:\Users\mydyi\OneDrive\Documents\Desktop\Python_Reasoning_Functions_20260515_173222\functions_by_source\compucog\4ccda45e54f9__4ccda45e54f9__truevision_event_live.functions.py,9,ast,24772
compucog,H:\_BACKUPS\CompuCog_20260130_070311\CompuCog_Visual_v2 POSSIBLE KEEPER\gaming\truevision_live_run.py,C:\Users\mydyi\OneDrive\Documents\Desktop\Python_Reasoning_Engines_20260515_172849\files\compucog\3f0aa8905e30__truevision_live_run.py,C:\Users\mydyi\OneDrive\Documents\Desktop\Python_Reasoning_Functions_20260515_173222\functions_by_source\compucog\3f0aa8905e30__3f0aa8905e30__truevision_live_run.functions.py,2,ast,11453
compucog,H:\_BACKUPS\CompuCog_20260130_070311\CompuCog_Visual_v2 POSSIBLE KEEPER\gaming\truevision_schema.py,C:\Users\mydyi\OneDrive\Documents\Desktop\Python_Reasoning_Engines_20260515_172849\files\compucog\ca6c7529f9b1__truevision_schema.py,C:\Users\mydyi\OneDrive\Documents\Desktop\Python_Reasoning_Functions_20260515_173222\functions_by_source\compucog\ca6c7529f9b1__ca6c7529f9b1__truevision_schema.functions.py,5,ast,3373
compucog,H:\_BACKUPS\CompuCog_20260130_070311\CompuCog_Visual_v2 POSSIBLE KEEPER\gaming\truevision_smoke_test.py,C:\Users\mydyi\OneDrive\Documents\Desktop\Python_Reasoning_Engines_20260515_172849\files\compucog\e36aa7cbfc00__truevision_smoke_test.py,C:\Users\mydyi\OneDrive\Documents\Desktop\Python_Reasoning_Functions_20260515_173222\functions_by_source\compucog\e36aa7cbfc00__e36aa7cbfc00__truevision_smoke_test.functions.py,3,ast,11717
compucog,H:\_BACKUPS\CompuCog_20260130_070311\CompuCog_Visual_v2 POSSIBLE KEEPER\gaming\truevision_version.py,C:\Users\mydyi\OneDrive\Documents\Desktop\Python_Reasoning_Engines_20260515_172849\files\compucog\909e2dea94d6__truevision_version.py,C:\Users\mydyi\OneDrive\Documents\Desktop\Python_Reasoning_Functions_20260515_173222\functions_by_source\compucog\909e2dea94d6__909e2dea94d6__truevision_version.functions.py,2,ast,724
compucog,H:\_BACKUPS\CompuCog_20260130_070311\CompuCog_Visual_v2 POSSIBLE KEEPER\loggers\activity_logger.py,C:\Users\mydyi\OneDrive\Documents\Desktop\Python_Reasoning_Engines_20260515_172849\files\compucog\831988dcb2f3__activity_logger.py,C:\Users\mydyi\OneDrive\Documents\Desktop\Python_Reasoning_Functions_20260515_173222\functions_by_source\compucog\831988dcb2f3__831988dcb2f3__activity_logger.functions.py,7,ast,4849
compucog,H:\_BACKUPS\CompuCog_20260130_070311\CompuCog_Visual_v2 POSSIBLE KEEPER\loggers\gamepad_logger_continuous.py,C:\Users\mydyi\OneDrive\Documents\Desktop\Python_Reasoning_Engines_20260515_172849\files\compucog\15da4a582187__gamepad_logger_continuous.py,C:\Users\mydyi\OneDrive\Documents\Desktop\Python_Reasoning_Functions_20260515_173222\functions_by_source\compucog\15da4a582187__15da4a582187__gamepad_logger_continuous.functions.py,10,ast,8334
compucog,H:\_BACKUPS\CompuCog_20260130_070311\CompuCog_Visual_v2 POSSIBLE KEEPER\loggers\input_logger.py,C:\Users\mydyi\OneDrive\Documents\Desktop\Python_Reasoning_Engines_20260515_172849\files\compucog\6cf79882f4d3__input_logger.py,C:\Users\mydyi\OneDrive\Documents\Desktop\Python_Reasoning_Functions_20260515_173222\functions_by_source\compucog\6cf79882f4d3__6cf79882f4d3__input_logger.functions.py,10,ast,8097
compucog,H:\_BACKUPS\CompuCog_20260130_070311\CompuCog_Visual_v2 POSSIBLE KEEPER\memory\forge_memory\wal\pulse_writer.py,C:\Users\mydyi\OneDrive\Documents\Desktop\Python_Reasoning_Engines_20260515_172849\files\compucog\6953f7e51329__pulse_writer.py,C:\Users\mydyi\OneDrive\Documents\Desktop\Python_Reasoning_Functions_20260515_173222\functions_by_source\compucog\6953f7e51329__6953f7e51329__pulse_writer.functions.py,12,ast,7616
compucog,H:\_BACKUPS\CompuCog_20260130_070311\CompuCog_Visual_v2 POSSIBLE KEEPER\memory\recognition_demo.py,C:\Users\mydyi\OneDrive\Documents\Desktop\Python_Reasoning_Engines_20260515_172849\files\compucog\a9b2023365ef__recognition_demo.py,C:\Users\mydyi\OneDrive\Documents\Desktop\Python_Reasoning_Functions_20260515_173222\functions_by_source\compucog\a9b2023365ef__a9b2023365ef__recognition_demo.functions.py,1,ast,6394
compucog,H:\_BACKUPS\CompuCog_20260130_070311\CompuCog_Visual_v2 POSSIBLE KEEPER\operators\base_operator.py,C:\Users\mydyi\OneDrive\Documents\Desktop\Python_Reasoning_Engines_20260515_172849\files\compucog\b09e43afad9a__base_operator.py,C:\Users\mydyi\OneDrive\Documents\Desktop\Python_Reasoning_Functions_20260515_173222\functions_by_source\compucog\b09e43afad9a__b09e43afad9a__base_operator.functions.py,14,ast,5328
compucog,H:\_BACKUPS\CompuCog_20260130_070311\CompuCog_Visual_v2 POSSIBLE KEEPER\operators\color_shift.py,C:\Users\mydyi\OneDrive\Documents\Desktop\Python_Reasoning_Engines_20260515_172849\files\compucog\eae5419c9d17__color_shift.py,C:\Users\mydyi\OneDrive\Documents\Desktop\Python_Reasoning_Functions_20260515_173222\functions_by_source\compucog\eae5419c9d17__eae5419c9d17__color_shift.functions.py,4,ast,4454
compucog,H:\_BACKUPS\CompuCog_20260130_070311\CompuCog_Visual_v2 POSSIBLE KEEPER\operators\crosshair_motion.py,C:\Users\mydyi\OneDrive\Documents\Desktop\Python_Reasoning_Engines_20260515_172849\files\compucog\5d1127cb11bd__crosshair_motion.py,C:\Users\mydyi\OneDrive\Documents\Desktop\Python_Reasoning_Functions_20260515_173222\functions_by_source\compucog\5d1127cb11bd__5d1127cb11bd__crosshair_motion.functions.py,4,ast,5335
compucog,H:\_BACKUPS\CompuCog_20260130_070311\CompuCog_Visual_v2 POSSIBLE KEEPER\operators\flicker_detector.py,C:\Users\mydyi\OneDrive\Documents\Desktop\Python_Reasoning_Engines_20260515_172849\files\compucog\5e3141b55653__flicker_detector.py,C:\Users\mydyi\OneDrive\Documents\Desktop\Python_Reasoning_Functions_20260515_173222\functions_by_source\compucog\5e3141b55653__5e3141b55653__flicker_detector.functions.py,2,ast,3109
compucog,H:\_BACKUPS\CompuCog_20260130_070311\CompuCog_Visual_v2 POSSIBLE KEEPER\operators\hud_stability.py,C:\Users\mydyi\OneDrive\Documents\Desktop\Python_Reasoning_Engines_20260515_172849\files\compucog\d438c5a12465__hud_stability.py,C:\Users\mydyi\OneDrive\Documents\Desktop\Python_Reasoning_Functions_20260515_173222\functions_by_source\compucog\d438c5a12465__d438c5a12465__hud_stability.functions.py,3,ast,4183
compucog,H:\_BACKUPS\CompuCog_20260130_070311\CompuCog_Visual_v2 POSSIBLE KEEPER\operators\peripheral_flash.py,C:\Users\mydyi\OneDrive\Documents\Desktop\Python_Reasoning_Engines_20260515_172849\files\compucog\c38442a5d9cd__peripheral_flash.py,C:\Users\mydyi\OneDrive\Documents\Desktop\Python_Reasoning_Functions_20260515_173222\functions_by_source\compucog\c38442a5d9cd__c38442a5d9cd__peripheral_flash.functions.py,3,ast,4824
compucog,H:\_BACKUPS\CompuCog_20260130_070311\CompuCog_Visual_v2 POSSIBLE KEEPER\tests\test_chronos_smoke.py,C:\Users\mydyi\OneDrive\Documents\Desktop\Python_Reasoning_Engines_20260515_172849\files\compucog\b2b7250c1f7d__test_chronos_smoke.py,C:\Users\mydyi\OneDrive\Documents\Desktop\Python_Reasoning_Functions_20260515_173222\functions_by_source\compucog\b2b7250c1f7d__b2b7250c1f7d__test_chronos_smoke.functions.py,6,ast,3490
compucog,H:\_BACKUPS\CompuCog_20260130_070311\CompuCog_Visual_v2 POSSIBLE KEEPER\tests\test_screen_vector_engine.py,C:\Users\mydyi\OneDrive\Documents\Desktop\Python_Reasoning_Engines_20260515_172849\files\compucog\96d653abfd28__test_screen_vector_engine.py,C:\Users\mydyi\OneDrive\Documents\Desktop\Python_Reasoning_Functions_20260515_173222\functions_by_source\compucog\96d653abfd28__96d653abfd28__test_screen_vector_engine.functions.py,4,ast,1972
compucog,H:\_BACKUPS\CompuCog_20260130_070545\CompuCog_Visual_v2 POSSIBLE KEEPER\baselines\session_baseline.py,C:\Users\mydyi\OneDrive\Documents\Desktop\Python_Reasoning_Engines_20260515_172849\files\compucog\cc9a4a2667cd__session_baseline.py,C:\Users\mydyi\OneDrive\Documents\Desktop\Python_Reasoning_Functions_20260515_173222\functions_by_source\compucog\cc9a4a2667cd__cc9a4a2667cd__session_baseline.functions.py,19,ast,8027
compucog,H:\_BACKUPS\CompuCog_20260130_070545\CompuCog_Visual_v2 POSSIBLE KEEPER\compositor\eomm_compositor.py,C:\Users\mydyi\OneDrive\Documents\Desktop\Python_Reasoning_Engines_20260515_172849\files\compucog\9ce3fc6d87fa__eomm_compositor.py,C:\Users\mydyi\OneDrive\Documents\Desktop\Python_Reasoning_Functions_20260515_173222\functions_by_source\compucog\9ce3fc6d87fa__9ce3fc6d87fa__eomm_compositor.functions.py,7,ast,10152
compucog,H:\_BACKUPS\CompuCog_20260130_070545\CompuCog_Visual_v2 POSSIBLE KEEPER\compucog\event_system\adapters\activity_logger_adapter.py,C:\Users\mydyi\OneDrive\Documents\Desktop\Python_Reasoning_Engines_20260515_172849\files\compucog\c5b20d9e1c8b__activity_logger_adapter.py,C:\Users\mydyi\OneDrive\Documents\Desktop\Python_Reasoning_Functions_20260515_173222\functions_by_source\compucog\c5b20d9e1c8b__c5b20d9e1c8b__activity_logger_adapter.functions.py,8,ast,6453
compucog,H:\_BACKUPS\CompuCog_20260130_070545\CompuCog_Visual_v2 POSSIBLE KEEPER\compucog\event_system\adapters\gamepad_logger_adapter.py,C:\Users\mydyi\OneDrive\Documents\Desktop\Python_Reasoning_Engines_20260515_172849\files\compucog\2b8107431a40__gamepad_logger_adapter.py,C:\Users\mydyi\OneDrive\Documents\Desktop\Python_Reasoning_Functions_20260515_173222\functions_by_source\compucog\2b8107431a40__2b8107431a40__gamepad_logger_adapter.functions.py,7,ast,8185
compucog,H:\_BACKUPS\CompuCog_20260130_070545\CompuCog_Visual_v2 POSSIBLE KEEPER\compucog\event_system\adapters\input_logger_adapter.py,C:\Users\mydyi\OneDrive\Documents\Desktop\Python_Reasoning_Engines_20260515_172849\files\compucog\e3fb322e8aa1__input_logger_adapter.py,C:\Users\mydyi\OneDrive\Documents\Desktop\Python_Reasoning_Functions_20260515_173222\functions_by_source\compucog\e3fb322e8aa1__e3fb322e8aa1__input_logger_adapter.functions.py,7,ast,5151
compucog,H:\_BACKUPS\CompuCog_20260130_070545\CompuCog_Visual_v2 POSSIBLE KEEPER\compucog\event_system\adapters\network_logger_adapter.py,C:\Users\mydyi\OneDrive\Documents\Desktop\Python_Reasoning_Engines_20260515_172849\files\compucog\a765cac7dc4c__network_logger_adapter.py,C:\Users\mydyi\OneDrive\Documents\Desktop\Python_Reasoning_Functions_20260515_173222\functions_by_source\compucog\a765cac7dc4c__a765cac7dc4c__network_logger_adapter.functions.py,6,ast,6684
compucog,H:\_BACKUPS\CompuCog_20260130_070545\CompuCog_Visual_v2 POSSIBLE KEEPER\compucog\event_system\adapters\process_logger_adapter.py,C:\Users\mydyi\OneDrive\Documents\Desktop\Python_Reasoning_Engines_20260515_172849\files\compucog\1355cf58921a__process_logger_adapter.py,C:\Users\mydyi\OneDrive\Documents\Desktop\Python_Reasoning_Functions_20260515_173222\functions_by_source\compucog\1355cf58921a__1355cf58921a__process_logger_adapter.functions.py,7,ast,7779
compucog,H:\_BACKUPS\CompuCog_20260130_070545\CompuCog_Visual_v2 POSSIBLE KEEPER\compucog\event_system\adapters\test_activity_adapter.py,C:\Users\mydyi\OneDrive\Documents\Desktop\Python_Reasoning_Engines_20260515_172849\files\compucog\14b3ea4c14df__test_activity_adapter.py,C:\Users\mydyi\OneDrive\Documents\Desktop\Python_Reasoning_Functions_20260515_173222\functions_by_source\compucog\14b3ea4c14df__14b3ea4c14df__test_activity_adapter.functions.py,1,ast,4324
compucog,H:\_BACKUPS\CompuCog_20260130_070545\CompuCog_Visual_v2 POSSIBLE KEEPER\compucog\event_system\chronos_manager.py,C:\Users\mydyi\OneDrive\Documents\Desktop\Python_Reasoning_Engines_20260515_172849\files\compucog\2ea28c74dd28__chronos_manager.py,C:\Users\mydyi\OneDrive\Documents\Desktop\Python_Reasoning_Functions_20260515_173222\functions_by_source\compucog\2ea28c74dd28__2ea28c74dd28__chronos_manager.functions.py,14,ast,10296
compucog,H:\_BACKUPS\CompuCog_20260130_070545\CompuCog_Visual_v2 POSSIBLE KEEPER\compucog\event_system\event_manager.py,C:\Users\mydyi\OneDrive\Documents\Desktop\Python_Reasoning_Engines_20260515_172849\files\compucog\0b50a213664b__event_manager.py,C:\Users\mydyi\OneDrive\Documents\Desktop\Python_Reasoning_Functions_20260515_173222\functions_by_source\compucog\0b50a213664b__0b50a213664b__event_manager.functions.py,27,ast,23274
compucog,H:\_BACKUPS\CompuCog_20260130_070545\CompuCog_Visual_v2 POSSIBLE KEEPER\compucog\event_system\organism.py,C:\Users\mydyi\OneDrive\Documents\Desktop\Python_Reasoning_Engines_20260515_172849\files\compucog\06e29a34e081__organism.py,C:\Users\mydyi\OneDrive\Documents\Desktop\Python_Reasoning_Functions_20260515_173222\functions_by_source\compucog\06e29a34e081__06e29a34e081__organism.functions.py,8,ast,11133
compucog,H:\_BACKUPS\CompuCog_20260130_070545\CompuCog_Visual_v2 POSSIBLE KEEPER\compucog\event_system\sensor_registry.py,C:\Users\mydyi\OneDrive\Documents\Desktop\Python_Reasoning_Engines_20260515_172849\files\compucog\ca4c89d3b8ab__sensor_registry.py,C:\Users\mydyi\OneDrive\Documents\Desktop\Python_Reasoning_Functions_20260515_173222\functions_by_source\compucog\ca4c89d3b8ab__ca4c89d3b8ab__sensor_registry.functions.py,18,ast,13790
compucog,H:\_BACKUPS\CompuCog_20260130_070545\CompuCog_Visual_v2 POSSIBLE KEEPER\compucog\memory\forge_engine\live_forge_harness.py,C:\Users\mydyi\OneDrive\Documents\Desktop\Python_Reasoning_Engines_20260515_172849\files\compucog\94b1264f70ea__live_forge_harness.py,C:\Users\mydyi\OneDrive\Documents\Desktop\Python_Reasoning_Functions_20260515_173222\functions_by_source\compucog\94b1264f70ea__94b1264f70ea__live_forge_harness.functions.py,1,ast,2526
compucog,H:\_BACKUPS\CompuCog_20260130_070545\CompuCog_Visual_v2 POSSIBLE KEEPER\compucog_schema.py,C:\Users\mydyi\OneDrive\Documents\Desktop\Python_Reasoning_Engines_20260515_172849\files\compucog\5ae4e73b6f88__compucog_schema.py,C:\Users\mydyi\OneDrive\Documents\Desktop\Python_Reasoning_Functions_20260515_173222\functions_by_source\compucog\5ae4e73b6f88__5ae4e73b6f88__compucog_schema.functions.py,6,ast,2985
compucog,H:\_BACKUPS\CompuCog_20260130_070545\CompuCog_Visual_v2 POSSIBLE KEEPER\core\frame_to_grid.py,C:\Users\mydyi\OneDrive\Documents\Desktop\Python_Reasoning_Engines_20260515_172849\files\compucog\b5b86886e98a__frame_to_grid.py,C:\Users\mydyi\OneDrive\Documents\Desktop\Python_Reasoning_Functions_20260515_173222\functions_by_source\compucog\b5b86886e98a__b5b86886e98a__frame_to_grid.functions.py,7,ast,4222
compucog,H:\_BACKUPS\CompuCog_20260130_070545\CompuCog_Visual_v2 POSSIBLE KEEPER\event_system\chronos_manager.py,C:\Users\mydyi\OneDrive\Documents\Desktop\Python_Reasoning_Engines_20260515_172849\files\compucog\240e801dc583__chronos_manager.py,C:\Users\mydyi\OneDrive\Documents\Desktop\Python_Reasoning_Functions_20260515_173222\functions_by_source\compucog\240e801dc583__240e801dc583__chronos_manager.functions.py,14,ast,10287
compucog,H:\_BACKUPS\CompuCog_20260130_070545\CompuCog_Visual_v2 POSSIBLE KEEPER\event_system\sensor_registry.py,C:\Users\mydyi\OneDrive\Documents\Desktop\Python_Reasoning_Engines_20260515_172849\files\compucog\fba134e268f4__sensor_registry.py,C:\Users\mydyi\OneDrive\Documents\Desktop\Python_Reasoning_Functions_20260515_173222\functions_by_source\compucog\fba134e268f4__fba134e268f4__sensor_registry.functions.py,18,ast,13781
compucog,H:\_BACKUPS\CompuCog_20260130_070545\CompuCog_Visual_v2 POSSIBLE KEEPER\event_system\tests\test_chronos_smoke.py,C:\Users\mydyi\OneDrive\Documents\Desktop\Python_Reasoning_Engines_20260515_172849\files\compucog\bb85c4353743__test_chronos_smoke.py,C:\Users\mydyi\OneDrive\Documents\Desktop\Python_Reasoning_Functions_20260515_173222\functions_by_source\compucog\bb85c4353743__bb85c4353743__test_chronos_smoke.functions.py,6,ast,3503
compucog,H:\_BACKUPS\CompuCog_20260130_070545\CompuCog_Visual_v2 POSSIBLE KEEPER\examples\recognition_demo.py,C:\Users\mydyi\OneDrive\Documents\Desktop\Python_Reasoning_Engines_20260515_172849\files\compucog\d945c0cb3110__recognition_demo.py,C:\Users\mydyi\OneDrive\Documents\Desktop\Python_Reasoning_Functions_20260515_173222\functions_by_source\compucog\d945c0cb3110__d945c0cb3110__recognition_demo.functions.py,1,ast,6396
compucog,H:\_BACKUPS\CompuCog_20260130_070545\CompuCog_Visual_v2 POSSIBLE KEEPER\gaming\analyze_fingerprints.py,C:\Users\mydyi\OneDrive\Documents\Desktop\Python_Reasoning_Engines_20260515_172849\files\compucog\3dfe4105f302__analyze_fingerprints.py,C:\Users\mydyi\OneDrive\Documents\Desktop\Python_Reasoning_Functions_20260515_173222\functions_by_source\compucog\3dfe4105f302__3dfe4105f302__analyze_fingerprints.functions.py,4,ast,5573
compucog,H:\_BACKUPS\CompuCog_20260130_070545\CompuCog_Visual_v2 POSSIBLE KEEPER\gaming\deep_analysis.py,C:\Users\mydyi\OneDrive\Documents\Desktop\Python_Reasoning_Engines_20260515_172849\files\compucog\89841fc5eac0__deep_analysis.py,C:\Users\mydyi\OneDrive\Documents\Desktop\Python_Reasoning_Functions_20260515_173222\functions_by_source\compucog\89841fc5eac0__89841fc5eac0__deep_analysis.functions.py,7,ast,14506
compucog,H:\_BACKUPS\CompuCog_20260130_070545\CompuCog_Visual_v2 POSSIBLE KEEPER\gaming\eomm_compositor.py,C:\Users\mydyi\OneDrive\Documents\Desktop\Python_Reasoning_Engines_20260515_172849\files\compucog\bfc09587349f__eomm_compositor.py,C:\Users\mydyi\OneDrive\Documents\Desktop\Python_Reasoning_Functions_20260515_173222\functions_by_source\compucog\bfc09587349f__bfc09587349f__eomm_compositor.functions.py,7,ast,10148
compucog,H:\_BACKUPS\CompuCog_20260130_070545\CompuCog_Visual_v2 POSSIBLE KEEPER\gaming\extract_baselines.py,C:\Users\mydyi\OneDrive\Documents\Desktop\Python_Reasoning_Engines_20260515_172849\files\compucog\5c7e81f407f0__extract_baselines.py,C:\Users\mydyi\OneDrive\Documents\Desktop\Python_Reasoning_Functions_20260515_173222\functions_by_source\compucog\5c7e81f407f0__5c7e81f407f0__extract_baselines.functions.py,5,ast,12718
compucog,H:\_BACKUPS\CompuCog_20260130_070545\CompuCog_Visual_v2 POSSIBLE KEEPER\gaming\fuse_telemetry.py,C:\Users\mydyi\OneDrive\Documents\Desktop\Python_Reasoning_Engines_20260515_172849\files\compucog\1f4e25816c50__fuse_telemetry.py,C:\Users\mydyi\OneDrive\Documents\Desktop\Python_Reasoning_Functions_20260515_173222\functions_by_source\compucog\1f4e25816c50__1f4e25816c50__fuse_telemetry.functions.py,4,ast,8905
compucog,H:\_BACKUPS\CompuCog_20260130_070545\CompuCog_Visual_v2 POSSIBLE KEEPER\gaming\gaming_sensor.py,C:\Users\mydyi\OneDrive\Documents\Desktop\Python_Reasoning_Engines_20260515_172849\files\compucog\bee8e3c722cb__gaming_sensor.py,C:\Users\mydyi\OneDrive\Documents\Desktop\Python_Reasoning_Functions_20260515_173222\functions_by_source\compucog\bee8e3c722cb__bee8e3c722cb__gaming_sensor.functions.py,5,ast,9108
compucog,H:\_BACKUPS\CompuCog_20260130_070545\CompuCog_Visual_v2 POSSIBLE KEEPER\gaming\migrate_timestamps.py,C:\Users\mydyi\OneDrive\Documents\Desktop\Python_Reasoning_Engines_20260515_172849\files\compucog\76ced0b99877__migrate_timestamps.py,C:\Users\mydyi\OneDrive\Documents\Desktop\Python_Reasoning_Functions_20260515_173222\functions_by_source\compucog\76ced0b99877__76ced0b99877__migrate_timestamps.functions.py,1,ast,1244
compucog,H:\_BACKUPS\CompuCog_20260130_070545\CompuCog_Visual_v2 POSSIBLE KEEPER\gaming\screen_vector_engine.py,C:\Users\mydyi\OneDrive\Documents\Desktop\Python_Reasoning_Engines_20260515_172849\files\compucog\facdcfeafc65__screen_vector_engine.py,C:\Users\mydyi\OneDrive\Documents\Desktop\Python_Reasoning_Functions_20260515_173222\functions_by_source\compucog\facdcfeafc65__facdcfeafc65__screen_vector_engine.functions.py,9,ast,16214
compucog,H:\_BACKUPS\CompuCog_20260130_070545\CompuCog_Visual_v2 POSSIBLE KEEPER\gaming\session_baseline.py,C:\Users\mydyi\OneDrive\Documents\Desktop\Python_Reasoning_Engines_20260515_172849\files\compucog\99036f50d78d__session_baseline.py,C:\Users\mydyi\OneDrive\Documents\Desktop\Python_Reasoning_Functions_20260515_173222\functions_by_source\compucog\99036f50d78d__99036f50d78d__session_baseline.functions.py,19,ast,8024
compucog,H:\_BACKUPS\CompuCog_20260130_070545\CompuCog_Visual_v2 POSSIBLE KEEPER\gaming\truevision_event_live.py,C:\Users\mydyi\OneDrive\Documents\Desktop\Python_Reasoning_Engines_20260515_172849\files\compucog\9bf484805aaa__truevision_event_live.py,C:\Users\mydyi\OneDrive\Documents\Desktop\Python_Reasoning_Functions_20260515_173222\functions_by_source\compucog\9bf484805aaa__9bf484805aaa__truevision_event_live.functions.py,9,ast,24772
compucog,H:\_BACKUPS\CompuCog_20260130_070545\CompuCog_Visual_v2 POSSIBLE KEEPER\gaming\truevision_live_run.py,C:\Users\mydyi\OneDrive\Documents\Desktop\Python_Reasoning_Engines_20260515_172849\files\compucog\e70844b44158__truevision_live_run.py,C:\Users\mydyi\OneDrive\Documents\Desktop\Python_Reasoning_Functions_20260515_173222\functions_by_source\compucog\e70844b44158__e70844b44158__truevision_live_run.functions.py,2,ast,11453
compucog,H:\_BACKUPS\CompuCog_20260130_070545\CompuCog_Visual_v2 POSSIBLE KEEPER\gaming\truevision_schema.py,C:\Users\mydyi\OneDrive\Documents\Desktop\Python_Reasoning_Engines_20260515_172849\files\compucog\9913d8f5ffe3__truevision_schema.py,C:\Users\mydyi\OneDrive\Documents\Desktop\Python_Reasoning_Functions_20260515_173222\functions_by_source\compucog\9913d8f5ffe3__9913d8f5ffe3__truevision_schema.functions.py,5,ast,3373
compucog,H:\_BACKUPS\CompuCog_20260130_070545\CompuCog_Visual_v2 POSSIBLE KEEPER\gaming\truevision_smoke_test.py,C:\Users\mydyi\OneDrive\Documents\Desktop\Python_Reasoning_Engines_20260515_172849\files\compucog\2ec7af92d17c__truevision_smoke_test.py,C:\Users\mydyi\OneDrive\Documents\Desktop\Python_Reasoning_Functions_20260515_173222\functions_by_source\compucog\2ec7af92d17c__2ec7af92d17c__truevision_smoke_test.functions.py,3,ast,11717
compucog,H:\_BACKUPS\CompuCog_20260130_070545\CompuCog_Visual_v2 POSSIBLE KEEPER\gaming\truevision_version.py,C:\Users\mydyi\OneDrive\Documents\Desktop\Python_Reasoning_Engines_20260515_172849\files\compucog\c2d03ab644fc__truevision_version.py,C:\Users\mydyi\OneDrive\Documents\Desktop\Python_Reasoning_Functions_20260515_173222\functions_by_source\compucog\c2d03ab644fc__c2d03ab644fc__truevision_version.functions.py,2,ast,724
compucog,H:\_BACKUPS\CompuCog_20260130_070545\CompuCog_Visual_v2 POSSIBLE KEEPER\loggers\activity_logger.py,C:\Users\mydyi\OneDrive\Documents\Desktop\Python_Reasoning_Engines_20260515_172849\files\compucog\6169b93fdd03__activity_logger.py,C:\Users\mydyi\OneDrive\Documents\Desktop\Python_Reasoning_Functions_20260515_173222\functions_by_source\compucog\6169b93fdd03__6169b93fdd03__activity_logger.functions.py,7,ast,4849
compucog,H:\_BACKUPS\CompuCog_20260130_070545\CompuCog_Visual_v2 POSSIBLE KEEPER\loggers\gamepad_logger_continuous.py,C:\Users\mydyi\OneDrive\Documents\Desktop\Python_Reasoning_Engines_20260515_172849\files\compucog\7811ad07345a__gamepad_logger_continuous.py,C:\Users\mydyi\OneDrive\Documents\Desktop\Python_Reasoning_Functions_20260515_173222\functions_by_source\compucog\7811ad07345a__7811ad07345a__gamepad_logger_continuous.functions.py,10,ast,8334
compucog,H:\_BACKUPS\CompuCog_20260130_070545\CompuCog_Visual_v2 POSSIBLE KEEPER\loggers\input_logger.py,C:\Users\mydyi\OneDrive\Documents\Desktop\Python_Reasoning_Engines_20260515_172849\files\compucog\afa2a7fd39e7__input_logger.py,C:\Users\mydyi\OneDrive\Documents\Desktop\Python_Reasoning_Functions_20260515_173222\functions_by_source\compucog\afa2a7fd39e7__afa2a7fd39e7__input_logger.functions.py,10,ast,8097
compucog,H:\_BACKUPS\CompuCog_20260130_070545\CompuCog_Visual_v2 POSSIBLE KEEPER\memory\forge_memory\wal\pulse_writer.py,C:\Users\mydyi\OneDrive\Documents\Desktop\Python_Reasoning_Engines_20260515_172849\files\compucog\e4c34281f9d6__pulse_writer.py,C:\Users\mydyi\OneDrive\Documents\Desktop\Python_Reasoning_Functions_20260515_173222\functions_by_source\compucog\e4c34281f9d6__e4c34281f9d6__pulse_writer.functions.py,12,ast,7616
compucog,H:\_BACKUPS\CompuCog_20260130_070545\CompuCog_Visual_v2 POSSIBLE KEEPER\memory\recognition_demo.py,C:\Users\mydyi\OneDrive\Documents\Desktop\Python_Reasoning_Engines_20260515_172849\files\compucog\9f3b7fd4c183__recognition_demo.py,C:\Users\mydyi\OneDrive\Documents\Desktop\Python_Reasoning_Functions_20260515_173222\functions_by_source\compucog\9f3b7fd4c183__9f3b7fd4c183__recognition_demo.functions.py,1,ast,6394
compucog,H:\_BACKUPS\CompuCog_20260130_070545\CompuCog_Visual_v2 POSSIBLE KEEPER\operators\base_operator.py,C:\Users\mydyi\OneDrive\Documents\Desktop\Python_Reasoning_Engines_20260515_172849\files\compucog\05abf91e0962__base_operator.py,C:\Users\mydyi\OneDrive\Documents\Desktop\Python_Reasoning_Functions_20260515_173222\functions_by_source\compucog\05abf91e0962__05abf91e0962__base_operator.functions.py,14,ast,5328
compucog,H:\_BACKUPS\CompuCog_20260130_070545\CompuCog_Visual_v2 POSSIBLE KEEPER\operators\color_shift.py,C:\Users\mydyi\OneDrive\Documents\Desktop\Python_Reasoning_Engines_20260515_172849\files\compucog\552eb874c5e3__color_shift.py,C:\Users\mydyi\OneDrive\Documents\Desktop\Python_Reasoning_Functions_20260515_173222\functions_by_source\compucog\552eb874c5e3__552eb874c5e3__color_shift.functions.py,4,ast,4454
compucog,H:\_BACKUPS\CompuCog_20260130_070545\CompuCog_Visual_v2 POSSIBLE KEEPER\operators\crosshair_motion.py,C:\Users\mydyi\OneDrive\Documents\Desktop\Python_Reasoning_Engines_20260515_172849\files\compucog\bfecd859eb80__crosshair_motion.py,C:\Users\mydyi\OneDrive\Documents\Desktop\Python_Reasoning_Functions_20260515_173222\functions_by_source\compucog\bfecd859eb80__bfecd859eb80__crosshair_motion.functions.py,4,ast,5335
compucog,H:\_BACKUPS\CompuCog_20260130_070545\CompuCog_Visual_v2 POSSIBLE KEEPER\operators\flicker_detector.py,C:\Users\mydyi\OneDrive\Documents\Desktop\Python_Reasoning_Engines_20260515_172849\files\compucog\61d7882cf496__flicker_detector.py,C:\Users\mydyi\OneDrive\Documents\Desktop\Python_Reasoning_Functions_20260515_173222\functions_by_source\compucog\61d7882cf496__61d7882cf496__flicker_detector.functions.py,2,ast,3109
compucog,H:\_BACKUPS\CompuCog_20260130_070545\CompuCog_Visual_v2 POSSIBLE KEEPER\operators\hud_stability.py,C:\Users\mydyi\OneDrive\Documents\Desktop\Python_Reasoning_Engines_20260515_172849\files\compucog\298d0add7c06__hud_stability.py,C:\Users\mydyi\OneDrive\Documents\Desktop\Python_Reasoning_Functions_20260515_173222\functions_by_source\compucog\298d0add7c06__298d0add7c06__hud_stability.functions.py,3,ast,4183
compucog,H:\_BACKUPS\CompuCog_20260130_070545\CompuCog_Visual_v2 POSSIBLE KEEPER\operators\peripheral_flash.py,C:\Users\mydyi\OneDrive\Documents\Desktop\Python_Reasoning_Engines_20260515_172849\files\compucog\b9a2b403cdcb__peripheral_flash.py,C:\Users\mydyi\OneDrive\Documents\Desktop\Python_Reasoning_Functions_20260515_173222\functions_by_source\compucog\b9a2b403cdcb__b9a2b403cdcb__peripheral_flash.functions.py,3,ast,4824
compucog,H:\_BACKUPS\CompuCog_20260130_070545\CompuCog_Visual_v2 POSSIBLE KEEPER\tests\test_chronos_smoke.py,C:\Users\mydyi\OneDrive\Documents\Desktop\Python_Reasoning_Engines_20260515_172849\files\compucog\7727a1f079ce__test_chronos_smoke.py,C:\Users\mydyi\OneDrive\Documents\Desktop\Python_Reasoning_Functions_20260515_173222\functions_by_source\compucog\7727a1f079ce__7727a1f079ce__test_chronos_smoke.functions.py,6,ast,3490
compucog,H:\_BACKUPS\CompuCog_20260130_070545\CompuCog_Visual_v2 POSSIBLE KEEPER\tests\test_screen_vector_engine.py,C:\Users\mydyi\OneDrive\Documents\Desktop\Python_Reasoning_Engines_20260515_172849\files\compucog\b96d3dafb742__test_screen_vector_engine.py,C:\Users\mydyi\OneDrive\Documents\Desktop\Python_Reasoning_Functions_20260515_173222\functions_by_source\compucog\b96d3dafb742__b96d3dafb742__test_screen_vector_engine.functions.py,4,ast,1972
compucog,H:\_BACKUPS\CompuCog_20260130_070757\CompuCog_Visual_v2 POSSIBLE KEEPER\baselines\session_baseline.py,C:\Users\mydyi\OneDrive\Documents\Desktop\Python_Reasoning_Engines_20260515_172849\files\compucog\673f6b587ecf__session_baseline.py,C:\Users\mydyi\OneDrive\Documents\Desktop\Python_Reasoning_Functions_20260515_173222\functions_by_source\compucog\673f6b587ecf__673f6b587ecf__session_baseline.functions.py,19,ast,8027
compucog,H:\_BACKUPS\CompuCog_20260130_070757\CompuCog_Visual_v2 POSSIBLE KEEPER\compositor\eomm_compositor.py,C:\Users\mydyi\OneDrive\Documents\Desktop\Python_Reasoning_Engines_20260515_172849\files\compucog\93122e40b0cc__eomm_compositor.py,C:\Users\mydyi\OneDrive\Documents\Desktop\Python_Reasoning_Functions_20260515_173222\functions_by_source\compucog\93122e40b0cc__93122e40b0cc__eomm_compositor.functions.py,7,ast,10152
compucog,H:\_BACKUPS\CompuCog_20260130_070757\CompuCog_Visual_v2 POSSIBLE KEEPER\compucog\event_system\adapters\activity_logger_adapter.py,C:\Users\mydyi\OneDrive\Documents\Desktop\Python_Reasoning_Engines_20260515_172849\files\compucog\b9e6eaa38c35__activity_logger_adapter.py,C:\Users\mydyi\OneDrive\Documents\Desktop\Python_Reasoning_Functions_20260515_173222\functions_by_source\compucog\b9e6eaa38c35__b9e6eaa38c35__activity_logger_adapter.functions.py,8,ast,6453
compucog,H:\_BACKUPS\CompuCog_20260130_070757\CompuCog_Visual_v2 POSSIBLE KEEPER\compucog\event_system\adapters\gamepad_logger_adapter.py,C:\Users\mydyi\OneDrive\Documents\Desktop\Python_Reasoning_Engines_20260515_172849\files\compucog\2395a473cf4c__gamepad_logger_adapter.py,C:\Users\mydyi\OneDrive\Documents\Desktop\Python_Reasoning_Functions_20260515_173222\functions_by_source\compucog\2395a473cf4c__2395a473cf4c__gamepad_logger_adapter.functions.py,7,ast,8185
compucog,H:\_BACKUPS\CompuCog_20260130_070757\CompuCog_Visual_v2 POSSIBLE KEEPER\compucog\event_system\adapters\input_logger_adapter.py,C:\Users\mydyi\OneDrive\Documents\Desktop\Python_Reasoning_Engines_20260515_172849\files\compucog\fb4551960995__input_logger_adapter.py,C:\Users\mydyi\OneDrive\Documents\Desktop\Python_Reasoning_Functions_20260515_173222\functions_by_source\compucog\fb4551960995__fb4551960995__input_logger_adapter.functions.py,7,ast,5151
compucog,H:\_BACKUPS\CompuCog_20260130_070757\CompuCog_Visual_v2 POSSIBLE KEEPER\compucog\event_system\adapters\network_logger_adapter.py,C:\Users\mydyi\OneDrive\Documents\Desktop\Python_Reasoning_Engines_20260515_172849\files\compucog\e9c51835a4ff__network_logger_adapter.py,C:\Users\mydyi\OneDrive\Documents\Desktop\Python_Reasoning_Functions_20260515_173222\functions_by_source\compucog\e9c51835a4ff__e9c51835a4ff__network_logger_adapter.functions.py,6,ast,6684
compucog,H:\_BACKUPS\CompuCog_20260130_070757\CompuCog_Visual_v2 POSSIBLE KEEPER\compucog\event_system\adapters\process_logger_adapter.py,C:\Users\mydyi\OneDrive\Documents\Desktop\Python_Reasoning_Engines_20260515_172849\files\compucog\a8579ff8a134__process_logger_adapter.py,C:\Users\mydyi\OneDrive\Documents\Desktop\Python_Reasoning_Functions_20260515_173222\functions_by_source\compucog\a8579ff8a134__a8579ff8a134__process_logger_adapter.functions.py,7,ast,7779
compucog,H:\_BACKUPS\CompuCog_20260130_070757\CompuCog_Visual_v2 POSSIBLE KEEPER\compucog\event_system\adapters\test_activity_adapter.py,C:\Users\mydyi\OneDrive\Documents\Desktop\Python_Reasoning_Engines_20260515_172849\files\compucog\34260990f3be__test_activity_adapter.py,C:\Users\mydyi\OneDrive\Documents\Desktop\Python_Reasoning_Functions_20260515_173222\functions_by_source\compucog\34260990f3be__34260990f3be__test_activity_adapter.functions.py,1,ast,4324
compucog,H:\_BACKUPS\CompuCog_20260130_070757\CompuCog_Visual_v2 POSSIBLE KEEPER\compucog\event_system\chronos_manager.py,C:\Users\mydyi\OneDrive\Documents\Desktop\Python_Reasoning_Engines_20260515_172849\files\compucog\c10be36aec6e__chronos_manager.py,C:\Users\mydyi\OneDrive\Documents\Desktop\Python_Reasoning_Functions_20260515_173222\functions_by_source\compucog\c10be36aec6e__c10be36aec6e__chronos_manager.functions.py,14,ast,10296
compucog,H:\_BACKUPS\CompuCog_20260130_070757\CompuCog_Visual_v2 POSSIBLE KEEPER\compucog\event_system\event_manager.py,C:\Users\mydyi\OneDrive\Documents\Desktop\Python_Reasoning_Engines_20260515_172849\files\compucog\cbc9bbc77c76__event_manager.py,C:\Users\mydyi\OneDrive\Documents\Desktop\Python_Reasoning_Functions_20260515_173222\functions_by_source\compucog\cbc9bbc77c76__cbc9bbc77c76__event_manager.functions.py,27,ast,23274
compucog,H:\_BACKUPS\CompuCog_20260130_070757\CompuCog_Visual_v2 POSSIBLE KEEPER\compucog\event_system\organism.py,C:\Users\mydyi\OneDrive\Documents\Desktop\Python_Reasoning_Engines_20260515_172849\files\compucog\f5480682a5e6__organism.py,C:\Users\mydyi\OneDrive\Documents\Desktop\Python_Reasoning_Functions_20260515_173222\functions_by_source\compucog\f5480682a5e6__f5480682a5e6__organism.functions.py,8,ast,11133
compucog,H:\_BACKUPS\CompuCog_20260130_070757\CompuCog_Visual_v2 POSSIBLE KEEPER\compucog\event_system\sensor_registry.py,C:\Users\mydyi\OneDrive\Documents\Desktop\Python_Reasoning_Engines_20260515_172849\files\compucog\e9de765eddea__sensor_registry.py,C:\Users\mydyi\OneDrive\Documents\Desktop\Python_Reasoning_Functions_20260515_173222\functions_by_source\compucog\e9de765eddea__e9de765eddea__sensor_registry.functions.py,18,ast,13790
compucog,H:\_BACKUPS\CompuCog_20260130_070757\CompuCog_Visual_v2 POSSIBLE KEEPER\compucog\memory\forge_engine\live_forge_harness.py,C:\Users\mydyi\OneDrive\Documents\Desktop\Python_Reasoning_Engines_20260515_172849\files\compucog\3c1fe5622942__live_forge_harness.py,C:\Users\mydyi\OneDrive\Documents\Desktop\Python_Reasoning_Functions_20260515_173222\functions_by_source\compucog\3c1fe5622942__3c1fe5622942__live_forge_harness.functions.py,1,ast,2526
compucog,H:\_BACKUPS\CompuCog_20260130_070757\CompuCog_Visual_v2 POSSIBLE KEEPER\compucog_schema.py,C:\Users\mydyi\OneDrive\Documents\Desktop\Python_Reasoning_Engines_20260515_172849\files\compucog\ca3e0fdd4b0e__compucog_schema.py,C:\Users\mydyi\OneDrive\Documents\Desktop\Python_Reasoning_Functions_20260515_173222\functions_by_source\compucog\ca3e0fdd4b0e__ca3e0fdd4b0e__compucog_schema.functions.py,6,ast,2985
compucog,H:\_BACKUPS\CompuCog_20260130_070757\CompuCog_Visual_v2 POSSIBLE KEEPER\core\frame_to_grid.py,C:\Users\mydyi\OneDrive\Documents\Desktop\Python_Reasoning_Engines_20260515_172849\files\compucog\04b95c4b1f41__frame_to_grid.py,C:\Users\mydyi\OneDrive\Documents\Desktop\Python_Reasoning_Functions_20260515_173222\functions_by_source\compucog\04b95c4b1f41__04b95c4b1f41__frame_to_grid.functions.py,7,ast,4222
compucog,H:\_BACKUPS\CompuCog_20260130_070757\CompuCog_Visual_v2 POSSIBLE KEEPER\event_system\chronos_manager.py,C:\Users\mydyi\OneDrive\Documents\Desktop\Python_Reasoning_Engines_20260515_172849\files\compucog\aca7808e7076__chronos_manager.py,C:\Users\mydyi\OneDrive\Documents\Desktop\Python_Reasoning_Functions_20260515_173222\functions_by_source\compucog\aca7808e7076__aca7808e7076__chronos_manager.functions.py,14,ast,10287
compucog,H:\_BACKUPS\CompuCog_20260130_070757\CompuCog_Visual_v2 POSSIBLE KEEPER\event_system\sensor_registry.py,C:\Users\mydyi\OneDrive\Documents\Desktop\Python_Reasoning_Engines_20260515_172849\files\compucog\263bc6feacea__sensor_registry.py,C:\Users\mydyi\OneDrive\Documents\Desktop\Python_Reasoning_Functions_20260515_173222\functions_by_source\compucog\263bc6feacea__263bc6feacea__sensor_registry.functions.py,18,ast,13781
compucog,H:\_BACKUPS\CompuCog_20260130_070757\CompuCog_Visual_v2 POSSIBLE KEEPER\event_system\tests\test_chronos_smoke.py,C:\Users\mydyi\OneDrive\Documents\Desktop\Python_Reasoning_Engines_20260515_172849\files\compucog\45ea01fc8749__test_chronos_smoke.py,C:\Users\mydyi\OneDrive\Documents\Desktop\Python_Reasoning_Functions_20260515_173222\functions_by_source\compucog\45ea01fc8749__45ea01fc8749__test_chronos_smoke.functions.py,6,ast,3503
compucog,H:\_BACKUPS\CompuCog_20260130_070757\CompuCog_Visual_v2 POSSIBLE KEEPER\examples\recognition_demo.py,C:\Users\mydyi\OneDrive\Documents\Desktop\Python_Reasoning_Engines_20260515_172849\files\compucog\315ed33fde08__recognition_demo.py,C:\Users\mydyi\OneDrive\Documents\Desktop\Python_Reasoning_Functions_20260515_173222\functions_by_source\compucog\315ed33fde08__315ed33fde08__recognition_demo.functions.py,1,ast,6396
compucog,H:\_BACKUPS\CompuCog_20260130_070757\CompuCog_Visual_v2 POSSIBLE KEEPER\gaming\analyze_fingerprints.py,C:\Users\mydyi\OneDrive\Documents\Desktop\Python_Reasoning_Engines_20260515_172849\files\compucog\9af90bd71cf5__analyze_fingerprints.py,C:\Users\mydyi\OneDrive\Documents\Desktop\Python_Reasoning_Functions_20260515_173222\functions_by_source\compucog\9af90bd71cf5__9af90bd71cf5__analyze_fingerprints.functions.py,4,ast,5573
compucog,H:\_BACKUPS\CompuCog_20260130_070757\CompuCog_Visual_v2 POSSIBLE KEEPER\gaming\deep_analysis.py,C:\Users\mydyi\OneDrive\Documents\Desktop\Python_Reasoning_Engines_20260515_172849\files\compucog\46728c49c4b7__deep_analysis.py,C:\Users\mydyi\OneDrive\Documents\Desktop\Python_Reasoning_Functions_20260515_173222\functions_by_source\compucog\46728c49c4b7__46728c49c4b7__deep_analysis.functions.py,7,ast,14506
compucog,H:\_BACKUPS\CompuCog_20260130_070757\CompuCog_Visual_v2 POSSIBLE KEEPER\gaming\eomm_compositor.py,C:\Users\mydyi\OneDrive\Documents\Desktop\Python_Reasoning_Engines_20260515_172849\files\compucog\615bdfb1a946__eomm_compositor.py,C:\Users\mydyi\OneDrive\Documents\Desktop\Python_Reasoning_Functions_20260515_173222\functions_by_source\compucog\615bdfb1a946__615bdfb1a946__eomm_compositor.functions.py,7,ast,10148
compucog,H:\_BACKUPS\CompuCog_20260130_070757\CompuCog_Visual_v2 POSSIBLE KEEPER\gaming\extract_baselines.py,C:\Users\mydyi\OneDrive\Documents\Desktop\Python_Reasoning_Engines_20260515_172849\files\compucog\abb5cff492f2__extract_baselines.py,C:\Users\mydyi\OneDrive\Documents\Desktop\Python_Reasoning_Functions_20260515_173222\functions_by_source\compucog\abb5cff492f2__abb5cff492f2__extract_baselines.functions.py,5,ast,12718
compucog,H:\_BACKUPS\CompuCog_20260130_070757\CompuCog_Visual_v2 POSSIBLE KEEPER\gaming\fuse_telemetry.py,C:\Users\mydyi\OneDrive\Documents\Desktop\Python_Reasoning_Engines_20260515_172849\files\compucog\326721270fe3__fuse_telemetry.py,C:\Users\mydyi\OneDrive\Documents\Desktop\Python_Reasoning_Functions_20260515_173222\functions_by_source\compucog\326721270fe3__326721270fe3__fuse_telemetry.functions.py,4,ast,8905
compucog,H:\_BACKUPS\CompuCog_20260130_070757\CompuCog_Visual_v2 POSSIBLE KEEPER\gaming\gaming_sensor.py,C:\Users\mydyi\OneDrive\Documents\Desktop\Python_Reasoning_Engines_20260515_172849\files\compucog\881866413dd7__gaming_sensor.py,C:\Users\mydyi\OneDrive\Documents\Desktop\Python_Reasoning_Functions_20260515_173222\functions_by_source\compucog\881866413dd7__881866413dd7__gaming_sensor.functions.py,5,ast,9108
compucog,H:\_BACKUPS\CompuCog_20260130_070757\CompuCog_Visual_v2 POSSIBLE KEEPER\gaming\migrate_timestamps.py,C:\Users\mydyi\OneDrive\Documents\Desktop\Python_Reasoning_Engines_20260515_172849\files\compucog\ab42a4594138__migrate_timestamps.py,C:\Users\mydyi\OneDrive\Documents\Desktop\Python_Reasoning_Functions_20260515_173222\functions_by_source\compucog\ab42a4594138__ab42a4594138__migrate_timestamps.functions.py,1,ast,1244
compucog,H:\_BACKUPS\CompuCog_20260130_070757\CompuCog_Visual_v2 POSSIBLE KEEPER\gaming\screen_vector_engine.py,C:\Users\mydyi\OneDrive\Documents\Desktop\Python_Reasoning_Engines_20260515_172849\files\compucog\45618cd5256c__screen_vector_engine.py,C:\Users\mydyi\OneDrive\Documents\Desktop\Python_Reasoning_Functions_20260515_173222\functions_by_source\compucog\45618cd5256c__45618cd5256c__screen_vector_engine.functions.py,9,ast,16214
compucog,H:\_BACKUPS\CompuCog_20260130_070757\CompuCog_Visual_v2 POSSIBLE KEEPER\gaming\session_baseline.py,C:\Users\mydyi\OneDrive\Documents\Desktop\Python_Reasoning_Engines_20260515_172849\files\compucog\59ea5138b11f__session_baseline.py,C:\Users\mydyi\OneDrive\Documents\Desktop\Python_Reasoning_Functions_20260515_173222\functions_by_source\compucog\59ea5138b11f__59ea5138b11f__session_baseline.functions.py,19,ast,8024
compucog,H:\_BACKUPS\CompuCog_20260130_070757\CompuCog_Visual_v2 POSSIBLE KEEPER\gaming\truevision_event_live.py,C:\Users\mydyi\OneDrive\Documents\Desktop\Python_Reasoning_Engines_20260515_172849\files\compucog\f7815066c75f__truevision_event_live.py,C:\Users\mydyi\OneDrive\Documents\Desktop\Python_Reasoning_Functions_20260515_173222\functions_by_source\compucog\f7815066c75f__f7815066c75f__truevision_event_live.functions.py,9,ast,24772
compucog,H:\_BACKUPS\CompuCog_20260130_070757\CompuCog_Visual_v2 POSSIBLE KEEPER\gaming\truevision_live_run.py,C:\Users\mydyi\OneDrive\Documents\Desktop\Python_Reasoning_Engines_20260515_172849\files\compucog\eb9db03c3cc4__truevision_live_run.py,C:\Users\mydyi\OneDrive\Documents\Desktop\Python_Reasoning_Functions_20260515_173222\functions_by_source\compucog\eb9db03c3cc4__eb9db03c3cc4__truevision_live_run.functions.py,2,ast,11453
compucog,H:\_BACKUPS\CompuCog_20260130_070757\CompuCog_Visual_v2 POSSIBLE KEEPER\gaming\truevision_schema.py,C:\Users\mydyi\OneDrive\Documents\Desktop\Python_Reasoning_Engines_20260515_172849\files\compucog\9cd54a851d2b__truevision_schema.py,C:\Users\mydyi\OneDrive\Documents\Desktop\Python_Reasoning_Functions_20260515_173222\functions_by_source\compucog\9cd54a851d2b__9cd54a851d2b__truevision_schema.functions.py,5,ast,3373
compucog,H:\_BACKUPS\CompuCog_20260130_070757\CompuCog_Visual_v2 POSSIBLE KEEPER\gaming\truevision_smoke_test.py,C:\Users\mydyi\OneDrive\Documents\Desktop\Python_Reasoning_Engines_20260515_172849\files\compucog\325156209213__truevision_smoke_test.py,C:\Users\mydyi\OneDrive\Documents\Desktop\Python_Reasoning_Functions_20260515_173222\functions_by_source\compucog\325156209213__325156209213__truevision_smoke_test.functions.py,3,ast,11717
compucog,H:\_BACKUPS\CompuCog_20260130_070757\CompuCog_Visual_v2 POSSIBLE KEEPER\gaming\truevision_version.py,C:\Users\mydyi\OneDrive\Documents\Desktop\Python_Reasoning_Engines_20260515_172849\files\compucog\6896cd5d60d3__truevision_version.py,C:\Users\mydyi\OneDrive\Documents\Desktop\Python_Reasoning_Functions_20260515_173222\functions_by_source\compucog\6896cd5d60d3__6896cd5d60d3__truevision_version.functions.py,2,ast,724
compucog,H:\_BACKUPS\CompuCog_20260130_070757\CompuCog_Visual_v2 POSSIBLE KEEPER\loggers\activity_logger.py,C:\Users\mydyi\OneDrive\Documents\Desktop\Python_Reasoning_Engines_20260515_172849\files\compucog\cd10e8364dbe__activity_logger.py,C:\Users\mydyi\OneDrive\Documents\Desktop\Python_Reasoning_Functions_20260515_173222\functions_by_source\compucog\cd10e8364dbe__cd10e8364dbe__activity_logger.functions.py,7,ast,4849
compucog,H:\_BACKUPS\CompuCog_20260130_070757\CompuCog_Visual_v2 POSSIBLE KEEPER\loggers\gamepad_logger_continuous.py,C:\Users\mydyi\OneDrive\Documents\Desktop\Python_Reasoning_Engines_20260515_172849\files\compucog\379196853904__gamepad_logger_continuous.py,C:\Users\mydyi\OneDrive\Documents\Desktop\Python_Reasoning_Functions_20260515_173222\functions_by_source\compucog\379196853904__379196853904__gamepad_logger_continuous.functions.py,10,ast,8334
compucog,H:\_BACKUPS\CompuCog_20260130_070757\CompuCog_Visual_v2 POSSIBLE KEEPER\loggers\input_logger.py,C:\Users\mydyi\OneDrive\Documents\Desktop\Python_Reasoning_Engines_20260515_172849\files\compucog\5ff3e7caf4f5__input_logger.py,C:\Users\mydyi\OneDrive\Documents\Desktop\Python_Reasoning_Functions_20260515_173222\functions_by_source\compucog\5ff3e7caf4f5__5ff3e7caf4f5__input_logger.functions.py,10,ast,8097
compucog,H:\_BACKUPS\CompuCog_20260130_070757\CompuCog_Visual_v2 POSSIBLE KEEPER\memory\forge_memory\wal\pulse_writer.py,C:\Users\mydyi\OneDrive\Documents\Desktop\Python_Reasoning_Engines_20260515_172849\files\compucog\0fa504a5a37a__pulse_writer.py,C:\Users\mydyi\OneDrive\Documents\Desktop\Python_Reasoning_Functions_20260515_173222\functions_by_source\compucog\0fa504a5a37a__0fa504a5a37a__pulse_writer.functions.py,12,ast,7616
compucog,H:\_BACKUPS\CompuCog_20260130_070757\CompuCog_Visual_v2 POSSIBLE KEEPER\memory\recognition_demo.py,C:\Users\mydyi\OneDrive\Documents\Desktop\Python_Reasoning_Engines_20260515_172849\files\compucog\e9f7951623ca__recognition_demo.py,C:\Users\mydyi\OneDrive\Documents\Desktop\Python_Reasoning_Functions_20260515_173222\functions_by_source\compucog\e9f7951623ca__e9f7951623ca__recognition_demo.functions.py,1,ast,6394
compucog,H:\_BACKUPS\CompuCog_20260130_070757\CompuCog_Visual_v2 POSSIBLE KEEPER\operators\base_operator.py,C:\Users\mydyi\OneDrive\Documents\Desktop\Python_Reasoning_Engines_20260515_172849\files\compucog\2d81936511b5__base_operator.py,C:\Users\mydyi\OneDrive\Documents\Desktop\Python_Reasoning_Functions_20260515_173222\functions_by_source\compucog\2d81936511b5__2d81936511b5__base_operator.functions.py,14,ast,5328
compucog,H:\_BACKUPS\CompuCog_20260130_070757\CompuCog_Visual_v2 POSSIBLE KEEPER\operators\color_shift.py,C:\Users\mydyi\OneDrive\Documents\Desktop\Python_Reasoning_Engines_20260515_172849\files\compucog\2adc86cc4220__color_shift.py,C:\Users\mydyi\OneDrive\Documents\Desktop\Python_Reasoning_Functions_20260515_173222\functions_by_source\compucog\2adc86cc4220__2adc86cc4220__color_shift.functions.py,4,ast,4454
compucog,H:\_BACKUPS\CompuCog_20260130_070757\CompuCog_Visual_v2 POSSIBLE KEEPER\operators\crosshair_motion.py,C:\Users\mydyi\OneDrive\Documents\Desktop\Python_Reasoning_Engines_20260515_172849\files\compucog\81ff505d2b2b__crosshair_motion.py,C:\Users\mydyi\OneDrive\Documents\Desktop\Python_Reasoning_Functions_20260515_173222\functions_by_source\compucog\81ff505d2b2b__81ff505d2b2b__crosshair_motion.functions.py,4,ast,5335
compucog,H:\_BACKUPS\CompuCog_20260130_070757\CompuCog_Visual_v2 POSSIBLE KEEPER\operators\flicker_detector.py,C:\Users\mydyi\OneDrive\Documents\Desktop\Python_Reasoning_Engines_20260515_172849\files\compucog\7cab2bc07254__flicker_detector.py,C:\Users\mydyi\OneDrive\Documents\Desktop\Python_Reasoning_Functions_20260515_173222\functions_by_source\compucog\7cab2bc07254__7cab2bc07254__flicker_detector.functions.py,2,ast,3109
compucog,H:\_BACKUPS\CompuCog_20260130_070757\CompuCog_Visual_v2 POSSIBLE KEEPER\operators\hud_stability.py,C:\Users\mydyi\OneDrive\Documents\Desktop\Python_Reasoning_Engines_20260515_172849\files\compucog\33fdaddd5e4c__hud_stability.py,C:\Users\mydyi\OneDrive\Documents\Desktop\Python_Reasoning_Functions_20260515_173222\functions_by_source\compucog\33fdaddd5e4c__33fdaddd5e4c__hud_stability.functions.py,3,ast,4183
compucog,H:\_BACKUPS\CompuCog_20260130_070757\CompuCog_Visual_v2 POSSIBLE KEEPER\operators\peripheral_flash.py,C:\Users\mydyi\OneDrive\Documents\Desktop\Python_Reasoning_Engines_20260515_172849\files\compucog\b728543868b4__peripheral_flash.py,C:\Users\mydyi\OneDrive\Documents\Desktop\Python_Reasoning_Functions_20260515_173222\functions_by_source\compucog\b728543868b4__b728543868b4__peripheral_flash.functions.py,3,ast,4824
compucog,H:\_BACKUPS\CompuCog_20260130_070757\CompuCog_Visual_v2 POSSIBLE KEEPER\tests\test_chronos_smoke.py,C:\Users\mydyi\OneDrive\Documents\Desktop\Python_Reasoning_Engines_20260515_172849\files\compucog\4383a3d62a69__test_chronos_smoke.py,C:\Users\mydyi\OneDrive\Documents\Desktop\Python_Reasoning_Functions_20260515_173222\functions_by_source\compucog\4383a3d62a69__4383a3d62a69__test_chronos_smoke.functions.py,6,ast,3490
compucog,H:\_BACKUPS\CompuCog_20260130_070757\CompuCog_Visual_v2 POSSIBLE KEEPER\tests\test_screen_vector_engine.py,C:\Users\mydyi\OneDrive\Documents\Desktop\Python_Reasoning_Engines_20260515_172849\files\compucog\276a27d3058f__test_screen_vector_engine.py,C:\Users\mydyi\OneDrive\Documents\Desktop\Python_Reasoning_Functions_20260515_173222\functions_by_source\compucog\276a27d3058f__276a27d3058f__test_screen_vector_engine.functions.py,4,ast,1972
compucog,H:\_BACKUPS\CompuCog_20260130_071141\CompuCog_Visual_v2 POSSIBLE KEEPER\baselines\session_baseline.py,C:\Users\mydyi\OneDrive\Documents\Desktop\Python_Reasoning_Engines_20260515_172849\files\compucog\95903046ea93__session_baseline.py,C:\Users\mydyi\OneDrive\Documents\Desktop\Python_Reasoning_Functions_20260515_173222\functions_by_source\compucog\95903046ea93__95903046ea93__session_baseline.functions.py,19,ast,8027
compucog,H:\_BACKUPS\CompuCog_20260130_071141\CompuCog_Visual_v2 POSSIBLE KEEPER\compositor\eomm_compositor.py,C:\Users\mydyi\OneDrive\Documents\Desktop\Python_Reasoning_Engines_20260515_172849\files\compucog\e8ab773bd20c__eomm_compositor.py,C:\Users\mydyi\OneDrive\Documents\Desktop\Python_Reasoning_Functions_20260515_173222\functions_by_source\compucog\e8ab773bd20c__e8ab773bd20c__eomm_compositor.functions.py,7,ast,10152
compucog,H:\_BACKUPS\CompuCog_20260130_071141\CompuCog_Visual_v2 POSSIBLE KEEPER\compucog\event_system\adapters\activity_logger_adapter.py,C:\Users\mydyi\OneDrive\Documents\Desktop\Python_Reasoning_Engines_20260515_172849\files\compucog\bd4605bc7a12__activity_logger_adapter.py,C:\Users\mydyi\OneDrive\Documents\Desktop\Python_Reasoning_Functions_20260515_173222\functions_by_source\compucog\bd4605bc7a12__bd4605bc7a12__activity_logger_adapter.functions.py,8,ast,6453
compucog,H:\_BACKUPS\CompuCog_20260130_071141\CompuCog_Visual_v2 POSSIBLE KEEPER\compucog\event_system\adapters\gamepad_logger_adapter.py,C:\Users\mydyi\OneDrive\Documents\Desktop\Python_Reasoning_Engines_20260515_172849\files\compucog\e3956a482a41__gamepad_logger_adapter.py,C:\Users\mydyi\OneDrive\Documents\Desktop\Python_Reasoning_Functions_20260515_173222\functions_by_source\compucog\e3956a482a41__e3956a482a41__gamepad_logger_adapter.functions.py,7,ast,8185
compucog,H:\_BACKUPS\CompuCog_20260130_071141\CompuCog_Visual_v2 POSSIBLE KEEPER\compucog\event_system\adapters\input_logger_adapter.py,C:\Users\mydyi\OneDrive\Documents\Desktop\Python_Reasoning_Engines_20260515_172849\files\compucog\aacc0c0d9b88__input_logger_adapter.py,C:\Users\mydyi\OneDrive\Documents\Desktop\Python_Reasoning_Functions_20260515_173222\functions_by_source\compucog\aacc0c0d9b88__aacc0c0d9b88__input_logger_adapter.functions.py,7,ast,5151
compucog,H:\_BACKUPS\CompuCog_20260130_071141\CompuCog_Visual_v2 POSSIBLE KEEPER\compucog\event_system\adapters\network_logger_adapter.py,C:\Users\mydyi\OneDrive\Documents\Desktop\Python_Reasoning_Engines_20260515_172849\files\compucog\a269ae96caa0__network_logger_adapter.py,C:\Users\mydyi\OneDrive\Documents\Desktop\Python_Reasoning_Functions_20260515_173222\functions_by_source\compucog\a269ae96caa0__a269ae96caa0__network_logger_adapter.functions.py,6,ast,6684
compucog,H:\_BACKUPS\CompuCog_20260130_071141\CompuCog_Visual_v2 POSSIBLE KEEPER\compucog\event_system\adapters\process_logger_adapter.py,C:\Users\mydyi\OneDrive\Documents\Desktop\Python_Reasoning_Engines_20260515_172849\files\compucog\0c4d5b1353e6__process_logger_adapter.py,C:\Users\mydyi\OneDrive\Documents\Desktop\Python_Reasoning_Functions_20260515_173222\functions_by_source\compucog\0c4d5b1353e6__0c4d5b1353e6__process_logger_adapter.functions.py,7,ast,7779
compucog,H:\_BACKUPS\CompuCog_20260130_071141\CompuCog_Visual_v2 POSSIBLE KEEPER\compucog\event_system\adapters\test_activity_adapter.py,C:\Users\mydyi\OneDrive\Documents\Desktop\Python_Reasoning_Engines_20260515_172849\files\compucog\45c24f164df9__test_activity_adapter.py,C:\Users\mydyi\OneDrive\Documents\Desktop\Python_Reasoning_Functions_20260515_173222\functions_by_source\compucog\45c24f164df9__45c24f164df9__test_activity_adapter.functions.py,1,ast,4324
compucog,H:\_BACKUPS\CompuCog_20260130_071141\CompuCog_Visual_v2 POSSIBLE KEEPER\compucog\event_system\chronos_manager.py,C:\Users\mydyi\OneDrive\Documents\Desktop\Python_Reasoning_Engines_20260515_172849\files\compucog\04bab16328c9__chronos_manager.py,C:\Users\mydyi\OneDrive\Documents\Desktop\Python_Reasoning_Functions_20260515_173222\functions_by_source\compucog\04bab16328c9__04bab16328c9__chronos_manager.functions.py,14,ast,10296
compucog,H:\_BACKUPS\CompuCog_20260130_071141\CompuCog_Visual_v2 POSSIBLE KEEPER\compucog\event_system\event_manager.py,C:\Users\mydyi\OneDrive\Documents\Desktop\Python_Reasoning_Engines_20260515_172849\files\compucog\4a6d8d087f4e__event_manager.py,C:\Users\mydyi\OneDrive\Documents\Desktop\Python_Reasoning_Functions_20260515_173222\functions_by_source\compucog\4a6d8d087f4e__4a6d8d087f4e__event_manager.functions.py,27,ast,23274
compucog,H:\_BACKUPS\CompuCog_20260130_071141\CompuCog_Visual_v2 POSSIBLE KEEPER\compucog\event_system\organism.py,C:\Users\mydyi\OneDrive\Documents\Desktop\Python_Reasoning_Engines_20260515_172849\files\compucog\3f32a5c0cf69__organism.py,C:\Users\mydyi\OneDrive\Documents\Desktop\Python_Reasoning_Functions_20260515_173222\functions_by_source\compucog\3f32a5c0cf69__3f32a5c0cf69__organism.functions.py,8,ast,11133
compucog,H:\_BACKUPS\CompuCog_20260130_071141\CompuCog_Visual_v2 POSSIBLE KEEPER\compucog\event_system\sensor_registry.py,C:\Users\mydyi\OneDrive\Documents\Desktop\Python_Reasoning_Engines_20260515_172849\files\compucog\1f75eae35412__sensor_registry.py,C:\Users\mydyi\OneDrive\Documents\Desktop\Python_Reasoning_Functions_20260515_173222\functions_by_source\compucog\1f75eae35412__1f75eae35412__sensor_registry.functions.py,18,ast,13790
compucog,H:\_BACKUPS\CompuCog_20260130_071141\CompuCog_Visual_v2 POSSIBLE KEEPER\compucog\memory\forge_engine\live_forge_harness.py,C:\Users\mydyi\OneDrive\Documents\Desktop\Python_Reasoning_Engines_20260515_172849\files\compucog\b40d30c5acf1__live_forge_harness.py,C:\Users\mydyi\OneDrive\Documents\Desktop\Python_Reasoning_Functions_20260515_173222\functions_by_source\compucog\b40d30c5acf1__b40d30c5acf1__live_forge_harness.functions.py,1,ast,2526
compucog,H:\_BACKUPS\CompuCog_20260130_071141\CompuCog_Visual_v2 POSSIBLE KEEPER\compucog_schema.py,C:\Users\mydyi\OneDrive\Documents\Desktop\Python_Reasoning_Engines_20260515_172849\files\compucog\f4646580afae__compucog_schema.py,C:\Users\mydyi\OneDrive\Documents\Desktop\Python_Reasoning_Functions_20260515_173222\functions_by_source\compucog\f4646580afae__f4646580afae__compucog_schema.functions.py,6,ast,2985
compucog,H:\_BACKUPS\CompuCog_20260130_071141\CompuCog_Visual_v2 POSSIBLE KEEPER\core\frame_to_grid.py,C:\Users\mydyi\OneDrive\Documents\Desktop\Python_Reasoning_Engines_20260515_172849\files\compucog\76631e511aca__frame_to_grid.py,C:\Users\mydyi\OneDrive\Documents\Desktop\Python_Reasoning_Functions_20260515_173222\functions_by_source\compucog\76631e511aca__76631e511aca__frame_to_grid.functions.py,7,ast,4222
compucog,H:\_BACKUPS\CompuCog_20260130_071141\CompuCog_Visual_v2 POSSIBLE KEEPER\event_system\chronos_manager.py,C:\Users\mydyi\OneDrive\Documents\Desktop\Python_Reasoning_Engines_20260515_172849\files\compucog\cda53aa54fec__chronos_manager.py,C:\Users\mydyi\OneDrive\Documents\Desktop\Python_Reasoning_Functions_20260515_173222\functions_by_source\compucog\cda53aa54fec__cda53aa54fec__chronos_manager.functions.py,14,ast,10287
compucog,H:\_BACKUPS\CompuCog_20260130_071141\CompuCog_Visual_v2 POSSIBLE KEEPER\event_system\sensor_registry.py,C:\Users\mydyi\OneDrive\Documents\Desktop\Python_Reasoning_Engines_20260515_172849\files\compucog\c18e70b520f2__sensor_registry.py,C:\Users\mydyi\OneDrive\Documents\Desktop\Python_Reasoning_Functions_20260515_173222\functions_by_source\compucog\c18e70b520f2__c18e70b520f2__sensor_registry.functions.py,18,ast,13781
compucog,H:\_BACKUPS\CompuCog_20260130_071141\CompuCog_Visual_v2 POSSIBLE KEEPER\event_system\tests\test_chronos_smoke.py,C:\Users\mydyi\OneDrive\Documents\Desktop\Python_Reasoning_Engines_20260515_172849\files\compucog\6b362f8742c0__test_chronos_smoke.py,C:\Users\mydyi\OneDrive\Documents\Desktop\Python_Reasoning_Functions_20260515_173222\functions_by_source\compucog\6b362f8742c0__6b362f8742c0__test_chronos_smoke.functions.py,6,ast,3503
compucog,H:\_BACKUPS\CompuCog_20260130_071141\CompuCog_Visual_v2 POSSIBLE KEEPER\examples\recognition_demo.py,C:\Users\mydyi\OneDrive\Documents\Desktop\Python_Reasoning_Engines_20260515_172849\files\compucog\1444b9a8215c__recognition_demo.py,C:\Users\mydyi\OneDrive\Documents\Desktop\Python_Reasoning_Functions_20260515_173222\functions_by_source\compucog\1444b9a8215c__1444b9a8215c__recognition_demo.functions.py,1,ast,6396
compucog,H:\_BACKUPS\CompuCog_20260130_071141\CompuCog_Visual_v2 POSSIBLE KEEPER\gaming\analyze_fingerprints.py,C:\Users\mydyi\OneDrive\Documents\Desktop\Python_Reasoning_Engines_20260515_172849\files\compucog\8cf6a27311b2__analyze_fingerprints.py,C:\Users\mydyi\OneDrive\Documents\Desktop\Python_Reasoning_Functions_20260515_173222\functions_by_source\compucog\8cf6a27311b2__8cf6a27311b2__analyze_fingerprints.functions.py,4,ast,5573
compucog,H:\_BACKUPS\CompuCog_20260130_071141\CompuCog_Visual_v2 POSSIBLE KEEPER\gaming\deep_analysis.py,C:\Users\mydyi\OneDrive\Documents\Desktop\Python_Reasoning_Engines_20260515_172849\files\compucog\589151469e00__deep_analysis.py,C:\Users\mydyi\OneDrive\Documents\Desktop\Python_Reasoning_Functions_20260515_173222\functions_by_source\compucog\589151469e00__589151469e00__deep_analysis.functions.py,7,ast,14506
compucog,H:\_BACKUPS\CompuCog_20260130_071141\CompuCog_Visual_v2 POSSIBLE KEEPER\gaming\eomm_compositor.py,C:\Users\mydyi\OneDrive\Documents\Desktop\Python_Reasoning_Engines_20260515_172849\files\compucog\a6929a827ea5__eomm_compositor.py,C:\Users\mydyi\OneDrive\Documents\Desktop\Python_Reasoning_Functions_20260515_173222\functions_by_source\compucog\a6929a827ea5__a6929a827ea5__eomm_compositor.functions.py,7,ast,10148
compucog,H:\_BACKUPS\CompuCog_20260130_071141\CompuCog_Visual_v2 POSSIBLE KEEPER\gaming\extract_baselines.py,C:\Users\mydyi\OneDrive\Documents\Desktop\Python_Reasoning_Engines_20260515_172849\files\compucog\4670941019bb__extract_baselines.py,C:\Users\mydyi\OneDrive\Documents\Desktop\Python_Reasoning_Functions_20260515_173222\functions_by_source\compucog\4670941019bb__4670941019bb__extract_baselines.functions.py,5,ast,12718
compucog,H:\_BACKUPS\CompuCog_20260130_071141\CompuCog_Visual_v2 POSSIBLE KEEPER\gaming\fuse_telemetry.py,C:\Users\mydyi\OneDrive\Documents\Desktop\Python_Reasoning_Engines_20260515_172849\files\compucog\1a29bc047129__fuse_telemetry.py,C:\Users\mydyi\OneDrive\Documents\Desktop\Python_Reasoning_Functions_20260515_173222\functions_by_source\compucog\1a29bc047129__1a29bc047129__fuse_telemetry.functions.py,4,ast,8905
compucog,H:\_BACKUPS\CompuCog_20260130_071141\CompuCog_Visual_v2 POSSIBLE KEEPER\gaming\gaming_sensor.py,C:\Users\mydyi\OneDrive\Documents\Desktop\Python_Reasoning_Engines_20260515_172849\files\compucog\9f494b440c0a__gaming_sensor.py,C:\Users\mydyi\OneDrive\Documents\Desktop\Python_Reasoning_Functions_20260515_173222\functions_by_source\compucog\9f494b440c0a__9f494b440c0a__gaming_sensor.functions.py,5,ast,9108
compucog,H:\_BACKUPS\CompuCog_20260130_071141\CompuCog_Visual_v2 POSSIBLE KEEPER\gaming\migrate_timestamps.py,C:\Users\mydyi\OneDrive\Documents\Desktop\Python_Reasoning_Engines_20260515_172849\files\compucog\474a750770e9__migrate_timestamps.py,C:\Users\mydyi\OneDrive\Documents\Desktop\Python_Reasoning_Functions_20260515_173222\functions_by_source\compucog\474a750770e9__474a750770e9__migrate_timestamps.functions.py,1,ast,1244
compucog,H:\_BACKUPS\CompuCog_20260130_071141\CompuCog_Visual_v2 POSSIBLE KEEPER\gaming\screen_vector_engine.py,C:\Users\mydyi\OneDrive\Documents\Desktop\Python_Reasoning_Engines_20260515_172849\files\compucog\396efad553c4__screen_vector_engine.py,C:\Users\mydyi\OneDrive\Documents\Desktop\Python_Reasoning_Functions_20260515_173222\functions_by_source\compucog\396efad553c4__396efad553c4__screen_vector_engine.functions.py,9,ast,16214
compucog,H:\_BACKUPS\CompuCog_20260130_071141\CompuCog_Visual_v2 POSSIBLE KEEPER\gaming\session_baseline.py,C:\Users\mydyi\OneDrive\Documents\Desktop\Python_Reasoning_Engines_20260515_172849\files\compucog\c6fa8b41fbd2__session_baseline.py,C:\Users\mydyi\OneDrive\Documents\Desktop\Python_Reasoning_Functions_20260515_173222\functions_by_source\compucog\c6fa8b41fbd2__c6fa8b41fbd2__session_baseline.functions.py,19,ast,8024
compucog,H:\_BACKUPS\CompuCog_20260130_071141\CompuCog_Visual_v2 POSSIBLE KEEPER\gaming\truevision_event_live.py,C:\Users\mydyi\OneDrive\Documents\Desktop\Python_Reasoning_Engines_20260515_172849\files\compucog\42f754b07966__truevision_event_live.py,C:\Users\mydyi\OneDrive\Documents\Desktop\Python_Reasoning_Functions_20260515_173222\functions_by_source\compucog\42f754b07966__42f754b07966__truevision_event_live.functions.py,9,ast,24772
compucog,H:\_BACKUPS\CompuCog_20260130_071141\CompuCog_Visual_v2 POSSIBLE KEEPER\gaming\truevision_live_run.py,C:\Users\mydyi\OneDrive\Documents\Desktop\Python_Reasoning_Engines_20260515_172849\files\compucog\0ee3a85636aa__truevision_live_run.py,C:\Users\mydyi\OneDrive\Documents\Desktop\Python_Reasoning_Functions_20260515_173222\functions_by_source\compucog\0ee3a85636aa__0ee3a85636aa__truevision_live_run.functions.py,2,ast,11453
compucog,H:\_BACKUPS\CompuCog_20260130_071141\CompuCog_Visual_v2 POSSIBLE KEEPER\gaming\truevision_schema.py,C:\Users\mydyi\OneDrive\Documents\Desktop\Python_Reasoning_Engines_20260515_172849\files\compucog\97578fcac8f5__truevision_schema.py,C:\Users\mydyi\OneDrive\Documents\Desktop\Python_Reasoning_Functions_20260515_173222\functions_by_source\compucog\97578fcac8f5__97578fcac8f5__truevision_schema.functions.py,5,ast,3373
compucog,H:\_BACKUPS\CompuCog_20260130_071141\CompuCog_Visual_v2 POSSIBLE KEEPER\gaming\truevision_smoke_test.py,C:\Users\mydyi\OneDrive\Documents\Desktop\Python_Reasoning_Engines_20260515_172849\files\compucog\1f6d5fca535f__truevision_smoke_test.py,C:\Users\mydyi\OneDrive\Documents\Desktop\Python_Reasoning_Functions_20260515_173222\functions_by_source\compucog\1f6d5fca535f__1f6d5fca535f__truevision_smoke_test.functions.py,3,ast,11717
compucog,H:\_BACKUPS\CompuCog_20260130_071141\CompuCog_Visual_v2 POSSIBLE KEEPER\gaming\truevision_version.py,C:\Users\mydyi\OneDrive\Documents\Desktop\Python_Reasoning_Engines_20260515_172849\files\compucog\65a467ba2d09__truevision_version.py,C:\Users\mydyi\OneDrive\Documents\Desktop\Python_Reasoning_Functions_20260515_173222\functions_by_source\compucog\65a467ba2d09__65a467ba2d09__truevision_version.functions.py,2,ast,724
compucog,H:\_BACKUPS\CompuCog_20260130_071141\CompuCog_Visual_v2 POSSIBLE KEEPER\loggers\activity_logger.py,C:\Users\mydyi\OneDrive\Documents\Desktop\Python_Reasoning_Engines_20260515_172849\files\compucog\b671f5898d8b__activity_logger.py,C:\Users\mydyi\OneDrive\Documents\Desktop\Python_Reasoning_Functions_20260515_173222\functions_by_source\compucog\b671f5898d8b__b671f5898d8b__activity_logger.functions.py,7,ast,4849
compucog,H:\_BACKUPS\CompuCog_20260130_071141\CompuCog_Visual_v2 POSSIBLE KEEPER\loggers\gamepad_logger_continuous.py,C:\Users\mydyi\OneDrive\Documents\Desktop\Python_Reasoning_Engines_20260515_172849\files\compucog\7fcedaf50f92__gamepad_logger_continuous.py,C:\Users\mydyi\OneDrive\Documents\Desktop\Python_Reasoning_Functions_20260515_173222\functions_by_source\compucog\7fcedaf50f92__7fcedaf50f92__gamepad_logger_continuous.functions.py,10,ast,8334
compucog,H:\_BACKUPS\CompuCog_20260130_071141\CompuCog_Visual_v2 POSSIBLE KEEPER\loggers\input_logger.py,C:\Users\mydyi\OneDrive\Documents\Desktop\Python_Reasoning_Engines_20260515_172849\files\compucog\f2ba205d1fef__input_logger.py,C:\Users\mydyi\OneDrive\Documents\Desktop\Python_Reasoning_Functions_20260515_173222\functions_by_source\compucog\f2ba205d1fef__f2ba205d1fef__input_logger.functions.py,10,ast,8097
compucog,H:\_BACKUPS\CompuCog_20260130_071141\CompuCog_Visual_v2 POSSIBLE KEEPER\memory\forge_memory\wal\pulse_writer.py,C:\Users\mydyi\OneDrive\Documents\Desktop\Python_Reasoning_Engines_20260515_172849\files\compucog\d463c4123382__pulse_writer.py,C:\Users\mydyi\OneDrive\Documents\Desktop\Python_Reasoning_Functions_20260515_173222\functions_by_source\compucog\d463c4123382__d463c4123382__pulse_writer.functions.py,12,ast,7616
compucog,H:\_BACKUPS\CompuCog_20260130_071141\CompuCog_Visual_v2 POSSIBLE KEEPER\memory\recognition_demo.py,C:\Users\mydyi\OneDrive\Documents\Desktop\Python_Reasoning_Engines_20260515_172849\files\compucog\3272d75195f7__recognition_demo.py,C:\Users\mydyi\OneDrive\Documents\Desktop\Python_Reasoning_Functions_20260515_173222\functions_by_source\compucog\3272d75195f7__3272d75195f7__recognition_demo.functions.py,1,ast,6394
compucog,H:\_BACKUPS\CompuCog_20260130_071141\CompuCog_Visual_v2 POSSIBLE KEEPER\operators\base_operator.py,C:\Users\mydyi\OneDrive\Documents\Desktop\Python_Reasoning_Engines_20260515_172849\files\compucog\b2493cb3aa95__base_operator.py,C:\Users\mydyi\OneDrive\Documents\Desktop\Python_Reasoning_Functions_20260515_173222\functions_by_source\compucog\b2493cb3aa95__b2493cb3aa95__base_operator.functions.py,14,ast,5328
compucog,H:\_BACKUPS\CompuCog_20260130_071141\CompuCog_Visual_v2 POSSIBLE KEEPER\operators\color_shift.py,C:\Users\mydyi\OneDrive\Documents\Desktop\Python_Reasoning_Engines_20260515_172849\files\compucog\b58add989bac__color_shift.py,C:\Users\mydyi\OneDrive\Documents\Desktop\Python_Reasoning_Functions_20260515_173222\functions_by_source\compucog\b58add989bac__b58add989bac__color_shift.functions.py,4,ast,4454
compucog,H:\_BACKUPS\CompuCog_20260130_071141\CompuCog_Visual_v2 POSSIBLE KEEPER\operators\crosshair_motion.py,C:\Users\mydyi\OneDrive\Documents\Desktop\Python_Reasoning_Engines_20260515_172849\files\compucog\cbc0cfdb98ec__crosshair_motion.py,C:\Users\mydyi\OneDrive\Documents\Desktop\Python_Reasoning_Functions_20260515_173222\functions_by_source\compucog\cbc0cfdb98ec__cbc0cfdb98ec__crosshair_motion.functions.py,4,ast,5335
compucog,H:\_BACKUPS\CompuCog_20260130_071141\CompuCog_Visual_v2 POSSIBLE KEEPER\operators\flicker_detector.py,C:\Users\mydyi\OneDrive\Documents\Desktop\Python_Reasoning_Engines_20260515_172849\files\compucog\c9decf856f75__flicker_detector.py,C:\Users\mydyi\OneDrive\Documents\Desktop\Python_Reasoning_Functions_20260515_173222\functions_by_source\compucog\c9decf856f75__c9decf856f75__flicker_detector.functions.py,2,ast,3109
compucog,H:\_BACKUPS\CompuCog_20260130_071141\CompuCog_Visual_v2 POSSIBLE KEEPER\operators\hud_stability.py,C:\Users\mydyi\OneDrive\Documents\Desktop\Python_Reasoning_Engines_20260515_172849\files\compucog\bdc0ac20c697__hud_stability.py,C:\Users\mydyi\OneDrive\Documents\Desktop\Python_Reasoning_Functions_20260515_173222\functions_by_source\compucog\bdc0ac20c697__bdc0ac20c697__hud_stability.functions.py,3,ast,4183
compucog,H:\_BACKUPS\CompuCog_20260130_071141\CompuCog_Visual_v2 POSSIBLE KEEPER\operators\peripheral_flash.py,C:\Users\mydyi\OneDrive\Documents\Desktop\Python_Reasoning_Engines_20260515_172849\files\compucog\cb47c2c31a31__peripheral_flash.py,C:\Users\mydyi\OneDrive\Documents\Desktop\Python_Reasoning_Functions_20260515_173222\functions_by_source\compucog\cb47c2c31a31__cb47c2c31a31__peripheral_flash.functions.py,3,ast,4824
compucog,H:\_BACKUPS\CompuCog_20260130_071141\CompuCog_Visual_v2 POSSIBLE KEEPER\tests\test_chronos_smoke.py,C:\Users\mydyi\OneDrive\Documents\Desktop\Python_Reasoning_Engines_20260515_172849\files\compucog\5e25e8a23f31__test_chronos_smoke.py,C:\Users\mydyi\OneDrive\Documents\Desktop\Python_Reasoning_Functions_20260515_173222\functions_by_source\compucog\5e25e8a23f31__5e25e8a23f31__test_chronos_smoke.functions.py,6,ast,3490
compucog,H:\_BACKUPS\CompuCog_20260130_071141\CompuCog_Visual_v2 POSSIBLE KEEPER\tests\test_screen_vector_engine.py,C:\Users\mydyi\OneDrive\Documents\Desktop\Python_Reasoning_Engines_20260515_172849\files\compucog\4c54b9575543__test_screen_vector_engine.py,C:\Users\mydyi\OneDrive\Documents\Desktop\Python_Reasoning_Functions_20260515_173222\functions_by_source\compucog\4c54b9575543__4c54b9575543__test_screen_vector_engine.functions.py,4,ast,1972
compucog,H:\_BACKUPS\CompuCog_20260130_071835\CompuCog_Visual_v2_POSSIBLE_KEEPER\baselines\session_baseline.py,C:\Users\mydyi\OneDrive\Documents\Desktop\Python_Reasoning_Engines_20260515_172849\files\compucog\1503fc485932__session_baseline.py,C:\Users\mydyi\OneDrive\Documents\Desktop\Python_Reasoning_Functions_20260515_173222\functions_by_source\compucog\1503fc485932__1503fc485932__session_baseline.functions.py,19,ast,8027
compucog,H:\_BACKUPS\CompuCog_20260130_071835\CompuCog_Visual_v2_POSSIBLE_KEEPER\compositor\eomm_compositor.py,C:\Users\mydyi\OneDrive\Documents\Desktop\Python_Reasoning_Engines_20260515_172849\files\compucog\fe94ce872edf__eomm_compositor.py,C:\Users\mydyi\OneDrive\Documents\Desktop\Python_Reasoning_Functions_20260515_173222\functions_by_source\compucog\fe94ce872edf__fe94ce872edf__eomm_compositor.functions.py,7,ast,10152
compucog,H:\_BACKUPS\CompuCog_20260130_071835\CompuCog_Visual_v2_POSSIBLE_KEEPER\compucog\event_system\adapters\activity_logger_adapter.py,C:\Users\mydyi\OneDrive\Documents\Desktop\Python_Reasoning_Engines_20260515_172849\files\compucog\edb28e13d355__activity_logger_adapter.py,C:\Users\mydyi\OneDrive\Documents\Desktop\Python_Reasoning_Functions_20260515_173222\functions_by_source\compucog\edb28e13d355__edb28e13d355__activity_logger_adapter.functions.py,8,ast,6453
compucog,H:\_BACKUPS\CompuCog_20260130_071835\CompuCog_Visual_v2_POSSIBLE_KEEPER\compucog\event_system\adapters\gamepad_logger_adapter.py,C:\Users\mydyi\OneDrive\Documents\Desktop\Python_Reasoning_Engines_20260515_172849\files\compucog\e98ebdb0f7de__gamepad_logger_adapter.py,C:\Users\mydyi\OneDrive\Documents\Desktop\Python_Reasoning_Functions_20260515_173222\functions_by_source\compucog\e98ebdb0f7de__e98ebdb0f7de__gamepad_logger_adapter.functions.py,7,ast,8185
compucog,H:\_BACKUPS\CompuCog_20260130_071835\CompuCog_Visual_v2_POSSIBLE_KEEPER\compucog\event_system\adapters\input_logger_adapter.py,C:\Users\mydyi\OneDrive\Documents\Desktop\Python_Reasoning_Engines_20260515_172849\files\compucog\4c90b77e791a__input_logger_adapter.py,C:\Users\mydyi\OneDrive\Documents\Desktop\Python_Reasoning_Functions_20260515_173222\functions_by_source\compucog\4c90b77e791a__4c90b77e791a__input_logger_adapter.functions.py,7,ast,5151
compucog,H:\_BACKUPS\CompuCog_20260130_071835\CompuCog_Visual_v2_POSSIBLE_KEEPER\compucog\event_system\adapters\network_logger_adapter.py,C:\Users\mydyi\OneDrive\Documents\Desktop\Python_Reasoning_Engines_20260515_172849\files\compucog\d56d404f9812__network_logger_adapter.py,C:\Users\mydyi\OneDrive\Documents\Desktop\Python_Reasoning_Functions_20260515_173222\functions_by_source\compucog\d56d404f9812__d56d404f9812__network_logger_adapter.functions.py,6,ast,6684
compucog,H:\_BACKUPS\CompuCog_20260130_071835\CompuCog_Visual_v2_POSSIBLE_KEEPER\compucog\event_system\adapters\process_logger_adapter.py,C:\Users\mydyi\OneDrive\Documents\Desktop\Python_Reasoning_Engines_20260515_172849\files\compucog\5d41d9d0323d__process_logger_adapter.py,C:\Users\mydyi\OneDrive\Documents\Desktop\Python_Reasoning_Functions_20260515_173222\functions_by_source\compucog\5d41d9d0323d__5d41d9d0323d__process_logger_adapter.functions.py,7,ast,7779
compucog,H:\_BACKUPS\CompuCog_20260130_071835\CompuCog_Visual_v2_POSSIBLE_KEEPER\compucog\event_system\adapters\test_activity_adapter.py,C:\Users\mydyi\OneDrive\Documents\Desktop\Python_Reasoning_Engines_20260515_172849\files\compucog\9630defa6bf7__test_activity_adapter.py,C:\Users\mydyi\OneDrive\Documents\Desktop\Python_Reasoning_Functions_20260515_173222\functions_by_source\compucog\9630defa6bf7__9630defa6bf7__test_activity_adapter.functions.py,1,ast,4324
compucog,H:\_BACKUPS\CompuCog_20260130_071835\CompuCog_Visual_v2_POSSIBLE_KEEPER\compucog\event_system\chronos_manager.py,C:\Users\mydyi\OneDrive\Documents\Desktop\Python_Reasoning_Engines_20260515_172849\files\compucog\2442106e45fa__chronos_manager.py,C:\Users\mydyi\OneDrive\Documents\Desktop\Python_Reasoning_Functions_20260515_173222\functions_by_source\compucog\2442106e45fa__2442106e45fa__chronos_manager.functions.py,14,ast,10296
compucog,H:\_BACKUPS\CompuCog_20260130_071835\CompuCog_Visual_v2_POSSIBLE_KEEPER\compucog\event_system\event_manager.py,C:\Users\mydyi\OneDrive\Documents\Desktop\Python_Reasoning_Engines_20260515_172849\files\compucog\ad882012eb03__event_manager.py,C:\Users\mydyi\OneDrive\Documents\Desktop\Python_Reasoning_Functions_20260515_173222\functions_by_source\compucog\ad882012eb03__ad882012eb03__event_manager.functions.py,27,ast,23274
compucog,H:\_BACKUPS\CompuCog_20260130_071835\CompuCog_Visual_v2_POSSIBLE_KEEPER\compucog\event_system\organism.py,C:\Users\mydyi\OneDrive\Documents\Desktop\Python_Reasoning_Engines_20260515_172849\files\compucog\c9108d0474f2__organism.py,C:\Users\mydyi\OneDrive\Documents\Desktop\Python_Reasoning_Functions_20260515_173222\functions_by_source\compucog\c9108d0474f2__c9108d0474f2__organism.functions.py,8,ast,11133
compucog,H:\_BACKUPS\CompuCog_20260130_071835\CompuCog_Visual_v2_POSSIBLE_KEEPER\compucog\event_system\sensor_registry.py,C:\Users\mydyi\OneDrive\Documents\Desktop\Python_Reasoning_Engines_20260515_172849\files\compucog\805955dbe7a6__sensor_registry.py,C:\Users\mydyi\OneDrive\Documents\Desktop\Python_Reasoning_Functions_20260515_173222\functions_by_source\compucog\805955dbe7a6__805955dbe7a6__sensor_registry.functions.py,18,ast,13790
compucog,H:\_BACKUPS\CompuCog_20260130_071835\CompuCog_Visual_v2_POSSIBLE_KEEPER\compucog\memory\forge_engine\live_forge_harness.py,C:\Users\mydyi\OneDrive\Documents\Desktop\Python_Reasoning_Engines_20260515_172849\files\compucog\41fbff2ae084__live_forge_harness.py,C:\Users\mydyi\OneDrive\Documents\Desktop\Python_Reasoning_Functions_20260515_173222\functions_by_source\compucog\41fbff2ae084__41fbff2ae084__live_forge_harness.functions.py,1,ast,2526
compucog,H:\_BACKUPS\CompuCog_20260130_071835\CompuCog_Visual_v2_POSSIBLE_KEEPER\compucog_schema.py,C:\Users\mydyi\OneDrive\Documents\Desktop\Python_Reasoning_Engines_20260515_172849\files\compucog\9e8b09ca4d50__compucog_schema.py,C:\Users\mydyi\OneDrive\Documents\Desktop\Python_Reasoning_Functions_20260515_173222\functions_by_source\compucog\9e8b09ca4d50__9e8b09ca4d50__compucog_schema.functions.py,6,ast,2985
compucog,H:\_BACKUPS\CompuCog_20260130_071835\CompuCog_Visual_v2_POSSIBLE_KEEPER\core\frame_to_grid.py,C:\Users\mydyi\OneDrive\Documents\Desktop\Python_Reasoning_Engines_20260515_172849\files\compucog\c507c613f6ac__frame_to_grid.py,C:\Users\mydyi\OneDrive\Documents\Desktop\Python_Reasoning_Functions_20260515_173222\functions_by_source\compucog\c507c613f6ac__c507c613f6ac__frame_to_grid.functions.py,7,ast,4222
compucog,H:\_BACKUPS\CompuCog_20260130_071835\CompuCog_Visual_v2_POSSIBLE_KEEPER\event_system\chronos_manager.py,C:\Users\mydyi\OneDrive\Documents\Desktop\Python_Reasoning_Engines_20260515_172849\files\compucog\77036d77972e__chronos_manager.py,C:\Users\mydyi\OneDrive\Documents\Desktop\Python_Reasoning_Functions_20260515_173222\functions_by_source\compucog\77036d77972e__77036d77972e__chronos_manager.functions.py,14,ast,10287
compucog,H:\_BACKUPS\CompuCog_20260130_071835\CompuCog_Visual_v2_POSSIBLE_KEEPER\event_system\sensor_registry.py,C:\Users\mydyi\OneDrive\Documents\Desktop\Python_Reasoning_Engines_20260515_172849\files\compucog\6165e2de4eeb__sensor_registry.py,C:\Users\mydyi\OneDrive\Documents\Desktop\Python_Reasoning_Functions_20260515_173222\functions_by_source\compucog\6165e2de4eeb__6165e2de4eeb__sensor_registry.functions.py,18,ast,13781
compucog,H:\_BACKUPS\CompuCog_20260130_071835\CompuCog_Visual_v2_POSSIBLE_KEEPER\event_system\tests\test_chronos_smoke.py,C:\Users\mydyi\OneDrive\Documents\Desktop\Python_Reasoning_Engines_20260515_172849\files\compucog\fe2a3a67a0c1__test_chronos_smoke.py,C:\Users\mydyi\OneDrive\Documents\Desktop\Python_Reasoning_Functions_20260515_173222\functions_by_source\compucog\fe2a3a67a0c1__fe2a3a67a0c1__test_chronos_smoke.functions.py,6,ast,3503
compucog,H:\_BACKUPS\CompuCog_20260130_071835\CompuCog_Visual_v2_POSSIBLE_KEEPER\examples\recognition_demo.py,C:\Users\mydyi\OneDrive\Documents\Desktop\Python_Reasoning_Engines_20260515_172849\files\compucog\73dfaa70e892__recognition_demo.py,C:\Users\mydyi\OneDrive\Documents\Desktop\Python_Reasoning_Functions_20260515_173222\functions_by_source\compucog\73dfaa70e892__73dfaa70e892__recognition_demo.functions.py,1,ast,6396
compucog,H:\_BACKUPS\CompuCog_20260130_071835\CompuCog_Visual_v2_POSSIBLE_KEEPER\gaming\analyze_fingerprints.py,C:\Users\mydyi\OneDrive\Documents\Desktop\Python_Reasoning_Engines_20260515_172849\files\compucog\82480d030424__analyze_fingerprints.py,C:\Users\mydyi\OneDrive\Documents\Desktop\Python_Reasoning_Functions_20260515_173222\functions_by_source\compucog\82480d030424__82480d030424__analyze_fingerprints.functions.py,4,ast,5573
compucog,H:\_BACKUPS\CompuCog_20260130_071835\CompuCog_Visual_v2_POSSIBLE_KEEPER\gaming\deep_analysis.py,C:\Users\mydyi\OneDrive\Documents\Desktop\Python_Reasoning_Engines_20260515_172849\files\compucog\5b64e2e224cd__deep_analysis.py,C:\Users\mydyi\OneDrive\Documents\Desktop\Python_Reasoning_Functions_20260515_173222\functions_by_source\compucog\5b64e2e224cd__5b64e2e224cd__deep_analysis.functions.py,7,ast,14506
compucog,H:\_BACKUPS\CompuCog_20260130_071835\CompuCog_Visual_v2_POSSIBLE_KEEPER\gaming\eomm_compositor.py,C:\Users\mydyi\OneDrive\Documents\Desktop\Python_Reasoning_Engines_20260515_172849\files\compucog\3f3a6a3e391d__eomm_compositor.py,C:\Users\mydyi\OneDrive\Documents\Desktop\Python_Reasoning_Functions_20260515_173222\functions_by_source\compucog\3f3a6a3e391d__3f3a6a3e391d__eomm_compositor.functions.py,7,ast,10148
compucog,H:\_BACKUPS\CompuCog_20260130_071835\CompuCog_Visual_v2_POSSIBLE_KEEPER\gaming\extract_baselines.py,C:\Users\mydyi\OneDrive\Documents\Desktop\Python_Reasoning_Engines_20260515_172849\files\compucog\a71b350cdd6f__extract_baselines.py,C:\Users\mydyi\OneDrive\Documents\Desktop\Python_Reasoning_Functions_20260515_173222\functions_by_source\compucog\a71b350cdd6f__a71b350cdd6f__extract_baselines.functions.py,5,ast,12718
compucog,H:\_BACKUPS\CompuCog_20260130_071835\CompuCog_Visual_v2_POSSIBLE_KEEPER\gaming\fuse_telemetry.py,C:\Users\mydyi\OneDrive\Documents\Desktop\Python_Reasoning_Engines_20260515_172849\files\compucog\4bcd9e55b0b9__fuse_telemetry.py,C:\Users\mydyi\OneDrive\Documents\Desktop\Python_Reasoning_Functions_20260515_173222\functions_by_source\compucog\4bcd9e55b0b9__4bcd9e55b0b9__fuse_telemetry.functions.py,4,ast,8905
compucog,H:\_BACKUPS\CompuCog_20260130_071835\CompuCog_Visual_v2_POSSIBLE_KEEPER\gaming\gaming_sensor.py,C:\Users\mydyi\OneDrive\Documents\Desktop\Python_Reasoning_Engines_20260515_172849\files\compucog\345091689610__gaming_sensor.py,C:\Users\mydyi\OneDrive\Documents\Desktop\Python_Reasoning_Functions_20260515_173222\functions_by_source\compucog\345091689610__345091689610__gaming_sensor.functions.py,5,ast,9108
compucog,H:\_BACKUPS\CompuCog_20260130_071835\CompuCog_Visual_v2_POSSIBLE_KEEPER\gaming\migrate_timestamps.py,C:\Users\mydyi\OneDrive\Documents\Desktop\Python_Reasoning_Engines_20260515_172849\files\compucog\3082242b4385__migrate_timestamps.py,C:\Users\mydyi\OneDrive\Documents\Desktop\Python_Reasoning_Functions_20260515_173222\functions_by_source\compucog\3082242b4385__3082242b4385__migrate_timestamps.functions.py,1,ast,1244
compucog,H:\_BACKUPS\CompuCog_20260130_071835\CompuCog_Visual_v2_POSSIBLE_KEEPER\gaming\screen_vector_engine.py,C:\Users\mydyi\OneDrive\Documents\Desktop\Python_Reasoning_Engines_20260515_172849\files\compucog\6eac5e1811fb__screen_vector_engine.py,C:\Users\mydyi\OneDrive\Documents\Desktop\Python_Reasoning_Functions_20260515_173222\functions_by_source\compucog\6eac5e1811fb__6eac5e1811fb__screen_vector_engine.functions.py,9,ast,16214
compucog,H:\_BACKUPS\CompuCog_20260130_071835\CompuCog_Visual_v2_POSSIBLE_KEEPER\gaming\session_baseline.py,C:\Users\mydyi\OneDrive\Documents\Desktop\Python_Reasoning_Engines_20260515_172849\files\compucog\5f5ba8afdd79__session_baseline.py,C:\Users\mydyi\OneDrive\Documents\Desktop\Python_Reasoning_Functions_20260515_173222\functions_by_source\compucog\5f5ba8afdd79__5f5ba8afdd79__session_baseline.functions.py,19,ast,8024
compucog,H:\_BACKUPS\CompuCog_20260130_071835\CompuCog_Visual_v2_POSSIBLE_KEEPER\gaming\truevision_event_live.py,C:\Users\mydyi\OneDrive\Documents\Desktop\Python_Reasoning_Engines_20260515_172849\files\compucog\098b226103c2__truevision_event_live.py,C:\Users\mydyi\OneDrive\Documents\Desktop\Python_Reasoning_Functions_20260515_173222\functions_by_source\compucog\098b226103c2__098b226103c2__truevision_event_live.functions.py,9,ast,24772
compucog,H:\_BACKUPS\CompuCog_20260130_071835\CompuCog_Visual_v2_POSSIBLE_KEEPER\gaming\truevision_live_run.py,C:\Users\mydyi\OneDrive\Documents\Desktop\Python_Reasoning_Engines_20260515_172849\files\compucog\09c563fb76de__truevision_live_run.py,C:\Users\mydyi\OneDrive\Documents\Desktop\Python_Reasoning_Functions_20260515_173222\functions_by_source\compucog\09c563fb76de__09c563fb76de__truevision_live_run.functions.py,2,ast,11453
compucog,H:\_BACKUPS\CompuCog_20260130_071835\CompuCog_Visual_v2_POSSIBLE_KEEPER\gaming\truevision_schema.py,C:\Users\mydyi\OneDrive\Documents\Desktop\Python_Reasoning_Engines_20260515_172849\files\compucog\d76bc940b460__truevision_schema.py,C:\Users\mydyi\OneDrive\Documents\Desktop\Python_Reasoning_Functions_20260515_173222\functions_by_source\compucog\d76bc940b460__d76bc940b460__truevision_schema.functions.py,5,ast,3373
compucog,H:\_BACKUPS\CompuCog_20260130_071835\CompuCog_Visual_v2_POSSIBLE_KEEPER\gaming\truevision_smoke_test.py,C:\Users\mydyi\OneDrive\Documents\Desktop\Python_Reasoning_Engines_20260515_172849\files\compucog\2ce73536fec1__truevision_smoke_test.py,C:\Users\mydyi\OneDrive\Documents\Desktop\Python_Reasoning_Functions_20260515_173222\functions_by_source\compucog\2ce73536fec1__2ce73536fec1__truevision_smoke_test.functions.py,3,ast,11717
compucog,H:\_BACKUPS\CompuCog_20260130_071835\CompuCog_Visual_v2_POSSIBLE_KEEPER\gaming\truevision_version.py,C:\Users\mydyi\OneDrive\Documents\Desktop\Python_Reasoning_Engines_20260515_172849\files\compucog\c89ce3935163__truevision_version.py,C:\Users\mydyi\OneDrive\Documents\Desktop\Python_Reasoning_Functions_20260515_173222\functions_by_source\compucog\c89ce3935163__c89ce3935163__truevision_version.functions.py,2,ast,724
compucog,H:\_BACKUPS\CompuCog_20260130_071835\CompuCog_Visual_v2_POSSIBLE_KEEPER\loggers\activity_logger.py,C:\Users\mydyi\OneDrive\Documents\Desktop\Python_Reasoning_Engines_20260515_172849\files\compucog\ea221e224ae5__activity_logger.py,C:\Users\mydyi\OneDrive\Documents\Desktop\Python_Reasoning_Functions_20260515_173222\functions_by_source\compucog\ea221e224ae5__ea221e224ae5__activity_logger.functions.py,7,ast,4849
compucog,H:\_BACKUPS\CompuCog_20260130_071835\CompuCog_Visual_v2_POSSIBLE_KEEPER\loggers\gamepad_logger_continuous.py,C:\Users\mydyi\OneDrive\Documents\Desktop\Python_Reasoning_Engines_20260515_172849\files\compucog\8e9e6429423f__gamepad_logger_continuous.py,C:\Users\mydyi\OneDrive\Documents\Desktop\Python_Reasoning_Functions_20260515_173222\functions_by_source\compucog\8e9e6429423f__8e9e6429423f__gamepad_logger_continuous.functions.py,10,ast,8334
compucog,H:\_BACKUPS\CompuCog_20260130_071835\CompuCog_Visual_v2_POSSIBLE_KEEPER\loggers\input_logger.py,C:\Users\mydyi\OneDrive\Documents\Desktop\Python_Reasoning_Engines_20260515_172849\files\compucog\91e6af709d4b__input_logger.py,C:\Users\mydyi\OneDrive\Documents\Desktop\Python_Reasoning_Functions_20260515_173222\functions_by_source\compucog\91e6af709d4b__91e6af709d4b__input_logger.functions.py,10,ast,8097
compucog,H:\_BACKUPS\CompuCog_20260130_071835\CompuCog_Visual_v2_POSSIBLE_KEEPER\memory\forge_memory\wal\pulse_writer.py,C:\Users\mydyi\OneDrive\Documents\Desktop\Python_Reasoning_Engines_20260515_172849\files\compucog\a2f444251d27__pulse_writer.py,C:\Users\mydyi\OneDrive\Documents\Desktop\Python_Reasoning_Functions_20260515_173222\functions_by_source\compucog\a2f444251d27__a2f444251d27__pulse_writer.functions.py,12,ast,7616
compucog,H:\_BACKUPS\CompuCog_20260130_071835\CompuCog_Visual_v2_POSSIBLE_KEEPER\memory\recognition_demo.py,C:\Users\mydyi\OneDrive\Documents\Desktop\Python_Reasoning_Engines_20260515_172849\files\compucog\2928e59585d4__recognition_demo.py,C:\Users\mydyi\OneDrive\Documents\Desktop\Python_Reasoning_Functions_20260515_173222\functions_by_source\compucog\2928e59585d4__2928e59585d4__recognition_demo.functions.py,1,ast,6394
compucog,H:\_BACKUPS\CompuCog_20260130_071835\CompuCog_Visual_v2_POSSIBLE_KEEPER\operators\base_operator.py,C:\Users\mydyi\OneDrive\Documents\Desktop\Python_Reasoning_Engines_20260515_172849\files\compucog\650ad997735e__base_operator.py,C:\Users\mydyi\OneDrive\Documents\Desktop\Python_Reasoning_Functions_20260515_173222\functions_by_source\compucog\650ad997735e__650ad997735e__base_operator.functions.py,14,ast,5328
compucog,H:\_BACKUPS\CompuCog_20260130_071835\CompuCog_Visual_v2_POSSIBLE_KEEPER\operators\color_shift.py,C:\Users\mydyi\OneDrive\Documents\Desktop\Python_Reasoning_Engines_20260515_172849\files\compucog\22a50c6d9d9b__color_shift.py,C:\Users\mydyi\OneDrive\Documents\Desktop\Python_Reasoning_Functions_20260515_173222\functions_by_source\compucog\22a50c6d9d9b__22a50c6d9d9b__color_shift.functions.py,4,ast,4454
compucog,H:\_BACKUPS\CompuCog_20260130_071835\CompuCog_Visual_v2_POSSIBLE_KEEPER\operators\crosshair_motion.py,C:\Users\mydyi\OneDrive\Documents\Desktop\Python_Reasoning_Engines_20260515_172849\files\compucog\c277366d83ea__crosshair_motion.py,C:\Users\mydyi\OneDrive\Documents\Desktop\Python_Reasoning_Functions_20260515_173222\functions_by_source\compucog\c277366d83ea__c277366d83ea__crosshair_motion.functions.py,4,ast,5335
compucog,H:\_BACKUPS\CompuCog_20260130_071835\CompuCog_Visual_v2_POSSIBLE_KEEPER\operators\flicker_detector.py,C:\Users\mydyi\OneDrive\Documents\Desktop\Python_Reasoning_Engines_20260515_172849\files\compucog\6c61a7f00819__flicker_detector.py,C:\Users\mydyi\OneDrive\Documents\Desktop\Python_Reasoning_Functions_20260515_173222\functions_by_source\compucog\6c61a7f00819__6c61a7f00819__flicker_detector.functions.py,2,ast,3109
compucog,H:\_BACKUPS\CompuCog_20260130_071835\CompuCog_Visual_v2_POSSIBLE_KEEPER\operators\hud_stability.py,C:\Users\mydyi\OneDrive\Documents\Desktop\Python_Reasoning_Engines_20260515_172849\files\compucog\930c3ae07be9__hud_stability.py,C:\Users\mydyi\OneDrive\Documents\Desktop\Python_Reasoning_Functions_20260515_173222\functions_by_source\compucog\930c3ae07be9__930c3ae07be9__hud_stability.functions.py,3,ast,4183
compucog,H:\_BACKUPS\CompuCog_20260130_071835\CompuCog_Visual_v2_POSSIBLE_KEEPER\operators\peripheral_flash.py,C:\Users\mydyi\OneDrive\Documents\Desktop\Python_Reasoning_Engines_20260515_172849\files\compucog\11bad8897bb2__peripheral_flash.py,C:\Users\mydyi\OneDrive\Documents\Desktop\Python_Reasoning_Functions_20260515_173222\functions_by_source\compucog\11bad8897bb2__11bad8897bb2__peripheral_flash.functions.py,3,ast,4824
compucog,H:\_BACKUPS\CompuCog_20260130_071835\CompuCog_Visual_v2_POSSIBLE_KEEPER\tests\test_chronos_smoke.py,C:\Users\mydyi\OneDrive\Documents\Desktop\Python_Reasoning_Engines_20260515_172849\files\compucog\f0ff76a2ae8b__test_chronos_smoke.py,C:\Users\mydyi\OneDrive\Documents\Desktop\Python_Reasoning_Functions_20260515_173222\functions_by_source\compucog\f0ff76a2ae8b__f0ff76a2ae8b__test_chronos_smoke.functions.py,6,ast,3490
compucog,H:\_BACKUPS\CompuCog_20260130_071835\CompuCog_Visual_v2_POSSIBLE_KEEPER\tests\test_screen_vector_engine.py,C:\Users\mydyi\OneDrive\Documents\Desktop\Python_Reasoning_Engines_20260515_172849\files\compucog\dd0acb9959e3__test_screen_vector_engine.py,C:\Users\mydyi\OneDrive\Documents\Desktop\Python_Reasoning_Functions_20260515_173222\functions_by_source\compucog\dd0acb9959e3__dd0acb9959e3__test_screen_vector_engine.functions.py,4,ast,1972
compucog,H:\CompuCog\compositor\eomm_compositor.py,C:\Users\mydyi\OneDrive\Documents\Desktop\Python_Reasoning_Engines_20260515_172849\files\compucog\5b52589f8b2d__eomm_compositor.py,C:\Users\mydyi\OneDrive\Documents\Desktop\Python_Reasoning_Functions_20260515_173222\functions_by_source\compucog\5b52589f8b2d__5b52589f8b2d__eomm_compositor.functions.py,7,ast,10092
compucog,H:\CompuCog\compucog\event_system\adapters\activity_logger_adapter.py,C:\Users\mydyi\OneDrive\Documents\Desktop\Python_Reasoning_Engines_20260515_172849\files\compucog\7ddbbc445fcf__activity_logger_adapter.py,C:\Users\mydyi\OneDrive\Documents\Desktop\Python_Reasoning_Functions_20260515_173222\functions_by_source\compucog\7ddbbc445fcf__7ddbbc445fcf__activity_logger_adapter.functions.py,8,ast,6393
compucog,H:\CompuCog\compucog\event_system\adapters\gamepad_logger_adapter.py,C:\Users\mydyi\OneDrive\Documents\Desktop\Python_Reasoning_Engines_20260515_172849\files\compucog\7b1352e2dd50__gamepad_logger_adapter.py,C:\Users\mydyi\OneDrive\Documents\Desktop\Python_Reasoning_Functions_20260515_173222\functions_by_source\compucog\7b1352e2dd50__7b1352e2dd50__gamepad_logger_adapter.functions.py,7,ast,8125
compucog,H:\CompuCog\compucog\event_system\adapters\input_logger_adapter.py,C:\Users\mydyi\OneDrive\Documents\Desktop\Python_Reasoning_Engines_20260515_172849\files\compucog\c8fdae047c49__input_logger_adapter.py,C:\Users\mydyi\OneDrive\Documents\Desktop\Python_Reasoning_Functions_20260515_173222\functions_by_source\compucog\c8fdae047c49__c8fdae047c49__input_logger_adapter.functions.py,7,ast,5091
compucog,H:\CompuCog\compucog\event_system\adapters\network_logger_adapter.py,C:\Users\mydyi\OneDrive\Documents\Desktop\Python_Reasoning_Engines_20260515_172849\files\compucog\92a0cd9e6c72__network_logger_adapter.py,C:\Users\mydyi\OneDrive\Documents\Desktop\Python_Reasoning_Functions_20260515_173222\functions_by_source\compucog\92a0cd9e6c72__92a0cd9e6c72__network_logger_adapter.functions.py,6,ast,6624
compucog,H:\CompuCog\compucog\event_system\adapters\process_logger_adapter.py,C:\Users\mydyi\OneDrive\Documents\Desktop\Python_Reasoning_Engines_20260515_172849\files\compucog\0554da820215__process_logger_adapter.py,C:\Users\mydyi\OneDrive\Documents\Desktop\Python_Reasoning_Functions_20260515_173222\functions_by_source\compucog\0554da820215__0554da820215__process_logger_adapter.functions.py,7,ast,7719
compucog,H:\CompuCog\compucog\event_system\adapters\test_activity_adapter.py,C:\Users\mydyi\OneDrive\Documents\Desktop\Python_Reasoning_Engines_20260515_172849\files\compucog\33a66bea1493__test_activity_adapter.py,C:\Users\mydyi\OneDrive\Documents\Desktop\Python_Reasoning_Functions_20260515_173222\functions_by_source\compucog\33a66bea1493__33a66bea1493__test_activity_adapter.functions.py,1,ast,4264
compucog,H:\CompuCog\compucog\event_system\chronos_manager.py,C:\Users\mydyi\OneDrive\Documents\Desktop\Python_Reasoning_Engines_20260515_172849\files\compucog\8d07f5c7c1a9__chronos_manager.py,C:\Users\mydyi\OneDrive\Documents\Desktop\Python_Reasoning_Functions_20260515_173222\functions_by_source\compucog\8d07f5c7c1a9__8d07f5c7c1a9__chronos_manager.functions.py,14,ast,10236
compucog,H:\CompuCog\compucog\event_system\event_manager.py,C:\Users\mydyi\OneDrive\Documents\Desktop\Python_Reasoning_Engines_20260515_172849\files\compucog\237c4779d099__event_manager.py,C:\Users\mydyi\OneDrive\Documents\Desktop\Python_Reasoning_Functions_20260515_173222\functions_by_source\compucog\237c4779d099__237c4779d099__event_manager.functions.py,27,ast,23214
compucog,H:\CompuCog\compucog\event_system\organism.py,C:\Users\mydyi\OneDrive\Documents\Desktop\Python_Reasoning_Engines_20260515_172849\files\compucog\ce80efa32ca0__organism.py,C:\Users\mydyi\OneDrive\Documents\Desktop\Python_Reasoning_Functions_20260515_173222\functions_by_source\compucog\ce80efa32ca0__ce80efa32ca0__organism.functions.py,8,ast,11073
compucog,H:\CompuCog\compucog\event_system\sensor_registry.py,C:\Users\mydyi\OneDrive\Documents\Desktop\Python_Reasoning_Engines_20260515_172849\files\compucog\45dd1aa158bb__sensor_registry.py,C:\Users\mydyi\OneDrive\Documents\Desktop\Python_Reasoning_Functions_20260515_173222\functions_by_source\compucog\45dd1aa158bb__45dd1aa158bb__sensor_registry.functions.py,18,ast,13730
compucog,H:\CompuCog\compucog\memory\forge_engine\live_forge_harness.py,C:\Users\mydyi\OneDrive\Documents\Desktop\Python_Reasoning_Engines_20260515_172849\files\compucog\2d6b5e360d56__live_forge_harness.py,C:\Users\mydyi\OneDrive\Documents\Desktop\Python_Reasoning_Functions_20260515_173222\functions_by_source\compucog\2d6b5e360d56__2d6b5e360d56__live_forge_harness.functions.py,1,ast,2466
compucog,H:\CompuCog\core\frame_to_grid.py,C:\Users\mydyi\OneDrive\Documents\Desktop\Python_Reasoning_Engines_20260515_172849\files\compucog\74147f9615b7__frame_to_grid.py,C:\Users\mydyi\OneDrive\Documents\Desktop\Python_Reasoning_Functions_20260515_173222\functions_by_source\compucog\74147f9615b7__74147f9615b7__frame_to_grid.functions.py,7,ast,4162
compucog,H:\CompuCog\event_system\activity_logger_adapter.py,C:\Users\mydyi\OneDrive\Documents\Desktop\Python_Reasoning_Engines_20260515_172849\files\compucog\d24910944ce5__activity_logger_adapter.py,C:\Users\mydyi\OneDrive\Documents\Desktop\Python_Reasoning_Functions_20260515_173222\functions_by_source\compucog\d24910944ce5__d24910944ce5__activity_logger_adapter.functions.py,8,ast,6375
compucog,H:\CompuCog\event_system\chronos_manager.py,C:\Users\mydyi\OneDrive\Documents\Desktop\Python_Reasoning_Engines_20260515_172849\files\compucog\c6acfcd33de2__chronos_manager.py,C:\Users\mydyi\OneDrive\Documents\Desktop\Python_Reasoning_Functions_20260515_173222\functions_by_source\compucog\c6acfcd33de2__c6acfcd33de2__chronos_manager.functions.py,14,ast,10227
compucog,H:\CompuCog\event_system\event_manager.py,C:\Users\mydyi\OneDrive\Documents\Desktop\Python_Reasoning_Engines_20260515_172849\files\compucog\0ecad8b4841c__event_manager.py,C:\Users\mydyi\OneDrive\Documents\Desktop\Python_Reasoning_Functions_20260515_173222\functions_by_source\compucog\0ecad8b4841c__0ecad8b4841c__event_manager.functions.py,27,ast,23205
compucog,H:\CompuCog\event_system\gamepad_logger_adapter.py,C:\Users\mydyi\OneDrive\Documents\Desktop\Python_Reasoning_Engines_20260515_172849\files\compucog\b33d7d4deeb6__gamepad_logger_adapter.py,C:\Users\mydyi\OneDrive\Documents\Desktop\Python_Reasoning_Functions_20260515_173222\functions_by_source\compucog\b33d7d4deeb6__b33d7d4deeb6__gamepad_logger_adapter.functions.py,7,ast,8107
compucog,H:\CompuCog\event_system\input_logger_adapter.py,C:\Users\mydyi\OneDrive\Documents\Desktop\Python_Reasoning_Engines_20260515_172849\files\compucog\5e06fc6b74ac__input_logger_adapter.py,C:\Users\mydyi\OneDrive\Documents\Desktop\Python_Reasoning_Functions_20260515_173222\functions_by_source\compucog\5e06fc6b74ac__5e06fc6b74ac__input_logger_adapter.functions.py,7,ast,5073
compucog,H:\CompuCog\event_system\network_logger_adapter.py,C:\Users\mydyi\OneDrive\Documents\Desktop\Python_Reasoning_Engines_20260515_172849\files\compucog\8a971e15ff49__network_logger_adapter.py,C:\Users\mydyi\OneDrive\Documents\Desktop\Python_Reasoning_Functions_20260515_173222\functions_by_source\compucog\8a971e15ff49__8a971e15ff49__network_logger_adapter.functions.py,6,ast,6606
compucog,H:\CompuCog\event_system\organism.py,C:\Users\mydyi\OneDrive\Documents\Desktop\Python_Reasoning_Engines_20260515_172849\files\compucog\da3a87463389__organism.py,C:\Users\mydyi\OneDrive\Documents\Desktop\Python_Reasoning_Functions_20260515_173222\functions_by_source\compucog\da3a87463389__da3a87463389__organism.functions.py,8,ast,11064
compucog,H:\CompuCog\event_system\process_logger_adapter.py,C:\Users\mydyi\OneDrive\Documents\Desktop\Python_Reasoning_Engines_20260515_172849\files\compucog\95f42e7a81f9__process_logger_adapter.py,C:\Users\mydyi\OneDrive\Documents\Desktop\Python_Reasoning_Functions_20260515_173222\functions_by_source\compucog\95f42e7a81f9__95f42e7a81f9__process_logger_adapter.functions.py,7,ast,7701
compucog,H:\CompuCog\event_system\sensor_registry.py,C:\Users\mydyi\OneDrive\Documents\Desktop\Python_Reasoning_Engines_20260515_172849\files\compucog\6abb33d3f99e__sensor_registry.py,C:\Users\mydyi\OneDrive\Documents\Desktop\Python_Reasoning_Functions_20260515_173222\functions_by_source\compucog\6abb33d3f99e__6abb33d3f99e__sensor_registry.functions.py,18,ast,13721
compucog,H:\CompuCog\event_system\test_activity_adapter.py,C:\Users\mydyi\OneDrive\Documents\Desktop\Python_Reasoning_Engines_20260515_172849\files\compucog\3f9b7ead909b__test_activity_adapter.py,C:\Users\mydyi\OneDrive\Documents\Desktop\Python_Reasoning_Functions_20260515_173222\functions_by_source\compucog\3f9b7ead909b__3f9b7ead909b__test_activity_adapter.functions.py,1,ast,4246
compucog,H:\CompuCog\event_system\test_activity_adapter_refactored.py,C:\Users\mydyi\OneDrive\Documents\Desktop\Python_Reasoning_Engines_20260515_172849\files\compucog\f2370e93f328__test_activity_adapter_refactored.py,C:\Users\mydyi\OneDrive\Documents\Desktop\Python_Reasoning_Functions_20260515_173222\functions_by_source\compucog\f2370e93f328__f2370e93f328__test_activity_adapter_refactored.functions.py,5,ast,5070
compucog,H:\CompuCog\event_system\test_adapter_contracts.py,C:\Users\mydyi\OneDrive\Documents\Desktop\Python_Reasoning_Engines_20260515_172849\files\compucog\a72a171eec63__test_adapter_contracts.py,C:\Users\mydyi\OneDrive\Documents\Desktop\Python_Reasoning_Functions_20260515_173222\functions_by_source\compucog\a72a171eec63__a72a171eec63__test_adapter_contracts.functions.py,20,ast,11511
compucog,H:\CompuCog\event_system\test_event_manager_minimal.py,C:\Users\mydyi\OneDrive\Documents\Desktop\Python_Reasoning_Engines_20260515_172849\files\compucog\60d2b964a4a8__test_event_manager_minimal.py,C:\Users\mydyi\OneDrive\Documents\Desktop\Python_Reasoning_Functions_20260515_173222\functions_by_source\compucog\60d2b964a4a8__60d2b964a4a8__test_event_manager_minimal.functions.py,1,ast,1746
compucog,H:\CompuCog\event_system\test_eventmanager_forge.py,C:\Users\mydyi\OneDrive\Documents\Desktop\Python_Reasoning_Engines_20260515_172849\files\compucog\a32d2bc817fc__test_eventmanager_forge.py,C:\Users\mydyi\OneDrive\Documents\Desktop\Python_Reasoning_Functions_20260515_173222\functions_by_source\compucog\a32d2bc817fc__a32d2bc817fc__test_eventmanager_forge.functions.py,3,ast,6778
compucog,H:\CompuCog\event_system\test_full_pipeline.py,C:\Users\mydyi\OneDrive\Documents\Desktop\Python_Reasoning_Engines_20260515_172849\files\compucog\1646aa15edce__test_full_pipeline.py,C:\Users\mydyi\OneDrive\Documents\Desktop\Python_Reasoning_Functions_20260515_173222\functions_by_source\compucog\1646aa15edce__1646aa15edce__test_full_pipeline.functions.py,3,ast,7391
compucog,H:\CompuCog\event_system\test_sensor_registry.py,C:\Users\mydyi\OneDrive\Documents\Desktop\Python_Reasoning_Engines_20260515_172849\files\compucog\105d3d6492da__test_sensor_registry.py,C:\Users\mydyi\OneDrive\Documents\Desktop\Python_Reasoning_Functions_20260515_173222\functions_by_source\compucog\105d3d6492da__105d3d6492da__test_sensor_registry.functions.py,3,ast,6655
compucog,H:\CompuCog\event_system\test_sensor_registry_minimal.py,C:\Users\mydyi\OneDrive\Documents\Desktop\Python_Reasoning_Engines_20260515_172849\files\compucog\a5508db56c9e__test_sensor_registry_minimal.py,C:\Users\mydyi\OneDrive\Documents\Desktop\Python_Reasoning_Functions_20260515_173222\functions_by_source\compucog\a5508db56c9e__a5508db56c9e__test_sensor_registry_minimal.functions.py,1,ast,2384
compucog,H:\CompuCog\event_system\tests\test_chronos_smoke.py,C:\Users\mydyi\OneDrive\Documents\Desktop\Python_Reasoning_Engines_20260515_172849\files\compucog\38bb17f2b7e7__test_chronos_smoke.py,C:\Users\mydyi\OneDrive\Documents\Desktop\Python_Reasoning_Functions_20260515_173222\functions_by_source\compucog\38bb17f2b7e7__38bb17f2b7e7__test_chronos_smoke.functions.py,6,ast,3443
compucog,H:\CompuCog\event_system\tests\test_event_smoke.py,C:\Users\mydyi\OneDrive\Documents\Desktop\Python_Reasoning_Engines_20260515_172849\files\compucog\ab1e7d1dd2d2__test_event_smoke.py,C:\Users\mydyi\OneDrive\Documents\Desktop\Python_Reasoning_Functions_20260515_173222\functions_by_source\compucog\ab1e7d1dd2d2__ab1e7d1dd2d2__test_event_smoke.functions.py,7,ast,16843
compucog,H:\CompuCog\examples\forge_query_demo.py,C:\Users\mydyi\OneDrive\Documents\Desktop\Python_Reasoning_Engines_20260515_172849\files\compucog\17a0cc7f7303__forge_query_demo.py,C:\Users\mydyi\OneDrive\Documents\Desktop\Python_Reasoning_Functions_20260515_173222\functions_by_source\compucog\17a0cc7f7303__17a0cc7f7303__forge_query_demo.functions.py,1,ast,4647
compucog,H:\CompuCog\examples\recognition_demo.py,C:\Users\mydyi\OneDrive\Documents\Desktop\Python_Reasoning_Engines_20260515_172849\files\compucog\e27bb7d71fa4__recognition_demo.py,C:\Users\mydyi\OneDrive\Documents\Desktop\Python_Reasoning_Functions_20260515_173222\functions_by_source\compucog\e27bb7d71fa4__e27bb7d71fa4__recognition_demo.functions.py,1,ast,6336
compucog,H:\CompuCog\gaming\analyze_combat.py,C:\Users\mydyi\OneDrive\Documents\Desktop\Python_Reasoning_Engines_20260515_172849\files\compucog\bd2dcf7c4a63__analyze_combat.py,C:\Users\mydyi\OneDrive\Documents\Desktop\Python_Reasoning_Functions_20260515_173222\functions_by_source\compucog\bd2dcf7c4a63__bd2dcf7c4a63__analyze_combat.functions.py,1,ast,4355
compucog,H:\CompuCog\gaming\analyze_correlations.py,C:\Users\mydyi\OneDrive\Documents\Desktop\Python_Reasoning_Engines_20260515_172849\files\compucog\fe66b214ad6f__analyze_correlations.py,C:\Users\mydyi\OneDrive\Documents\Desktop\Python_Reasoning_Functions_20260515_173222\functions_by_source\compucog\fe66b214ad6f__fe66b214ad6f__analyze_correlations.functions.py,3,ast,8275
compucog,H:\CompuCog\gaming\analyze_fingerprints.py,C:\Users\mydyi\OneDrive\Documents\Desktop\Python_Reasoning_Engines_20260515_172849\files\compucog\69568e61658f__analyze_fingerprints.py,C:\Users\mydyi\OneDrive\Documents\Desktop\Python_Reasoning_Functions_20260515_173222\functions_by_source\compucog\69568e61658f__69568e61658f__analyze_fingerprints.functions.py,4,ast,5513
compucog,H:\CompuCog\gaming\deep_analysis.py,C:\Users\mydyi\OneDrive\Documents\Desktop\Python_Reasoning_Engines_20260515_172849\files\compucog\ca2d909acb7a__deep_analysis.py,C:\Users\mydyi\OneDrive\Documents\Desktop\Python_Reasoning_Functions_20260515_173222\functions_by_source\compucog\ca2d909acb7a__ca2d909acb7a__deep_analysis.functions.py,7,ast,14446
compucog,H:\CompuCog\gaming\eomm_compositor.py,C:\Users\mydyi\OneDrive\Documents\Desktop\Python_Reasoning_Engines_20260515_172849\files\compucog\0ee0e963e9be__eomm_compositor.py,C:\Users\mydyi\OneDrive\Documents\Desktop\Python_Reasoning_Functions_20260515_173222\functions_by_source\compucog\0ee0e963e9be__0ee0e963e9be__eomm_compositor.functions.py,7,ast,10088
compucog,H:\CompuCog\gaming\eomm_compositor_v2.py,C:\Users\mydyi\OneDrive\Documents\Desktop\Python_Reasoning_Engines_20260515_172849\files\compucog\5b3b325a3cc0__eomm_compositor_v2.py,C:\Users\mydyi\OneDrive\Documents\Desktop\Python_Reasoning_Functions_20260515_173222\functions_by_source\compucog\5b3b325a3cc0__5b3b325a3cc0__eomm_compositor_v2.functions.py,6,ast,8850
compucog,H:\CompuCog\gaming\extract_baselines.py,C:\Users\mydyi\OneDrive\Documents\Desktop\Python_Reasoning_Engines_20260515_172849\files\compucog\ffa56e3aa8aa__extract_baselines.py,C:\Users\mydyi\OneDrive\Documents\Desktop\Python_Reasoning_Functions_20260515_173222\functions_by_source\compucog\ffa56e3aa8aa__ffa56e3aa8aa__extract_baselines.functions.py,5,ast,12658
compucog,H:\CompuCog\gaming\fuse_telemetry.py,C:\Users\mydyi\OneDrive\Documents\Desktop\Python_Reasoning_Engines_20260515_172849\files\compucog\61187c0e4286__fuse_telemetry.py,C:\Users\mydyi\OneDrive\Documents\Desktop\Python_Reasoning_Functions_20260515_173222\functions_by_source\compucog\61187c0e4286__61187c0e4286__fuse_telemetry.functions.py,4,ast,8845
compucog,H:\CompuCog\gaming\gaming_sensor.py,C:\Users\mydyi\OneDrive\Documents\Desktop\Python_Reasoning_Engines_20260515_172849\files\compucog\31f229ace785__gaming_sensor.py,C:\Users\mydyi\OneDrive\Documents\Desktop\Python_Reasoning_Functions_20260515_173222\functions_by_source\compucog\31f229ace785__31f229ace785__gaming_sensor.functions.py,5,ast,9048
compucog,H:\CompuCog\gaming\migrate_timestamps.py,C:\Users\mydyi\OneDrive\Documents\Desktop\Python_Reasoning_Engines_20260515_172849\files\compucog\2dd69b1793b5__migrate_timestamps.py,C:\Users\mydyi\OneDrive\Documents\Desktop\Python_Reasoning_Functions_20260515_173222\functions_by_source\compucog\2dd69b1793b5__2dd69b1793b5__migrate_timestamps.functions.py,1,ast,1184
compucog,H:\CompuCog\gaming\patent_matcher.py,C:\Users\mydyi\OneDrive\Documents\Desktop\Python_Reasoning_Engines_20260515_172849\files\compucog\559eb7af2e3b__patent_matcher.py,C:\Users\mydyi\OneDrive\Documents\Desktop\Python_Reasoning_Functions_20260515_173222\functions_by_source\compucog\559eb7af2e3b__559eb7af2e3b__patent_matcher.functions.py,7,ast,6669
compucog,H:\CompuCog\gaming\session_baseline.py,C:\Users\mydyi\OneDrive\Documents\Desktop\Python_Reasoning_Engines_20260515_172849\files\compucog\97e46b5e1169__session_baseline.py,C:\Users\mydyi\OneDrive\Documents\Desktop\Python_Reasoning_Functions_20260515_173222\functions_by_source\compucog\97e46b5e1169__97e46b5e1169__session_baseline.functions.py,19,ast,7964
compucog,H:\CompuCog\gaming\show_math.py,C:\Users\mydyi\OneDrive\Documents\Desktop\Python_Reasoning_Engines_20260515_172849\files\compucog\6b55c2519e7b__show_math.py,C:\Users\mydyi\OneDrive\Documents\Desktop\Python_Reasoning_Functions_20260515_173222\functions_by_source\compucog\6b55c2519e7b__6b55c2519e7b__show_math.functions.py,9,ast,9872
compucog,H:\CompuCog\gaming\test_temporal_backbone.py,C:\Users\mydyi\OneDrive\Documents\Desktop\Python_Reasoning_Engines_20260515_172849\files\compucog\6602c6e53aa6__test_temporal_backbone.py,C:\Users\mydyi\OneDrive\Documents\Desktop\Python_Reasoning_Functions_20260515_173222\functions_by_source\compucog\6602c6e53aa6__6602c6e53aa6__test_temporal_backbone.functions.py,1,ast,4468
compucog,H:\CompuCog\gaming\truevision_event_live.py,C:\Users\mydyi\OneDrive\Documents\Desktop\Python_Reasoning_Engines_20260515_172849\files\compucog\00aeae874009__truevision_event_live.py,C:\Users\mydyi\OneDrive\Documents\Desktop\Python_Reasoning_Functions_20260515_173222\functions_by_source\compucog\00aeae874009__00aeae874009__truevision_event_live.functions.py,9,ast,21491
compucog,H:\CompuCog\gaming\truevision_live_run.py,C:\Users\mydyi\OneDrive\Documents\Desktop\Python_Reasoning_Engines_20260515_172849\files\compucog\1627f2b4e2da__truevision_live_run.py,C:\Users\mydyi\OneDrive\Documents\Desktop\Python_Reasoning_Functions_20260515_173222\functions_by_source\compucog\1627f2b4e2da__1627f2b4e2da__truevision_live_run.functions.py,2,ast,11393
compucog,H:\CompuCog\gaming\truevision_patent_test.py,C:\Users\mydyi\OneDrive\Documents\Desktop\Python_Reasoning_Engines_20260515_172849\files\compucog\e959300af557__truevision_patent_test.py,C:\Users\mydyi\OneDrive\Documents\Desktop\Python_Reasoning_Functions_20260515_173222\functions_by_source\compucog\e959300af557__e959300af557__truevision_patent_test.functions.py,7,ast,8118
compucog,H:\CompuCog\gaming\truevision_schema.py,C:\Users\mydyi\OneDrive\Documents\Desktop\Python_Reasoning_Engines_20260515_172849\files\compucog\83de30501631__truevision_schema.py,C:\Users\mydyi\OneDrive\Documents\Desktop\Python_Reasoning_Functions_20260515_173222\functions_by_source\compucog\83de30501631__83de30501631__truevision_schema.functions.py,5,ast,3313
compucog,H:\CompuCog\gaming\truevision_smoke_test.py,C:\Users\mydyi\OneDrive\Documents\Desktop\Python_Reasoning_Engines_20260515_172849\files\compucog\6961317d8040__truevision_smoke_test.py,C:\Users\mydyi\OneDrive\Documents\Desktop\Python_Reasoning_Functions_20260515_173222\functions_by_source\compucog\6961317d8040__6961317d8040__truevision_smoke_test.functions.py,3,ast,11657
compucog,H:\CompuCog\gaming\truevision_version.py,C:\Users\mydyi\OneDrive\Documents\Desktop\Python_Reasoning_Engines_20260515_172849\files\compucog\d6279cb4dbf2__truevision_version.py,C:\Users\mydyi\OneDrive\Documents\Desktop\Python_Reasoning_Functions_20260515_173222\functions_by_source\compucog\d6279cb4dbf2__d6279cb4dbf2__truevision_version.functions.py,2,ast,664
compucog,H:\CompuCog\loggers\activity_logger.py,C:\Users\mydyi\OneDrive\Documents\Desktop\Python_Reasoning_Engines_20260515_172849\files\compucog\6e5b40b2dc03__activity_logger.py,C:\Users\mydyi\OneDrive\Documents\Desktop\Python_Reasoning_Functions_20260515_173222\functions_by_source\compucog\6e5b40b2dc03__6e5b40b2dc03__activity_logger.functions.py,7,ast,4789
compucog,H:\CompuCog\loggers\gamepad_logger_continuous.py,C:\Users\mydyi\OneDrive\Documents\Desktop\Python_Reasoning_Engines_20260515_172849\files\compucog\f51f4b095fe8__gamepad_logger_continuous.py,C:\Users\mydyi\OneDrive\Documents\Desktop\Python_Reasoning_Functions_20260515_173222\functions_by_source\compucog\f51f4b095fe8__f51f4b095fe8__gamepad_logger_continuous.functions.py,10,ast,8274
compucog,H:\CompuCog\loggers\input_logger.py,C:\Users\mydyi\OneDrive\Documents\Desktop\Python_Reasoning_Engines_20260515_172849\files\compucog\ed939ed76636__input_logger.py,C:\Users\mydyi\OneDrive\Documents\Desktop\Python_Reasoning_Functions_20260515_173222\functions_by_source\compucog\ed939ed76636__ed939ed76636__input_logger.functions.py,10,ast,8037
compucog,H:\CompuCog\loggers\process_logger.py,C:\Users\mydyi\OneDrive\Documents\Desktop\Python_Reasoning_Engines_20260515_172849\files\compucog\1ed61277b023__process_logger.py,C:\Users\mydyi\OneDrive\Documents\Desktop\Python_Reasoning_Functions_20260515_173222\functions_by_source\compucog\1ed61277b023__1ed61277b023__process_logger.functions.py,9,ast,8417
compucog,H:\CompuCog\memory\forge_inspect.py,C:\Users\mydyi\OneDrive\Documents\Desktop\Python_Reasoning_Engines_20260515_172849\files\compucog\88235cbf79d6__forge_inspect.py,C:\Users\mydyi\OneDrive\Documents\Desktop\Python_Reasoning_Functions_20260515_173222\functions_by_source\compucog\88235cbf79d6__88235cbf79d6__forge_inspect.functions.py,1,ast,3824
compucog,H:\CompuCog\memory\forge_memory\bridge\schema_map.py,C:\Users\mydyi\OneDrive\Documents\Desktop\Python_Reasoning_Engines_20260515_172849\files\compucog\510841141307__schema_map.py,C:\Users\mydyi\OneDrive\Documents\Desktop\Python_Reasoning_Functions_20260515_173222\functions_by_source\compucog\510841141307__510841141307__schema_map.functions.py,5,ast,5819
compucog,H:\CompuCog\memory\forge_memory\core\binary_log.py,C:\Users\mydyi\OneDrive\Documents\Desktop\Python_Reasoning_Engines_20260515_172849\files\compucog\84da29e6e0eb__binary_log.py,C:\Users\mydyi\OneDrive\Documents\Desktop\Python_Reasoning_Functions_20260515_173222\functions_by_source\compucog\84da29e6e0eb__84da29e6e0eb__binary_log.functions.py,14,ast,10111
compucog,H:\CompuCog\memory\forge_memory\core\mmap_file.py,C:\Users\mydyi\OneDrive\Documents\Desktop\Python_Reasoning_Engines_20260515_172849\files\compucog\57b538623447__mmap_file.py,C:\Users\mydyi\OneDrive\Documents\Desktop\Python_Reasoning_Functions_20260515_173222\functions_by_source\compucog\57b538623447__57b538623447__mmap_file.functions.py,10,ast,5836
compucog,H:\CompuCog\memory\forge_memory\core\record.py,C:\Users\mydyi\OneDrive\Documents\Desktop\Python_Reasoning_Engines_20260515_172849\files\compucog\f6f7199deba7__record.py,C:\Users\mydyi\OneDrive\Documents\Desktop\Python_Reasoning_Functions_20260515_173222\functions_by_source\compucog\f6f7199deba7__f6f7199deba7__record.functions.py,4,ast,10997
compucog,H:\CompuCog\memory\forge_memory\core\string_dict.py,C:\Users\mydyi\OneDrive\Documents\Desktop\Python_Reasoning_Engines_20260515_172849\files\compucog\c7d9b58f193e__string_dict.py,C:\Users\mydyi\OneDrive\Documents\Desktop\Python_Reasoning_Functions_20260515_173222\functions_by_source\compucog\c7d9b58f193e__c7d9b58f193e__string_dict.functions.py,5,ast,5018
compucog,H:\CompuCog\memory\forge_memory\query\query_layer.py,C:\Users\mydyi\OneDrive\Documents\Desktop\Python_Reasoning_Engines_20260515_172849\files\compucog\6495c1049b3d__query_layer.py,C:\Users\mydyi\OneDrive\Documents\Desktop\Python_Reasoning_Functions_20260515_173222\functions_by_source\compucog\6495c1049b3d__6495c1049b3d__query_layer.functions.py,22,ast,6606
compucog,H:\CompuCog\memory\forge_memory\recognition\recognition_field.py,C:\Users\mydyi\OneDrive\Documents\Desktop\Python_Reasoning_Engines_20260515_172849\files\compucog\e8df3326fab3__recognition_field.py,C:\Users\mydyi\OneDrive\Documents\Desktop\Python_Reasoning_Functions_20260515_173222\functions_by_source\compucog\e8df3326fab3__e8df3326fab3__recognition_field.functions.py,17,ast,10209
compucog,H:\CompuCog\memory\forge_memory\utils\checksum.py,C:\Users\mydyi\OneDrive\Documents\Desktop\Python_Reasoning_Engines_20260515_172849\files\compucog\cb28d0c0000f__checksum.py,C:\Users\mydyi\OneDrive\Documents\Desktop\Python_Reasoning_Functions_20260515_173222\functions_by_source\compucog\cb28d0c0000f__cb28d0c0000f__checksum.functions.py,3,ast,1722
compucog,H:\CompuCog\memory\forge_memory\utils\serialization.py,C:\Users\mydyi\OneDrive\Documents\Desktop\Python_Reasoning_Engines_20260515_172849\files\compucog\85bdd79d9d50__serialization.py,C:\Users\mydyi\OneDrive\Documents\Desktop\Python_Reasoning_Functions_20260515_173222\functions_by_source\compucog\85bdd79d9d50__85bdd79d9d50__serialization.functions.py,2,ast,1948
compucog,H:\CompuCog\memory\forge_memory\wal\pulse_writer.py,C:\Users\mydyi\OneDrive\Documents\Desktop\Python_Reasoning_Engines_20260515_172849\files\compucog\9e623d2ba26f__pulse_writer.py,C:\Users\mydyi\OneDrive\Documents\Desktop\Python_Reasoning_Functions_20260515_173222\functions_by_source\compucog\9e623d2ba26f__9e623d2ba26f__pulse_writer.functions.py,12,ast,7556
compucog,H:\CompuCog\memory\forge_memory\wal\wal_writer.py,C:\Users\mydyi\OneDrive\Documents\Desktop\Python_Reasoning_Engines_20260515_172849\files\compucog\65aacaa7415a__wal_writer.py,C:\Users\mydyi\OneDrive\Documents\Desktop\Python_Reasoning_Functions_20260515_173222\functions_by_source\compucog\65aacaa7415a__65aacaa7415a__wal_writer.functions.py,9,ast,12533
compucog,H:\CompuCog\memory\test_binary_log.py,C:\Users\mydyi\OneDrive\Documents\Desktop\Python_Reasoning_Engines_20260515_172849\files\compucog\9b8c7294f748__test_binary_log.py,C:\Users\mydyi\OneDrive\Documents\Desktop\Python_Reasoning_Functions_20260515_173222\functions_by_source\compucog\9b8c7294f748__9b8c7294f748__test_binary_log.functions.py,3,ast,9408
compucog,H:\CompuCog\memory\test_forge_smoke.py,C:\Users\mydyi\OneDrive\Documents\Desktop\Python_Reasoning_Engines_20260515_172849\files\compucog\1545678ca850__test_forge_smoke.py,C:\Users\mydyi\OneDrive\Documents\Desktop\Python_Reasoning_Functions_20260515_173222\functions_by_source\compucog\1545678ca850__1545678ca850__test_forge_smoke.functions.py,3,ast,6505
compucog,H:\CompuCog\operators\base_operator.py,C:\Users\mydyi\OneDrive\Documents\Desktop\Python_Reasoning_Engines_20260515_172849\files\compucog\c8e9325546f4__base_operator.py,C:\Users\mydyi\OneDrive\Documents\Desktop\Python_Reasoning_Functions_20260515_173222\functions_by_source\compucog\c8e9325546f4__c8e9325546f4__base_operator.functions.py,14,ast,5268
compucog,H:\CompuCog\operators\color_shift.py,C:\Users\mydyi\OneDrive\Documents\Desktop\Python_Reasoning_Engines_20260515_172849\files\compucog\09b0faf97b85__color_shift.py,C:\Users\mydyi\OneDrive\Documents\Desktop\Python_Reasoning_Functions_20260515_173222\functions_by_source\compucog\09b0faf97b85__09b0faf97b85__color_shift.functions.py,4,ast,4394
compucog,H:\CompuCog\operators\crosshair_lock.py,C:\Users\mydyi\OneDrive\Documents\Desktop\Python_Reasoning_Engines_20260515_172849\files\compucog\2b82c2e3c820__crosshair_lock.py,C:\Users\mydyi\OneDrive\Documents\Desktop\Python_Reasoning_Functions_20260515_173222\functions_by_source\compucog\2b82c2e3c820__2b82c2e3c820__crosshair_lock.functions.py,8,ast,9623
compucog,H:\CompuCog\operators\crosshair_motion.py,C:\Users\mydyi\OneDrive\Documents\Desktop\Python_Reasoning_Engines_20260515_172849\files\compucog\938b55db42e9__crosshair_motion.py,C:\Users\mydyi\OneDrive\Documents\Desktop\Python_Reasoning_Functions_20260515_173222\functions_by_source\compucog\938b55db42e9__938b55db42e9__crosshair_motion.functions.py,4,ast,5275
compucog,H:\CompuCog\operators\death_event.py,C:\Users\mydyi\OneDrive\Documents\Desktop\Python_Reasoning_Engines_20260515_172849\files\compucog\4442a0f029a9__death_event.py,C:\Users\mydyi\OneDrive\Documents\Desktop\Python_Reasoning_Functions_20260515_173222\functions_by_source\compucog\4442a0f029a9__4442a0f029a9__death_event.functions.py,6,ast,8947
compucog,H:\CompuCog\operators\edge_entry.py,C:\Users\mydyi\OneDrive\Documents\Desktop\Python_Reasoning_Engines_20260515_172849\files\compucog\30beff73da09__edge_entry.py,C:\Users\mydyi\OneDrive\Documents\Desktop\Python_Reasoning_Functions_20260515_173222\functions_by_source\compucog\30beff73da09__30beff73da09__edge_entry.functions.py,6,ast,7615
compucog,H:\CompuCog\operators\edge_entry_v2.py,C:\Users\mydyi\OneDrive\Documents\Desktop\Python_Reasoning_Engines_20260515_172849\files\compucog\1e21cc9c8a10__edge_entry_v2.py,C:\Users\mydyi\OneDrive\Documents\Desktop\Python_Reasoning_Functions_20260515_173222\functions_by_source\compucog\1e21cc9c8a10__1e21cc9c8a10__edge_entry_v2.functions.py,7,ast,9206
compucog,H:\CompuCog\operators\flicker_detector.py,C:\Users\mydyi\OneDrive\Documents\Desktop\Python_Reasoning_Engines_20260515_172849\files\compucog\82586cb6b568__flicker_detector.py,C:\Users\mydyi\OneDrive\Documents\Desktop\Python_Reasoning_Functions_20260515_173222\functions_by_source\compucog\82586cb6b568__82586cb6b568__flicker_detector.functions.py,2,ast,3049
compucog,H:\CompuCog\operators\hit_registration.py,C:\Users\mydyi\OneDrive\Documents\Desktop\Python_Reasoning_Engines_20260515_172849\files\compucog\3484cb6433f2__hit_registration.py,C:\Users\mydyi\OneDrive\Documents\Desktop\Python_Reasoning_Functions_20260515_173222\functions_by_source\compucog\3484cb6433f2__3484cb6433f2__hit_registration.functions.py,6,ast,8300
compucog,H:\CompuCog\operators\hit_registration_v2.py,C:\Users\mydyi\OneDrive\Documents\Desktop\Python_Reasoning_Engines_20260515_172849\files\compucog\ad9f4c727ee0__hit_registration_v2.py,C:\Users\mydyi\OneDrive\Documents\Desktop\Python_Reasoning_Functions_20260515_173222\functions_by_source\compucog\ad9f4c727ee0__ad9f4c727ee0__hit_registration_v2.functions.py,6,ast,8419
compucog,H:\CompuCog\operators\hud_stability.py,C:\Users\mydyi\OneDrive\Documents\Desktop\Python_Reasoning_Engines_20260515_172849\files\compucog\9da48581e0da__hud_stability.py,C:\Users\mydyi\OneDrive\Documents\Desktop\Python_Reasoning_Functions_20260515_173222\functions_by_source\compucog\9da48581e0da__9da48581e0da__hud_stability.functions.py,3,ast,4123
compucog,H:\CompuCog\operators\peripheral_flash.py,C:\Users\mydyi\OneDrive\Documents\Desktop\Python_Reasoning_Engines_20260515_172849\files\compucog\f479a898053d__peripheral_flash.py,C:\Users\mydyi\OneDrive\Documents\Desktop\Python_Reasoning_Functions_20260515_173222\functions_by_source\compucog\f479a898053d__f479a898053d__peripheral_flash.functions.py,3,ast,4764
compucog,H:\CompuCog\tests\test_chronos_smoke.py,C:\Users\mydyi\OneDrive\Documents\Desktop\Python_Reasoning_Engines_20260515_172849\files\compucog\20998aed3c27__test_chronos_smoke.py,C:\Users\mydyi\OneDrive\Documents\Desktop\Python_Reasoning_Functions_20260515_173222\functions_by_source\compucog\20998aed3c27__20998aed3c27__test_chronos_smoke.functions.py,6,ast,3430
compucog,H:\CompuCog\tests\test_event_smoke.py,C:\Users\mydyi\OneDrive\Documents\Desktop\Python_Reasoning_Engines_20260515_172849\files\compucog\b409f18ca043__test_event_smoke.py,C:\Users\mydyi\OneDrive\Documents\Desktop\Python_Reasoning_Functions_20260515_173222\functions_by_source\compucog\b409f18ca043__b409f18ca043__test_event_smoke.functions.py,7,ast,16830
compucog,H:\CompuCog\truevision_patent_test.py,C:\Users\mydyi\OneDrive\Documents\Desktop\Python_Reasoning_Engines_20260515_172849\files\compucog\66ffd2cbad36__truevision_patent_test.py,C:\Users\mydyi\OneDrive\Documents\Desktop\Python_Reasoning_Functions_20260515_173222\functions_by_source\compucog\66ffd2cbad36__66ffd2cbad36__truevision_patent_test.functions.py,8,ast,9873
cortexos,C:\Users\mydyi\Downloads\05b6e602532b3d075340cbcc28a8c83e4d269fb9a6179f9cc2c87c077f3584ee-2026-04-07-12-48-39-ad0041cbbad646f5a0a32474b8d459eb\file_000000009fe071fd9523a5918e6c3a7d-cortex_cube_interface.py,C:\Users\mydyi\OneDrive\Documents\Desktop\Python_Reasoning_Engines_20260515_172849\files\cortexos\accee29374c7__file_000000009fe071fd9523a5918e6c3a7d-cortex_cube_interface.py,C:\Users\mydyi\OneDrive\Documents\Desktop\Python_Reasoning_Functions_20260515_173222\functions_by_source\cortexos\accee29374c7__accee29374c7__file_000000009fe071fd9523a5918e6c3a7d-cortex_cube_interface.functions.py,3,ast,1182
cortexos,F:\DESKTOP PYTHON 6_17_25\Cortex Quantum Dominion Security Doctrine Prototype\deception_commander_agent.py,C:\Users\mydyi\OneDrive\Documents\Desktop\Python_Reasoning_Engines_20260515_172849\files\cortexos\48d1e2e91f09__deception_commander_agent.py,C:\Users\mydyi\OneDrive\Documents\Desktop\Python_Reasoning_Functions_20260515_173222\functions_by_source\cortexos\48d1e2e91f09__48d1e2e91f09__deception_commander_agent.functions.py,16,ast,12395
cortexos,F:\DESKTOP PYTHON 6_17_25\Cortex Quantum Dominion Security Doctrine Prototype\endpoint_guardian_agent.py,C:\Users\mydyi\OneDrive\Documents\Desktop\Python_Reasoning_Engines_20260515_172849\files\cortexos\827a779d17de__endpoint_guardian_agent.py,C:\Users\mydyi\OneDrive\Documents\Desktop\Python_Reasoning_Functions_20260515_173222\functions_by_source\cortexos\827a779d17de__827a779d17de__endpoint_guardian_agent.functions.py,13,ast,11619
cortexos,F:\DESKTOP PYTHON 6_17_25\Cortex Quantum Dominion Security Doctrine Prototype\financial_decoy_agent.py,C:\Users\mydyi\OneDrive\Documents\Desktop\Python_Reasoning_Engines_20260515_172849\files\cortexos\88456f06cd4c__financial_decoy_agent.py,C:\Users\mydyi\OneDrive\Documents\Desktop\Python_Reasoning_Functions_20260515_173222\functions_by_source\cortexos\88456f06cd4c__88456f06cd4c__financial_decoy_agent.functions.py,10,fallback,8780
cortexos,F:\DESKTOP PYTHON 6_17_25\Cortex Quantum Dominion Security Doctrine Prototype\forensic_archiver_agent.py,C:\Users\mydyi\OneDrive\Documents\Desktop\Python_Reasoning_Engines_20260515_172849\files\cortexos\96518f48b624__forensic_archiver_agent.py,C:\Users\mydyi\OneDrive\Documents\Desktop\Python_Reasoning_Functions_20260515_173222\functions_by_source\cortexos\96518f48b624__96518f48b624__forensic_archiver_agent.functions.py,7,ast,4914
cortexos,F:\DESKTOP PYTHON 6_17_25\Cortex Quantum Dominion Security Doctrine Prototype\perimeter_defense_agent.py,C:\Users\mydyi\OneDrive\Documents\Desktop\Python_Reasoning_Engines_20260515_172849\files\cortexos\911f8b4f5074__perimeter_defense_agent.py,C:\Users\mydyi\OneDrive\Documents\Desktop\Python_Reasoning_Functions_20260515_173222\functions_by_source\cortexos\911f8b4f5074__911f8b4f5074__perimeter_defense_agent.functions.py,13,ast,11460
cortexos,F:\DESKTOP PYTHON 6_17_25\Cortex Quantum Dominion Security Doctrine Prototype\secure_communications_agent.py,C:\Users\mydyi\OneDrive\Documents\Desktop\Python_Reasoning_Engines_20260515_172849\files\cortexos\186177fcadd7__secure_communications_agent.py,C:\Users\mydyi\OneDrive\Documents\Desktop\Python_Reasoning_Functions_20260515_173222\functions_by_source\cortexos\186177fcadd7__186177fcadd7__secure_communications_agent.functions.py,18,fallback,13753
cortexos,F:\DESKTOP PYTHON 6_17_25\Cortex Quantum Dominion Security Doctrine Prototype\threat_hunting_overseer_agent.py,C:\Users\mydyi\OneDrive\Documents\Desktop\Python_Reasoning_Engines_20260515_172849\files\cortexos\a1ad1157c0e2__threat_hunting_overseer_agent.py,C:\Users\mydyi\OneDrive\Documents\Desktop\Python_Reasoning_Functions_20260515_173222\functions_by_source\cortexos\a1ad1157c0e2__a1ad1157c0e2__threat_hunting_overseer_agent.functions.py,15,ast,11787
cortexos,F:\DESKTOP PYTHON 6_17_25\cortexos_kaggle_bfrb_project (2)\Starlink project 1hour build\src\resonance_engine.py,C:\Users\mydyi\OneDrive\Documents\Desktop\Python_Reasoning_Engines_20260515_172849\files\cortexos\8270a9d4503f__resonance_engine.py,C:\Users\mydyi\OneDrive\Documents\Desktop\Python_Reasoning_Functions_20260515_173222\functions_by_source\cortexos\8270a9d4503f__8270a9d4503f__resonance_engine.functions.py,4,ast,2457
cortexos,F:\DESKTOP PYTHON 6_17_25\cortexos_kaggle_bfrb_project\src\resonance_engine.py,C:\Users\mydyi\OneDrive\Documents\Desktop\Python_Reasoning_Engines_20260515_172849\files\cortexos\10907ca9a773__resonance_engine.py,C:\Users\mydyi\OneDrive\Documents\Desktop\Python_Reasoning_Functions_20260515_173222\functions_by_source\cortexos\10907ca9a773__10907ca9a773__resonance_engine.functions.py,4,ast,2424
cortexos,F:\DESKTOP PYTHON 6_17_25\Your\Desired\Path\CortexOS_Build\app\engine\cascade_engine.py,C:\Users\mydyi\OneDrive\Documents\Desktop\Python_Reasoning_Engines_20260515_172849\files\cortexos\57355cd5040d__cascade_engine.py,C:\Users\mydyi\OneDrive\Documents\Desktop\Python_Reasoning_Functions_20260515_173222\functions_by_source\cortexos\57355cd5040d__57355cd5040d__cascade_engine.functions.py,3,fallback,1797
cortexos,F:\DESKTOP PYTHON 6_17_25\Your\Desired\Path\CortexOS_Build\tests\test_engine_and_state.py,C:\Users\mydyi\OneDrive\Documents\Desktop\Python_Reasoning_Engines_20260515_172849\files\cortexos\ba870113198f__test_engine_and_state.py,C:\Users\mydyi\OneDrive\Documents\Desktop\Python_Reasoning_Functions_20260515_173222\functions_by_source\cortexos\ba870113198f__ba870113198f__test_engine_and_state.functions.py,4,fallback,2021
cortexos,F:\From removable drive\AI SYMBOLIS WORK\scripts\Cortex Evolved Lexicon Builder.py,C:\Users\mydyi\OneDrive\Documents\Desktop\Python_Reasoning_Engines_20260515_172849\files\cortexos\2d85f7ca4c27__Cortex Evolved Lexicon Builder.py,C:\Users\mydyi\OneDrive\Documents\Desktop\Python_Reasoning_Functions_20260515_173222\functions_by_source\cortexos\2d85f7ca4c27__2d85f7ca4c27__Cortex Evolved Lexicon Builder.functions.py,2,ast,2987
cortexos,F:\From removable drive\AI SYMBOLIS WORK\scripts\Cortex Evolved Lexicon NLP.py,C:\Users\mydyi\OneDrive\Documents\Desktop\Python_Reasoning_Engines_20260515_172849\files\cortexos\ba0c6d48a793__Cortex Evolved Lexicon NLP.py,C:\Users\mydyi\OneDrive\Documents\Desktop\Python_Reasoning_Functions_20260515_173222\functions_by_source\cortexos\ba0c6d48a793__ba0c6d48a793__Cortex Evolved Lexicon NLP.functions.py,7,ast,5010
cortexos,F:\From removable drive\All_Python_Code_Bundled\AI SYMBOLIS WORK\scripts\Cortex Evolved Lexicon Builder\AI SYMBOLIS WORK_scripts_Cortex Evolved Lexicon Builder.py,C:\Users\mydyi\OneDrive\Documents\Desktop\Python_Reasoning_Engines_20260515_172849\files\cortexos\c3828f612a8f__AI SYMBOLIS WORK_scripts_Cortex Evolved Lexicon Builder.py,C:\Users\mydyi\OneDrive\Documents\Desktop\Python_Reasoning_Functions_20260515_173222\functions_by_source\cortexos\c3828f612a8f__c3828f612a8f__AI SYMBOLIS WORK_scripts_Cortex Evolved Lexicon Builder.functions.py,2,ast,3092
cortexos,F:\From removable drive\All_Python_Code_Bundled\AI SYMBOLIS WORK\scripts\Cortex Evolved Lexicon NLP\AI SYMBOLIS WORK_scripts_Cortex Evolved Lexicon NLP.py,C:\Users\mydyi\OneDrive\Documents\Desktop\Python_Reasoning_Engines_20260515_172849\files\cortexos\8a2e8e635e18__AI SYMBOLIS WORK_scripts_Cortex Evolved Lexicon NLP.py,C:\Users\mydyi\OneDrive\Documents\Desktop\Python_Reasoning_Functions_20260515_173222\functions_by_source\cortexos\8a2e8e635e18__8a2e8e635e18__AI SYMBOLIS WORK_scripts_Cortex Evolved Lexicon NLP.functions.py,7,ast,5111
cortexos,F:\From removable drive\All_Python_Code_Bundled\CortexBERT\deployment\api\CortexBERT_deployment_api.py,C:\Users\mydyi\OneDrive\Documents\Desktop\Python_Reasoning_Engines_20260515_172849\files\cortexos\3b84c3b21f3b__CortexBERT_deployment_api.py,C:\Users\mydyi\OneDrive\Documents\Desktop\Python_Reasoning_Functions_20260515_173222\functions_by_source\cortexos\3b84c3b21f3b__3b84c3b21f3b__CortexBERT_deployment_api.functions.py,1,ast,481
cortexos,F:\From removable drive\All_Python_Code_Bundled\CortexBERT\models\cortexbert\CortexBERT_models_cortexbert.py,C:\Users\mydyi\OneDrive\Documents\Desktop\Python_Reasoning_Engines_20260515_172849\files\cortexos\79498f5f251d__CortexBERT_models_cortexbert.py,C:\Users\mydyi\OneDrive\Documents\Desktop\Python_Reasoning_Functions_20260515_173222\functions_by_source\cortexos\79498f5f251d__79498f5f251d__CortexBERT_models_cortexbert.functions.py,1,ast,518
cortexos,F:\From removable drive\All_Python_Code_Bundled\Desktop\CortexCell\core\init\Desktop_CortexCell_core___init__.py,C:\Users\mydyi\OneDrive\Documents\Desktop\Python_Reasoning_Engines_20260515_172849\files\cortexos\df818d7b799e__Desktop_CortexCell_core___init__.py,C:\Users\mydyi\OneDrive\Documents\Desktop\Python_Reasoning_Functions_20260515_173222\functions_by_source\cortexos\df818d7b799e__df818d7b799e__Desktop_CortexCell_core___init__.functions.py,3,ast,1110
cortexos,F:\From removable drive\All_Python_Code_Bundled\Desktop\CortexCell\core\network\Desktop_CortexCell_core_network.py,C:\Users\mydyi\OneDrive\Documents\Desktop\Python_Reasoning_Engines_20260515_172849\files\cortexos\584d0d3c5941__Desktop_CortexCell_core_network.py,C:\Users\mydyi\OneDrive\Documents\Desktop\Python_Reasoning_Functions_20260515_173222\functions_by_source\cortexos\584d0d3c5941__584d0d3c5941__Desktop_CortexCell_core_network.functions.py,7,ast,2064
cortexos,F:\From removable drive\All_Python_Code_Bundled\Desktop\CortexCell\core\Untitled-1\Desktop_CortexCell_core_Untitled-1.py,C:\Users\mydyi\OneDrive\Documents\Desktop\Python_Reasoning_Engines_20260515_172849\files\cortexos\3b7b5920cb34__Desktop_CortexCell_core_Untitled-1.py,C:\Users\mydyi\OneDrive\Documents\Desktop\Python_Reasoning_Functions_20260515_173222\functions_by_source\cortexos\3b7b5920cb34__3b7b5920cb34__Desktop_CortexCell_core_Untitled-1.functions.py,1,ast,796
cortexos,F:\From removable drive\All_Python_Code_Bundled\Desktop\CortexCell\tests\test\cell\Desktop_CortexCell_tests_test_cell.py,C:\Users\mydyi\OneDrive\Documents\Desktop\Python_Reasoning_Engines_20260515_172849\files\cortexos\939dc0b27fa6__Desktop_CortexCell_tests_test_cell.py,C:\Users\mydyi\OneDrive\Documents\Desktop\Python_Reasoning_Functions_20260515_173222\functions_by_source\cortexos\939dc0b27fa6__939dc0b27fa6__Desktop_CortexCell_tests_test_cell.functions.py,1,ast,796
cortexos,F:\From removable drive\All_Python_Code_Bundled\Users\Blame\Desktop\Symbolis Mainport\CortexBERT\FindPY.py\Users_Blame_Desktop_Symbolis Mainport_CortexBERT_FindPY.py_f7b784d2.py,C:\Users\mydyi\OneDrive\Documents\Desktop\Python_Reasoning_Engines_20260515_172849\files\cortexos\ca85d4fc0d08__Users_Blame_Desktop_Symbolis Mainport_CortexBERT_FindPY.py_f7b784d2.py,C:\Users\mydyi\OneDrive\Documents\Desktop\Python_Reasoning_Functions_20260515_173222\functions_by_source\cortexos\ca85d4fc0d08__ca85d4fc0d08__Users_Blame_Desktop_Symbolis Mainport_CortexBERT_FindPY.py_f7b784d2.functions.py,1,ast,1237
cortexos,F:\From removable drive\CortexBERT\models\cortexbert.py,C:\Users\mydyi\OneDrive\Documents\Desktop\Python_Reasoning_Engines_20260515_172849\files\cortexos\3668d5997ba2__cortexbert.py,C:\Users\mydyi\OneDrive\Documents\Desktop\Python_Reasoning_Functions_20260515_173222\functions_by_source\cortexos\3668d5997ba2__3668d5997ba2__cortexbert.functions.py,1,ast,447
cortexos,F:\From removable drive\CORTEXOS_6_1_2025 full code\control\cortexos_supervisor.py,C:\Users\mydyi\OneDrive\Documents\Desktop\Python_Reasoning_Engines_20260515_172849\files\cortexos\909789f23d8b__cortexos_supervisor.py,C:\Users\mydyi\OneDrive\Documents\Desktop\Python_Reasoning_Functions_20260515_173222\functions_by_source\cortexos\909789f23d8b__909789f23d8b__cortexos_supervisor.functions.py,2,ast,2379
cortexos,F:\From removable drive\CORTEXOS_6_1_2025 full code\core_modules\chord_resonator.py,C:\Users\mydyi\OneDrive\Documents\Desktop\Python_Reasoning_Engines_20260515_172849\files\cortexos\b90924bd0a31__chord_resonator.py,C:\Users\mydyi\OneDrive\Documents\Desktop\Python_Reasoning_Functions_20260515_173222\functions_by_source\cortexos\b90924bd0a31__b90924bd0a31__chord_resonator.functions.py,13,ast,17973
cortexos,F:\From removable drive\CORTEXOS_6_1_2025 full code\core_modules\context_engine.py,C:\Users\mydyi\OneDrive\Documents\Desktop\Python_Reasoning_Engines_20260515_172849\files\cortexos\f27109317093__context_engine.py,C:\Users\mydyi\OneDrive\Documents\Desktop\Python_Reasoning_Functions_20260515_173222\functions_by_source\cortexos\f27109317093__f27109317093__context_engine.functions.py,24,ast,30720
cortexos,F:\From removable drive\CORTEXOS_6_1_2025 full code\core_modules\cortex_cube_nvme.py,C:\Users\mydyi\OneDrive\Documents\Desktop\Python_Reasoning_Engines_20260515_172849\files\cortexos\cae2b0eca7e0__cortex_cube_nvme.py,C:\Users\mydyi\OneDrive\Documents\Desktop\Python_Reasoning_Functions_20260515_173222\functions_by_source\cortexos\cae2b0eca7e0__cae2b0eca7e0__cortex_cube_nvme.functions.py,34,ast,31541
cortexos,F:\From removable drive\CORTEXOS_6_1_2025 full code\core_modules\cortex_inspector.py,C:\Users\mydyi\OneDrive\Documents\Desktop\Python_Reasoning_Engines_20260515_172849\files\cortexos\f6aa0713f9b5__cortex_inspector.py,C:\Users\mydyi\OneDrive\Documents\Desktop\Python_Reasoning_Functions_20260515_173222\functions_by_source\cortexos\f6aa0713f9b5__f6aa0713f9b5__cortex_inspector.functions.py,26,ast,32862
cortexos,F:\From removable drive\CORTEXOS_6_1_2025 full code\core_modules\cortex_vectorizer.py,C:\Users\mydyi\OneDrive\Documents\Desktop\Python_Reasoning_Engines_20260515_172849\files\cortexos\24e1ec2452a8__cortex_vectorizer.py,C:\Users\mydyi\OneDrive\Documents\Desktop\Python_Reasoning_Functions_20260515_173222\functions_by_source\cortexos\24e1ec2452a8__24e1ec2452a8__cortex_vectorizer.functions.py,21,ast,39105
cortexos,F:\From removable drive\CORTEXOS_6_1_2025 full code\core_modules\data_ingestor.py,C:\Users\mydyi\OneDrive\Documents\Desktop\Python_Reasoning_Engines_20260515_172849\files\cortexos\c0d60f347a6d__data_ingestor.py,C:\Users\mydyi\OneDrive\Documents\Desktop\Python_Reasoning_Functions_20260515_173222\functions_by_source\cortexos\c0d60f347a6d__c0d60f347a6d__data_ingestor.functions.py,18,ast,31416
cortexos,F:\From removable drive\CORTEXOS_6_1_2025 full code\core_modules\execution_monitor.py,C:\Users\mydyi\OneDrive\Documents\Desktop\Python_Reasoning_Engines_20260515_172849\files\cortexos\aada9eb733c9__execution_monitor.py,C:\Users\mydyi\OneDrive\Documents\Desktop\Python_Reasoning_Functions_20260515_173222\functions_by_source\cortexos\aada9eb733c9__aada9eb733c9__execution_monitor.functions.py,13,fallback,15171
cortexos,F:\From removable drive\CORTEXOS_6_1_2025 full code\core_modules\global_sync_manager.py,C:\Users\mydyi\OneDrive\Documents\Desktop\Python_Reasoning_Engines_20260515_172849\files\cortexos\96218d09a0aa__global_sync_manager.py,C:\Users\mydyi\OneDrive\Documents\Desktop\Python_Reasoning_Functions_20260515_173222\functions_by_source\cortexos\96218d09a0aa__96218d09a0aa__global_sync_manager.functions.py,15,ast,14934
cortexos,F:\From removable drive\CORTEXOS_6_1_2025 full code\core_modules\knowledge_reinforcer.py,C:\Users\mydyi\OneDrive\Documents\Desktop\Python_Reasoning_Engines_20260515_172849\files\cortexos\56be31af7fad__knowledge_reinforcer.py,C:\Users\mydyi\OneDrive\Documents\Desktop\Python_Reasoning_Functions_20260515_173222\functions_by_source\cortexos\56be31af7fad__56be31af7fad__knowledge_reinforcer.functions.py,22,ast,42480
cortexos,F:\From removable drive\CORTEXOS_6_1_2025 full code\core_modules\lexicon_seeder.py,C:\Users\mydyi\OneDrive\Documents\Desktop\Python_Reasoning_Engines_20260515_172849\files\cortexos\3ee6f30c026f__lexicon_seeder.py,C:\Users\mydyi\OneDrive\Documents\Desktop\Python_Reasoning_Functions_20260515_173222\functions_by_source\cortexos\3ee6f30c026f__3ee6f30c026f__lexicon_seeder.functions.py,18,ast,28316
cortexos,F:\From removable drive\CORTEXOS_6_1_2025 full code\core_modules\memory_inserter.py,C:\Users\mydyi\OneDrive\Documents\Desktop\Python_Reasoning_Engines_20260515_172849\files\cortexos\9c66b6849a1a__memory_inserter.py,C:\Users\mydyi\OneDrive\Documents\Desktop\Python_Reasoning_Functions_20260515_173222\functions_by_source\cortexos\9c66b6849a1a__9c66b6849a1a__memory_inserter.functions.py,12,ast,29392
cortexos,F:\From removable drive\CORTEXOS_6_1_2025 full code\core_modules\mirror_reflector.py,C:\Users\mydyi\OneDrive\Documents\Desktop\Python_Reasoning_Engines_20260515_172849\files\cortexos\dd0b2a755ef5__mirror_reflector.py,C:\Users\mydyi\OneDrive\Documents\Desktop\Python_Reasoning_Functions_20260515_173222\functions_by_source\cortexos\dd0b2a755ef5__dd0b2a755ef5__mirror_reflector.functions.py,32,ast,55098
cortexos,F:\From removable drive\CORTEXOS_6_1_2025 full code\core_modules\mood_controller.py,C:\Users\mydyi\OneDrive\Documents\Desktop\Python_Reasoning_Engines_20260515_172849\files\cortexos\ed8f41fb539e__mood_controller.py,C:\Users\mydyi\OneDrive\Documents\Desktop\Python_Reasoning_Functions_20260515_173222\functions_by_source\cortexos\ed8f41fb539e__ed8f41fb539e__mood_controller.functions.py,10,ast,13274
cortexos,F:\From removable drive\CORTEXOS_6_1_2025 full code\core_modules\neural_fabric.py,C:\Users\mydyi\OneDrive\Documents\Desktop\Python_Reasoning_Engines_20260515_172849\files\cortexos\7142ae87398b__neural_fabric.py,C:\Users\mydyi\OneDrive\Documents\Desktop\Python_Reasoning_Functions_20260515_173222\functions_by_source\cortexos\7142ae87398b__7142ae87398b__neural_fabric.functions.py,14,ast,15119
cortexos,F:\From removable drive\CORTEXOS_6_1_2025 full code\core_modules\neural_gatekeeper.py,C:\Users\mydyi\OneDrive\Documents\Desktop\Python_Reasoning_Engines_20260515_172849\files\cortexos\8e4ba7a929ac__neural_gatekeeper.py,C:\Users\mydyi\OneDrive\Documents\Desktop\Python_Reasoning_Functions_20260515_173222\functions_by_source\cortexos\8e4ba7a929ac__8e4ba7a929ac__neural_gatekeeper.functions.py,25,ast,40926
cortexos,F:\From removable drive\CORTEXOS_6_1_2025 full code\core_modules\neuroengine.py,C:\Users\mydyi\OneDrive\Documents\Desktop\Python_Reasoning_Engines_20260515_172849\files\cortexos\24388a9ea171__neuroengine.py,C:\Users\mydyi\OneDrive\Documents\Desktop\Python_Reasoning_Functions_20260515_173222\functions_by_source\cortexos\24388a9ea171__24388a9ea171__neuroengine.functions.py,13,ast,14835
cortexos,F:\From removable drive\CORTEXOS_6_1_2025 full code\core_modules\neuromodulation.py,C:\Users\mydyi\OneDrive\Documents\Desktop\Python_Reasoning_Engines_20260515_172849\files\cortexos\ca9d093fba95__neuromodulation.py,C:\Users\mydyi\OneDrive\Documents\Desktop\Python_Reasoning_Functions_20260515_173222\functions_by_source\cortexos\ca9d093fba95__ca9d093fba95__neuromodulation.functions.py,3,ast,4029
cortexos,F:\From removable drive\CORTEXOS_6_1_2025 full code\core_modules\phase_harmonics.py,C:\Users\mydyi\OneDrive\Documents\Desktop\Python_Reasoning_Engines_20260515_172849\files\cortexos\6577af68d5dd__phase_harmonics.py,C:\Users\mydyi\OneDrive\Documents\Desktop\Python_Reasoning_Functions_20260515_173222\functions_by_source\cortexos\6577af68d5dd__6577af68d5dd__phase_harmonics.functions.py,21,ast,28706
cortexos,F:\From removable drive\CORTEXOS_6_1_2025 full code\core_modules\resonance_field.py,C:\Users\mydyi\OneDrive\Documents\Desktop\Python_Reasoning_Engines_20260515_172849\files\cortexos\41c31dba6259__resonance_field.py,C:\Users\mydyi\OneDrive\Documents\Desktop\Python_Reasoning_Functions_20260515_173222\functions_by_source\cortexos\41c31dba6259__41c31dba6259__resonance_field.functions.py,7,ast,2141
cortexos,F:\From removable drive\CORTEXOS_6_1_2025 full code\core_modules\resonance_monitor.py,C:\Users\mydyi\OneDrive\Documents\Desktop\Python_Reasoning_Engines_20260515_172849\files\cortexos\b92d218ea7bc__resonance_monitor.py,C:\Users\mydyi\OneDrive\Documents\Desktop\Python_Reasoning_Functions_20260515_173222\functions_by_source\cortexos\b92d218ea7bc__b92d218ea7bc__resonance_monitor.functions.py,15,ast,13617
cortexos,F:\From removable drive\CORTEXOS_6_1_2025 full code\core_modules\resonance_reinforcer.py,C:\Users\mydyi\OneDrive\Documents\Desktop\Python_Reasoning_Engines_20260515_172849\files\cortexos\2f306d44eb1a__resonance_reinforcer.py,C:\Users\mydyi\OneDrive\Documents\Desktop\Python_Reasoning_Functions_20260515_173222\functions_by_source\cortexos\2f306d44eb1a__2f306d44eb1a__resonance_reinforcer.functions.py,20,ast,32814
cortexos,F:\From removable drive\CORTEXOS_6_1_2025 full code\core_modules\self_repair.py,C:\Users\mydyi\OneDrive\Documents\Desktop\Python_Reasoning_Engines_20260515_172849\files\cortexos\1ae705940749__self_repair.py,C:\Users\mydyi\OneDrive\Documents\Desktop\Python_Reasoning_Functions_20260515_173222\functions_by_source\cortexos\1ae705940749__1ae705940749__self_repair.functions.py,41,ast,49445
cortexos,F:\From removable drive\CORTEXOS_6_1_2025 full code\core_modules\swarm_resonance.py,C:\Users\mydyi\OneDrive\Documents\Desktop\Python_Reasoning_Engines_20260515_172849\files\cortexos\715a718c3189__swarm_resonance.py,C:\Users\mydyi\OneDrive\Documents\Desktop\Python_Reasoning_Functions_20260515_173222\functions_by_source\cortexos\715a718c3189__715a718c3189__swarm_resonance.functions.py,2,ast,3377
cortexos,F:\From removable drive\CORTEXOS_6_1_2025 full code\core_modules\symbolic_translator.py,C:\Users\mydyi\OneDrive\Documents\Desktop\Python_Reasoning_Engines_20260515_172849\files\cortexos\571c0fd27d47__symbolic_translator.py,C:\Users\mydyi\OneDrive\Documents\Desktop\Python_Reasoning_Functions_20260515_173222\functions_by_source\cortexos\571c0fd27d47__571c0fd27d47__symbolic_translator.functions.py,12,fallback,15145
cortexos,F:\From removable drive\CORTEXOS_6_1_2025 full code\core_modules\temporal_coherence.py,C:\Users\mydyi\OneDrive\Documents\Desktop\Python_Reasoning_Engines_20260515_172849\files\cortexos\0f842bc21a71__temporal_coherence.py,C:\Users\mydyi\OneDrive\Documents\Desktop\Python_Reasoning_Functions_20260515_173222\functions_by_source\cortexos\0f842bc21a71__0f842bc21a71__temporal_coherence.functions.py,15,ast,12890
cortexos,F:\From removable drive\CORTEXOS_6_1_2025 full code\core_modules\topk_sparse_resonance.py,C:\Users\mydyi\OneDrive\Documents\Desktop\Python_Reasoning_Engines_20260515_172849\files\cortexos\ebf24b9c7d1e__topk_sparse_resonance.py,C:\Users\mydyi\OneDrive\Documents\Desktop\Python_Reasoning_Functions_20260515_173222\functions_by_source\cortexos\ebf24b9c7d1e__ebf24b9c7d1e__topk_sparse_resonance.functions.py,24,ast,28379
cortexos,F:\From removable drive\CORTEXOS_6_1_2025 full code\core_modules\trust_filter.py,C:\Users\mydyi\OneDrive\Documents\Desktop\Python_Reasoning_Engines_20260515_172849\files\cortexos\4c71bebcfd82__trust_filter.py,C:\Users\mydyi\OneDrive\Documents\Desktop\Python_Reasoning_Functions_20260515_173222\functions_by_source\cortexos\4c71bebcfd82__4c71bebcfd82__trust_filter.functions.py,24,ast,32452
cortexos,F:\From removable drive\CORTEXOS_6_1_2025 full code\cortexos_supervisor.py,C:\Users\mydyi\OneDrive\Documents\Desktop\Python_Reasoning_Engines_20260515_172849\files\cortexos\725e98a85c85__cortexos_supervisor.py,C:\Users\mydyi\OneDrive\Documents\Desktop\Python_Reasoning_Functions_20260515_173222\functions_by_source\cortexos\725e98a85c85__725e98a85c85__cortexos_supervisor.functions.py,2,ast,3056
cortexos,F:\From removable drive\CORTEXOS_6_1_2025 full code\infrastructure\cortex_cube_nvme.py,C:\Users\mydyi\OneDrive\Documents\Desktop\Python_Reasoning_Engines_20260515_172849\files\cortexos\6c9e4147e2ac__cortex_cube_nvme.py,C:\Users\mydyi\OneDrive\Documents\Desktop\Python_Reasoning_Functions_20260515_173222\functions_by_source\cortexos\6c9e4147e2ac__6c9e4147e2ac__cortex_cube_nvme.functions.py,4,ast,1250
cortexos,F:\From removable drive\CORTEXOS_6_1_2025 full code\infrastructure\resonance_monitor.py,C:\Users\mydyi\OneDrive\Documents\Desktop\Python_Reasoning_Engines_20260515_172849\files\cortexos\771a51acdf32__resonance_monitor.py,C:\Users\mydyi\OneDrive\Documents\Desktop\Python_Reasoning_Functions_20260515_173222\functions_by_source\cortexos\771a51acdf32__771a51acdf32__resonance_monitor.functions.py,15,ast,13619
cortexos,F:\From removable drive\CORTEXOS_6_1_2025 full code\kernel\Cortexos Neurogrid V17.py,C:\Users\mydyi\OneDrive\Documents\Desktop\Python_Reasoning_Engines_20260515_172849\files\cortexos\3b59726a224f__Cortexos Neurogrid V17.py,C:\Users\mydyi\OneDrive\Documents\Desktop\Python_Reasoning_Functions_20260515_173222\functions_by_source\cortexos\3b59726a224f__3b59726a224f__Cortexos Neurogrid V17.functions.py,13,ast,4159
cortexos,F:\From removable drive\CORTEXOS_6_1_2025 full code\kernel\Cortexos Neurogrid V18.py,C:\Users\mydyi\OneDrive\Documents\Desktop\Python_Reasoning_Engines_20260515_172849\files\cortexos\5bb0e6742f7c__Cortexos Neurogrid V18.py,C:\Users\mydyi\OneDrive\Documents\Desktop\Python_Reasoning_Functions_20260515_173222\functions_by_source\cortexos\5bb0e6742f7c__5bb0e6742f7c__Cortexos Neurogrid V18.functions.py,6,ast,2892
cortexos,F:\From removable drive\CORTEXOS_6_1_2025 full code\kernel\Cortexos Neurogrid V24.py,C:\Users\mydyi\OneDrive\Documents\Desktop\Python_Reasoning_Engines_20260515_172849\files\cortexos\02ac65a24fb6__Cortexos Neurogrid V24.py,C:\Users\mydyi\OneDrive\Documents\Desktop\Python_Reasoning_Functions_20260515_173222\functions_by_source\cortexos\02ac65a24fb6__02ac65a24fb6__Cortexos Neurogrid V24.functions.py,8,ast,2923
cortexos,F:\From removable drive\CORTEXOS_6_1_2025 full code\kernel\CortexOS Neurogrid V26_Physical Drive Binder Scaffold.py,C:\Users\mydyi\OneDrive\Documents\Desktop\Python_Reasoning_Engines_20260515_172849\files\cortexos\1770ed4a03b7__CortexOS Neurogrid V26_Physical Drive Binder Scaffold.py,C:\Users\mydyi\OneDrive\Documents\Desktop\Python_Reasoning_Functions_20260515_173222\functions_by_source\cortexos\1770ed4a03b7__1770ed4a03b7__CortexOS Neurogrid V26_Physical Drive Binder Scaffold.functions.py,9,ast,3164
cortexos,F:\From removable drive\CORTEXOS_6_1_2025 full code\kernel\Cortexos Neurogrid V27_Direct Device Binder.py,C:\Users\mydyi\OneDrive\Documents\Desktop\Python_Reasoning_Engines_20260515_172849\files\cortexos\b5385785ba45__Cortexos Neurogrid V27_Direct Device Binder.py,C:\Users\mydyi\OneDrive\Documents\Desktop\Python_Reasoning_Functions_20260515_173222\functions_by_source\cortexos\b5385785ba45__b5385785ba45__Cortexos Neurogrid V27_Direct Device Binder.functions.py,3,ast,1811
cortexos,F:\From removable drive\CORTEXOS_6_1_2025 full code\kernel\Cortexos Nvme Binder V9.py,C:\Users\mydyi\OneDrive\Documents\Desktop\Python_Reasoning_Engines_20260515_172849\files\cortexos\92c8ec1610bf__Cortexos Nvme Binder V9.py,C:\Users\mydyi\OneDrive\Documents\Desktop\Python_Reasoning_Functions_20260515_173222\functions_by_source\cortexos\92c8ec1610bf__92c8ec1610bf__Cortexos Nvme Binder V9.functions.py,12,ast,4084
cortexos,F:\From removable drive\CORTEXOS_6_1_2025 full code\kernel\Cortexos Nvme Bridge V11.py,C:\Users\mydyi\OneDrive\Documents\Desktop\Python_Reasoning_Engines_20260515_172849\files\cortexos\189a355aa14f__Cortexos Nvme Bridge V11.py,C:\Users\mydyi\OneDrive\Documents\Desktop\Python_Reasoning_Functions_20260515_173222\functions_by_source\cortexos\189a355aa14f__189a355aa14f__Cortexos Nvme Bridge V11.functions.py,14,ast,4414
cortexos,F:\From removable drive\CORTEXOS_6_1_2025 full code\kernel\Cortexos V14 Recovery.py,C:\Users\mydyi\OneDrive\Documents\Desktop\Python_Reasoning_Engines_20260515_172849\files\cortexos\473933e30d9b__Cortexos V14 Recovery.py,C:\Users\mydyi\OneDrive\Documents\Desktop\Python_Reasoning_Functions_20260515_173222\functions_by_source\cortexos\473933e30d9b__473933e30d9b__Cortexos V14 Recovery.functions.py,11,ast,4056
cortexos,F:\From removable drive\CORTEXOS_6_1_2025 full code\kernel\Cortexos V15 Pulse.py,C:\Users\mydyi\OneDrive\Documents\Desktop\Python_Reasoning_Engines_20260515_172849\files\cortexos\8b8480e77ebc__Cortexos V15 Pulse.py,C:\Users\mydyi\OneDrive\Documents\Desktop\Python_Reasoning_Functions_20260515_173222\functions_by_source\cortexos\8b8480e77ebc__8b8480e77ebc__Cortexos V15 Pulse.functions.py,17,ast,5391
cortexos,F:\From removable drive\CORTEXOS_6_1_2025 full code\kernel\Cortexos V25 Prototype.py,C:\Users\mydyi\OneDrive\Documents\Desktop\Python_Reasoning_Engines_20260515_172849\files\cortexos\fd5d5f887850__Cortexos V25 Prototype.py,C:\Users\mydyi\OneDrive\Documents\Desktop\Python_Reasoning_Functions_20260515_173222\functions_by_source\cortexos\fd5d5f887850__fd5d5f887850__Cortexos V25 Prototype.functions.py,7,ast,2771
cortexos,F:\From removable drive\CORTEXOS_6_1_2025 full code\kernel\Cortexos V29 Raw Probe.py,C:\Users\mydyi\OneDrive\Documents\Desktop\Python_Reasoning_Engines_20260515_172849\files\cortexos\23468b1cc667__Cortexos V29 Raw Probe.py,C:\Users\mydyi\OneDrive\Documents\Desktop\Python_Reasoning_Functions_20260515_173222\functions_by_source\cortexos\23468b1cc667__23468b1cc667__Cortexos V29 Raw Probe.functions.py,5,ast,1969
cortexos,F:\From removable drive\CORTEXOS_6_1_2025 full code\kernel\Cortexos V30 Sector Binder.py,C:\Users\mydyi\OneDrive\Documents\Desktop\Python_Reasoning_Engines_20260515_172849\files\cortexos\5cf06a933189__Cortexos V30 Sector Binder.py,C:\Users\mydyi\OneDrive\Documents\Desktop\Python_Reasoning_Functions_20260515_173222\functions_by_source\cortexos\5cf06a933189__5cf06a933189__Cortexos V30 Sector Binder.functions.py,7,ast,2926
cortexos,F:\From removable drive\CORTEXOS_6_1_2025 full code\kernel\Cortexos V31 Resonance Init.py,C:\Users\mydyi\OneDrive\Documents\Desktop\Python_Reasoning_Engines_20260515_172849\files\cortexos\7a099299dce4__Cortexos V31 Resonance Init.py,C:\Users\mydyi\OneDrive\Documents\Desktop\Python_Reasoning_Functions_20260515_173222\functions_by_source\cortexos\7a099299dce4__7a099299dce4__Cortexos V31 Resonance Init.functions.py,9,ast,2411
cortexos,F:\From removable drive\CORTEXOS_6_1_2025 full code\kernel\Cortexos V32 Contract Loader.py,C:\Users\mydyi\OneDrive\Documents\Desktop\Python_Reasoning_Engines_20260515_172849\files\cortexos\b83342a5a7c3__Cortexos V32 Contract Loader.py,C:\Users\mydyi\OneDrive\Documents\Desktop\Python_Reasoning_Functions_20260515_173222\functions_by_source\cortexos\b83342a5a7c3__b83342a5a7c3__Cortexos V32 Contract Loader.functions.py,9,ast,3088
cortexos,F:\From removable drive\CORTEXOS_6_1_2025 full code\kernel\Cortexos V33 Validator.py,C:\Users\mydyi\OneDrive\Documents\Desktop\Python_Reasoning_Engines_20260515_172849\files\cortexos\f444a5f97ea9__Cortexos V33 Validator.py,C:\Users\mydyi\OneDrive\Documents\Desktop\Python_Reasoning_Functions_20260515_173222\functions_by_source\cortexos\f444a5f97ea9__f444a5f97ea9__Cortexos V33 Validator.functions.py,6,ast,2150
cortexos,F:\From removable drive\CORTEXOS_6_1_2025 full code\kernel\CortexOS V34 Resonance Contract Loader.py,C:\Users\mydyi\OneDrive\Documents\Desktop\Python_Reasoning_Engines_20260515_172849\files\cortexos\69bbbac21425__CortexOS V34 Resonance Contract Loader.py,C:\Users\mydyi\OneDrive\Documents\Desktop\Python_Reasoning_Functions_20260515_173222\functions_by_source\cortexos\69bbbac21425__69bbbac21425__CortexOS V34 Resonance Contract Loader.functions.py,9,ast,3006
cortexos,F:\From removable drive\CORTEXOS_6_1_2025 full code\kernel\Cortexos Zone Allocation V21.py,C:\Users\mydyi\OneDrive\Documents\Desktop\Python_Reasoning_Engines_20260515_172849\files\cortexos\e0a4e82d0a66__Cortexos Zone Allocation V21.py,C:\Users\mydyi\OneDrive\Documents\Desktop\Python_Reasoning_Functions_20260515_173222\functions_by_source\cortexos\e0a4e82d0a66__e0a4e82d0a66__Cortexos Zone Allocation V21.functions.py,7,ast,3932
cortexos,F:\From removable drive\CORTEXOS_6_1_2025 full code\kernel\Cortexos_Neurogrid_V19_PredictiveExpansion.py,C:\Users\mydyi\OneDrive\Documents\Desktop\Python_Reasoning_Engines_20260515_172849\files\cortexos\6293b58c785a__Cortexos_Neurogrid_V19_PredictiveExpansion.py,C:\Users\mydyi\OneDrive\Documents\Desktop\Python_Reasoning_Functions_20260515_173222\functions_by_source\cortexos\6293b58c785a__6293b58c785a__Cortexos_Neurogrid_V19_PredictiveExpansion.functions.py,7,ast,3274
cortexos,F:\From removable drive\CORTEXOS_6_1_2025 full code\kernel\Cortexos_Neurogrid_V20_ChuteController.py,C:\Users\mydyi\OneDrive\Documents\Desktop\Python_Reasoning_Engines_20260515_172849\files\cortexos\a9512c1afcec__Cortexos_Neurogrid_V20_ChuteController.py,C:\Users\mydyi\OneDrive\Documents\Desktop\Python_Reasoning_Functions_20260515_173222\functions_by_source\cortexos\a9512c1afcec__a9512c1afcec__Cortexos_Neurogrid_V20_ChuteController.functions.py,9,ast,4487
cortexos,F:\From removable drive\CORTEXOS_6_1_2025 full code\kernel\Cortexos_Neurogrid_V23_IO_Bridge_Stabilizer.py,C:\Users\mydyi\OneDrive\Documents\Desktop\Python_Reasoning_Engines_20260515_172849\files\cortexos\adfca52ada08__Cortexos_Neurogrid_V23_IO_Bridge_Stabilizer.py,C:\Users\mydyi\OneDrive\Documents\Desktop\Python_Reasoning_Functions_20260515_173222\functions_by_source\cortexos\adfca52ada08__adfca52ada08__Cortexos_Neurogrid_V23_IO_Bridge_Stabilizer.functions.py,9,ast,3831
cortexos,F:\From removable drive\CORTEXOS_6_1_2025 full code\kernel\Cortexos_Resonance_IO_Bridge_V12.py,C:\Users\mydyi\OneDrive\Documents\Desktop\Python_Reasoning_Engines_20260515_172849\files\cortexos\7f13271c27dd__Cortexos_Resonance_IO_Bridge_V12.py,C:\Users\mydyi\OneDrive\Documents\Desktop\Python_Reasoning_Functions_20260515_173222\functions_by_source\cortexos\7f13271c27dd__7f13271c27dd__Cortexos_Resonance_IO_Bridge_V12.functions.py,17,ast,5404
cortexos,F:\From removable drive\CORTEXOS_6_1_2025 full code\kernel\Cortexos_Resonance_Kernel_V13_SafeMode.py,C:\Users\mydyi\OneDrive\Documents\Desktop\Python_Reasoning_Engines_20260515_172849\files\cortexos\ef1a3c1001d6__Cortexos_Resonance_Kernel_V13_SafeMode.py,C:\Users\mydyi\OneDrive\Documents\Desktop\Python_Reasoning_Functions_20260515_173222\functions_by_source\cortexos\ef1a3c1001d6__ef1a3c1001d6__Cortexos_Resonance_Kernel_V13_SafeMode.functions.py,15,ast,4766
cortexos,F:\From removable drive\CORTEXOS_6_1_2025 full code\kernel\Cortexos_Transactional_Multi_Neuron_Engine_V16.py,C:\Users\mydyi\OneDrive\Documents\Desktop\Python_Reasoning_Engines_20260515_172849\files\cortexos\6320a8370eaf__Cortexos_Transactional_Multi_Neuron_Engine_V16.py,C:\Users\mydyi\OneDrive\Documents\Desktop\Python_Reasoning_Functions_20260515_173222\functions_by_source\cortexos\6320a8370eaf__6320a8370eaf__Cortexos_Transactional_Multi_Neuron_Engine_V16.functions.py,12,ast,3797
cortexos,F:\From removable drive\CORTEXOS_6_1_2025 full code\kernel\Cortexos_V22 LoadBalanced Sector Migration Kernel.py,C:\Users\mydyi\OneDrive\Documents\Desktop\Python_Reasoning_Engines_20260515_172849\files\cortexos\0b9992bd129d__Cortexos_V22 LoadBalanced Sector Migration Kernel.py,C:\Users\mydyi\OneDrive\Documents\Desktop\Python_Reasoning_Functions_20260515_173222\functions_by_source\cortexos\0b9992bd129d__0b9992bd129d__Cortexos_V22 LoadBalanced Sector Migration Kernel.functions.py,9,ast,5239
cortexos,F:\From removable drive\CORTEXOS_6_1_2025 full code\kernel\CortexOS_V28_PhysicalDriveBinder.py,C:\Users\mydyi\OneDrive\Documents\Desktop\Python_Reasoning_Engines_20260515_172849\files\cortexos\0741aa0bbd9d__CortexOS_V28_PhysicalDriveBinder.py,C:\Users\mydyi\OneDrive\Documents\Desktop\Python_Reasoning_Functions_20260515_173222\functions_by_source\cortexos\0741aa0bbd9d__0741aa0bbd9d__CortexOS_V28_PhysicalDriveBinder.functions.py,6,ast,2777
cortexos,F:\From removable drive\CORTEXOS_6_1_2025 full code\kernel\V29 3  Direct Sector Reader Prototype.py,C:\Users\mydyi\OneDrive\Documents\Desktop\Python_Reasoning_Engines_20260515_172849\files\cortexos\6fccfd825985__V29 3  Direct Sector Reader Prototype.py,C:\Users\mydyi\OneDrive\Documents\Desktop\Python_Reasoning_Functions_20260515_173222\functions_by_source\cortexos\6fccfd825985__6fccfd825985__V29 3  Direct Sector Reader Prototype.functions.py,4,ast,1925
cortexos,F:\From removable drive\CORTEXOS_6_1_2025 full code\orchestrators\cortex_orchestrator_v2.py,C:\Users\mydyi\OneDrive\Documents\Desktop\Python_Reasoning_Engines_20260515_172849\files\cortexos\23df5d62f571__cortex_orchestrator_v2.py,C:\Users\mydyi\OneDrive\Documents\Desktop\Python_Reasoning_Functions_20260515_173222\functions_by_source\cortexos\23df5d62f571__23df5d62f571__cortex_orchestrator_v2.functions.py,2,ast,2502
cortexos,F:\From removable drive\CORTEXOS_6_1_2025 full code\orchestrators\CORTEX_ORCHESTRATOR_V3.py,C:\Users\mydyi\OneDrive\Documents\Desktop\Python_Reasoning_Engines_20260515_172849\files\cortexos\ef8479bc5692__CORTEX_ORCHESTRATOR_V3.py,C:\Users\mydyi\OneDrive\Documents\Desktop\Python_Reasoning_Functions_20260515_173222\functions_by_source\cortexos\ef8479bc5692__ef8479bc5692__CORTEX_ORCHESTRATOR_V3.functions.py,3,ast,4276
cortexos,F:\From removable drive\CORTEXOS_6_1_2025 full code\orchestrators\cortexos_contract_enforcer_v6 UTILITY.py,C:\Users\mydyi\OneDrive\Documents\Desktop\Python_Reasoning_Engines_20260515_172849\files\cortexos\b4a038d2d328__cortexos_contract_enforcer_v6 UTILITY.py,C:\Users\mydyi\OneDrive\Documents\Desktop\Python_Reasoning_Functions_20260515_173222\functions_by_source\cortexos\b4a038d2d328__b4a038d2d328__cortexos_contract_enforcer_v6 UTILITY.functions.py,5,ast,3115
cortexos,F:\From removable drive\CORTEXOS_6_1_2025 full code\orchestrators\CORTEXOS_CONTRACT_ENFORCER_V7_EXECUTION.py,C:\Users\mydyi\OneDrive\Documents\Desktop\Python_Reasoning_Engines_20260515_172849\files\cortexos\ee5761b5476b__CORTEXOS_CONTRACT_ENFORCER_V7_EXECUTION.py,C:\Users\mydyi\OneDrive\Documents\Desktop\Python_Reasoning_Functions_20260515_173222\functions_by_source\cortexos\ee5761b5476b__ee5761b5476b__CORTEXOS_CONTRACT_ENFORCER_V7_EXECUTION.functions.py,2,ast,2374
cortexos,F:\From removable drive\CORTEXOS_6_1_2025 full code\orchestrators\CORTEXOS_DYNAMIC_RESONANCE_LOADER_V8.py,C:\Users\mydyi\OneDrive\Documents\Desktop\Python_Reasoning_Engines_20260515_172849\files\cortexos\537fc7ded21d__CORTEXOS_DYNAMIC_RESONANCE_LOADER_V8.py,C:\Users\mydyi\OneDrive\Documents\Desktop\Python_Reasoning_Functions_20260515_173222\functions_by_source\cortexos\537fc7ded21d__537fc7ded21d__CORTEXOS_DYNAMIC_RESONANCE_LOADER_V8.functions.py,5,ast,2552
cortexos,F:\From removable drive\CORTEXOS_6_1_2025 full code\orchestrators\V4 Contract Enforcement Orchestrator Build UTILITY.py,C:\Users\mydyi\OneDrive\Documents\Desktop\Python_Reasoning_Engines_20260515_172849\files\cortexos\01c559ab9950__V4 Contract Enforcement Orchestrator Build UTILITY.py,C:\Users\mydyi\OneDrive\Documents\Desktop\Python_Reasoning_Functions_20260515_173222\functions_by_source\cortexos\01c559ab9950__01c559ab9950__V4 Contract Enforcement Orchestrator Build UTILITY.functions.py,4,ast,2254
cortexos,F:\From removable drive\CORTEXOS_6_1_2025 full code\orchestrators\V5 Contract Enforcer Orchestrator.py,C:\Users\mydyi\OneDrive\Documents\Desktop\Python_Reasoning_Engines_20260515_172849\files\cortexos\042d0c013631__V5 Contract Enforcer Orchestrator.py,C:\Users\mydyi\OneDrive\Documents\Desktop\Python_Reasoning_Functions_20260515_173222\functions_by_source\cortexos\042d0c013631__042d0c013631__V5 Contract Enforcer Orchestrator.functions.py,1,ast,1620
cortexos,F:\From removable drive\CORTEXOS_6_1_2025 full code\phase1\context_engine.py,C:\Users\mydyi\OneDrive\Documents\Desktop\Python_Reasoning_Engines_20260515_172849\files\cortexos\ff4dc5dd69b8__context_engine.py,C:\Users\mydyi\OneDrive\Documents\Desktop\Python_Reasoning_Functions_20260515_173222\functions_by_source\cortexos\ff4dc5dd69b8__ff4dc5dd69b8__context_engine.functions.py,24,ast,30714
cortexos,F:\From removable drive\CORTEXOS_6_1_2025 full code\phase1\cortex_vectorizer.py,C:\Users\mydyi\OneDrive\Documents\Desktop\Python_Reasoning_Engines_20260515_172849\files\cortexos\aab299392406__cortex_vectorizer.py,C:\Users\mydyi\OneDrive\Documents\Desktop\Python_Reasoning_Functions_20260515_173222\functions_by_source\cortexos\aab299392406__aab299392406__cortex_vectorizer.functions.py,21,ast,39099
cortexos,F:\From removable drive\CORTEXOS_6_1_2025 full code\phase1\neural_gatekeeper.py,C:\Users\mydyi\OneDrive\Documents\Desktop\Python_Reasoning_Engines_20260515_172849\files\cortexos\d805d847dfad__neural_gatekeeper.py,C:\Users\mydyi\OneDrive\Documents\Desktop\Python_Reasoning_Functions_20260515_173222\functions_by_source\cortexos\d805d847dfad__d805d847dfad__neural_gatekeeper.functions.py,25,ast,40920
cortexos,F:\From removable drive\CORTEXOS_6_1_2025 full code\phase1\neuroengine.py,C:\Users\mydyi\OneDrive\Documents\Desktop\Python_Reasoning_Engines_20260515_172849\files\cortexos\5d842ab5b645__neuroengine.py,C:\Users\mydyi\OneDrive\Documents\Desktop\Python_Reasoning_Functions_20260515_173222\functions_by_source\cortexos\5d842ab5b645__5d842ab5b645__neuroengine.functions.py,13,fallback,14980
cortexos,F:\From removable drive\CORTEXOS_6_1_2025 full code\phase1\phase_harmonics.py,C:\Users\mydyi\OneDrive\Documents\Desktop\Python_Reasoning_Engines_20260515_172849\files\cortexos\867a06b5730e__phase_harmonics.py,C:\Users\mydyi\OneDrive\Documents\Desktop\Python_Reasoning_Functions_20260515_173222\functions_by_source\cortexos\867a06b5730e__867a06b5730e__phase_harmonics.functions.py,21,ast,28700
cortexos,F:\From removable drive\CORTEXOS_6_1_2025 full code\phase1\phase1\context_engine.py,C:\Users\mydyi\OneDrive\Documents\Desktop\Python_Reasoning_Engines_20260515_172849\files\cortexos\ef8cb13f9d60__context_engine.py,C:\Users\mydyi\OneDrive\Documents\Desktop\Python_Reasoning_Functions_20260515_173222\functions_by_source\cortexos\ef8cb13f9d60__ef8cb13f9d60__context_engine.functions.py,2,ast,646
cortexos,F:\From removable drive\CORTEXOS_6_1_2025 full code\phase1\phase1\cortex_vectorizer.py,C:\Users\mydyi\OneDrive\Documents\Desktop\Python_Reasoning_Engines_20260515_172849\files\cortexos\8383814b4656__cortex_vectorizer.py,C:\Users\mydyi\OneDrive\Documents\Desktop\Python_Reasoning_Functions_20260515_173222\functions_by_source\cortexos\8383814b4656__8383814b4656__cortex_vectorizer.functions.py,2,ast,663
cortexos,F:\From removable drive\CORTEXOS_6_1_2025 full code\phase1\phase1\neuroengine.py,C:\Users\mydyi\OneDrive\Documents\Desktop\Python_Reasoning_Engines_20260515_172849\files\cortexos\fc92348cb427__neuroengine.py,C:\Users\mydyi\OneDrive\Documents\Desktop\Python_Reasoning_Functions_20260515_173222\functions_by_source\cortexos\fc92348cb427__fc92348cb427__neuroengine.functions.py,2,ast,987
cortexos,F:\From removable drive\CORTEXOS_6_1_2025 full code\phase2\chord_resonator.py,C:\Users\mydyi\OneDrive\Documents\Desktop\Python_Reasoning_Engines_20260515_172849\files\cortexos\2009bf0b09ca__chord_resonator.py,C:\Users\mydyi\OneDrive\Documents\Desktop\Python_Reasoning_Functions_20260515_173222\functions_by_source\cortexos\2009bf0b09ca__2009bf0b09ca__chord_resonator.functions.py,13,ast,17967
cortexos,F:\From removable drive\CORTEXOS_6_1_2025 full code\phase2\resonance_reinforcer.py,C:\Users\mydyi\OneDrive\Documents\Desktop\Python_Reasoning_Engines_20260515_172849\files\cortexos\ff3053ed9db2__resonance_reinforcer.py,C:\Users\mydyi\OneDrive\Documents\Desktop\Python_Reasoning_Functions_20260515_173222\functions_by_source\cortexos\ff3053ed9db2__ff3053ed9db2__resonance_reinforcer.functions.py,20,ast,32808
cortexos,F:\From removable drive\CORTEXOS_6_1_2025 full code\phase2\topk_sparse_resonance.py,C:\Users\mydyi\OneDrive\Documents\Desktop\Python_Reasoning_Engines_20260515_172849\files\cortexos\d84b419df27e__topk_sparse_resonance.py,C:\Users\mydyi\OneDrive\Documents\Desktop\Python_Reasoning_Functions_20260515_173222\functions_by_source\cortexos\d84b419df27e__d84b419df27e__topk_sparse_resonance.functions.py,24,ast,28373
cortexos,F:\From removable drive\CORTEXOS_6_1_2025 full code\phase3\cortex_cube_nvme.py,C:\Users\mydyi\OneDrive\Documents\Desktop\Python_Reasoning_Engines_20260515_172849\files\cortexos\edb1e1949f47__cortex_cube_nvme.py,C:\Users\mydyi\OneDrive\Documents\Desktop\Python_Reasoning_Functions_20260515_173222\functions_by_source\cortexos\edb1e1949f47__edb1e1949f47__cortex_cube_nvme.functions.py,34,ast,31535
cortexos,F:\From removable drive\CORTEXOS_6_1_2025 full code\phase3\knowledge_reinforcer.py,C:\Users\mydyi\OneDrive\Documents\Desktop\Python_Reasoning_Engines_20260515_172849\files\cortexos\933c0824af1a__knowledge_reinforcer.py,C:\Users\mydyi\OneDrive\Documents\Desktop\Python_Reasoning_Functions_20260515_173222\functions_by_source\cortexos\933c0824af1a__933c0824af1a__knowledge_reinforcer.functions.py,22,ast,42474
cortexos,F:\From removable drive\CORTEXOS_6_1_2025 full code\phase3\memory_inserter.py,C:\Users\mydyi\OneDrive\Documents\Desktop\Python_Reasoning_Engines_20260515_172849\files\cortexos\b0a68433e3c9__memory_inserter.py,C:\Users\mydyi\OneDrive\Documents\Desktop\Python_Reasoning_Functions_20260515_173222\functions_by_source\cortexos\b0a68433e3c9__b0a68433e3c9__memory_inserter.functions.py,12,ast,29386
cortexos,F:\From removable drive\CORTEXOS_6_1_2025 full code\phase4\cortex_core_hooks.py,C:\Users\mydyi\OneDrive\Documents\Desktop\Python_Reasoning_Engines_20260515_172849\files\cortexos\b488063654e2__cortex_core_hooks.py,C:\Users\mydyi\OneDrive\Documents\Desktop\Python_Reasoning_Functions_20260515_173222\functions_by_source\cortexos\b488063654e2__b488063654e2__cortex_core_hooks.functions.py,28,ast,35871
cortexos,F:\From removable drive\CORTEXOS_6_1_2025 full code\phase4\data_ingestor.py,C:\Users\mydyi\OneDrive\Documents\Desktop\Python_Reasoning_Engines_20260515_172849\files\cortexos\4f8e74174deb__data_ingestor.py,C:\Users\mydyi\OneDrive\Documents\Desktop\Python_Reasoning_Functions_20260515_173222\functions_by_source\cortexos\4f8e74174deb__4f8e74174deb__data_ingestor.functions.py,18,ast,31410
cortexos,F:\From removable drive\CORTEXOS_6_1_2025 full code\phase4\trust_filter.py,C:\Users\mydyi\OneDrive\Documents\Desktop\Python_Reasoning_Engines_20260515_172849\files\cortexos\7819f90c5c88__trust_filter.py,C:\Users\mydyi\OneDrive\Documents\Desktop\Python_Reasoning_Functions_20260515_173222\functions_by_source\cortexos\7819f90c5c88__7819f90c5c88__trust_filter.functions.py,24,ast,32446
cortexos,F:\From removable drive\CORTEXOS_6_1_2025 full code\phase5\cortex_inspector.py,C:\Users\mydyi\OneDrive\Documents\Desktop\Python_Reasoning_Engines_20260515_172849\files\cortexos\0b5a119e6790__cortex_inspector.py,C:\Users\mydyi\OneDrive\Documents\Desktop\Python_Reasoning_Functions_20260515_173222\functions_by_source\cortexos\0b5a119e6790__0b5a119e6790__cortex_inspector.functions.py,3,ast,853
cortexos,F:\From removable drive\CORTEXOS_6_1_2025 full code\phase5\cortex_inspector_fixed.py,C:\Users\mydyi\OneDrive\Documents\Desktop\Python_Reasoning_Engines_20260515_172849\files\cortexos\f787b22d0ba3__cortex_inspector_fixed.py,C:\Users\mydyi\OneDrive\Documents\Desktop\Python_Reasoning_Functions_20260515_173222\functions_by_source\cortexos\f787b22d0ba3__f787b22d0ba3__cortex_inspector_fixed.functions.py,13,ast,19846
cortexos,F:\From removable drive\CORTEXOS_6_1_2025 full code\phase5\cortex_inspector_purified.py,C:\Users\mydyi\OneDrive\Documents\Desktop\Python_Reasoning_Engines_20260515_172849\files\cortexos\d8a57b97f18a__cortex_inspector_purified.py,C:\Users\mydyi\OneDrive\Documents\Desktop\Python_Reasoning_Functions_20260515_173222\functions_by_source\cortexos\d8a57b97f18a__d8a57b97f18a__cortex_inspector_purified.functions.py,32,ast,42845
cortexos,F:\From removable drive\CORTEXOS_6_1_2025 full code\phase5\mirror_reflector.py,C:\Users\mydyi\OneDrive\Documents\Desktop\Python_Reasoning_Engines_20260515_172849\files\cortexos\283bc7ee5a66__mirror_reflector.py,C:\Users\mydyi\OneDrive\Documents\Desktop\Python_Reasoning_Functions_20260515_173222\functions_by_source\cortexos\283bc7ee5a66__283bc7ee5a66__mirror_reflector.functions.py,2,ast,627
cortexos,F:\From removable drive\CORTEXOS_6_1_2025 full code\phase5\mirror_reflector_fixed.py,C:\Users\mydyi\OneDrive\Documents\Desktop\Python_Reasoning_Engines_20260515_172849\files\cortexos\6568ba8fa48d__mirror_reflector_fixed.py,C:\Users\mydyi\OneDrive\Documents\Desktop\Python_Reasoning_Functions_20260515_173222\functions_by_source\cortexos\6568ba8fa48d__6568ba8fa48d__mirror_reflector_fixed.functions.py,17,ast,17952
cortexos,F:\From removable drive\CORTEXOS_6_1_2025 full code\phase5\mirror_reflector_purified.py,C:\Users\mydyi\OneDrive\Documents\Desktop\Python_Reasoning_Engines_20260515_172849\files\cortexos\5ed745f0690f__mirror_reflector_purified.py,C:\Users\mydyi\OneDrive\Documents\Desktop\Python_Reasoning_Functions_20260515_173222\functions_by_source\cortexos\5ed745f0690f__5ed745f0690f__mirror_reflector_purified.functions.py,17,ast,17501
cortexos,F:\From removable drive\CORTEXOS_6_1_2025 full code\phase5\self_repair_fixed.py,C:\Users\mydyi\OneDrive\Documents\Desktop\Python_Reasoning_Engines_20260515_172849\files\cortexos\3f8dac3c4db5__self_repair_fixed.py,C:\Users\mydyi\OneDrive\Documents\Desktop\Python_Reasoning_Functions_20260515_173222\functions_by_source\cortexos\3f8dac3c4db5__3f8dac3c4db5__self_repair_fixed.functions.py,12,ast,18962
cortexos,F:\From removable drive\CORTEXOS_6_1_2025 full code\phase5\self_repair_purified.py,C:\Users\mydyi\OneDrive\Documents\Desktop\Python_Reasoning_Engines_20260515_172849\files\cortexos\b0b3851c5bd5__self_repair_purified.py,C:\Users\mydyi\OneDrive\Documents\Desktop\Python_Reasoning_Functions_20260515_173222\functions_by_source\cortexos\b0b3851c5bd5__b0b3851c5bd5__self_repair_purified.functions.py,39,ast,53951
cortexos,F:\From removable drive\CORTEXOS_6_1_2025 full code\phase5\symbolic_translator_fixed.py,C:\Users\mydyi\OneDrive\Documents\Desktop\Python_Reasoning_Engines_20260515_172849\files\cortexos\33a81b27f5a2__symbolic_translator_fixed.py,C:\Users\mydyi\OneDrive\Documents\Desktop\Python_Reasoning_Functions_20260515_173222\functions_by_source\cortexos\33a81b27f5a2__33a81b27f5a2__symbolic_translator_fixed.functions.py,15,ast,24370
cortexos,F:\From removable drive\CORTEXOS_6_1_2025 full code\phase5\symbolic_translator_purified.py,C:\Users\mydyi\OneDrive\Documents\Desktop\Python_Reasoning_Engines_20260515_172849\files\cortexos\9920391db55e__symbolic_translator_purified.py,C:\Users\mydyi\OneDrive\Documents\Desktop\Python_Reasoning_Functions_20260515_173222\functions_by_source\cortexos\9920391db55e__9920391db55e__symbolic_translator_purified.functions.py,38,ast,63916
cortexos,F:\From removable drive\CORTEXOS_6_1_2025 full code\phase6\mood_controller.py,C:\Users\mydyi\OneDrive\Documents\Desktop\Python_Reasoning_Engines_20260515_172849\files\cortexos\a19b35ff6b43__mood_controller.py,C:\Users\mydyi\OneDrive\Documents\Desktop\Python_Reasoning_Functions_20260515_173222\functions_by_source\cortexos\a19b35ff6b43__a19b35ff6b43__mood_controller.functions.py,10,ast,13268
cortexos,F:\From removable drive\CORTEXOS_6_1_2025 full code\phase6\mood_controller_purified.py,C:\Users\mydyi\OneDrive\Documents\Desktop\Python_Reasoning_Engines_20260515_172849\files\cortexos\d645c3089c99__mood_controller_purified.py,C:\Users\mydyi\OneDrive\Documents\Desktop\Python_Reasoning_Functions_20260515_173222\functions_by_source\cortexos\d645c3089c99__d645c3089c99__mood_controller_purified.functions.py,18,ast,39992
cortexos,F:\From removable drive\CORTEXOS_6_1_2025 full code\phase6\neuromodulation_purified.py,C:\Users\mydyi\OneDrive\Documents\Desktop\Python_Reasoning_Engines_20260515_172849\files\cortexos\192318f9e39f__neuromodulation_purified.py,C:\Users\mydyi\OneDrive\Documents\Desktop\Python_Reasoning_Functions_20260515_173222\functions_by_source\cortexos\192318f9e39f__192318f9e39f__neuromodulation_purified.functions.py,13,fallback,33011
cortexos,F:\From removable drive\CORTEXOS_6_1_2025 full code\phase7\Daydream Kernel.py,C:\Users\mydyi\OneDrive\Documents\Desktop\Python_Reasoning_Engines_20260515_172849\files\cortexos\93168aad88cb__Daydream Kernel.py,C:\Users\mydyi\OneDrive\Documents\Desktop\Python_Reasoning_Functions_20260515_173222\functions_by_source\cortexos\93168aad88cb__93168aad88cb__Daydream Kernel.functions.py,6,ast,3177
cortexos,F:\From removable drive\CORTEXOS_6_1_2025 full code\utilities\Cortexos Nvme Prep.py,C:\Users\mydyi\OneDrive\Documents\Desktop\Python_Reasoning_Engines_20260515_172849\files\cortexos\7c8bde34cb89__Cortexos Nvme Prep.py,C:\Users\mydyi\OneDrive\Documents\Desktop\Python_Reasoning_Functions_20260515_173222\functions_by_source\cortexos\7c8bde34cb89__7c8bde34cb89__Cortexos Nvme Prep.functions.py,2,ast,1884
cortexos,F:\From removable drive\cortexos_organized\archive\agharmonic_compliant.py,C:\Users\mydyi\OneDrive\Documents\Desktop\Python_Reasoning_Engines_20260515_172849\files\cortexos\d6a3519be6b8__agharmonic_compliant.py,C:\Users\mydyi\OneDrive\Documents\Desktop\Python_Reasoning_Functions_20260515_173222\functions_by_source\cortexos\d6a3519be6b8__d6a3519be6b8__agharmonic_compliant.functions.py,7,ast,3779
cortexos,F:\From removable drive\cortexos_organized\archive\cortex_core_hooks.py,C:\Users\mydyi\OneDrive\Documents\Desktop\Python_Reasoning_Engines_20260515_172849\files\cortexos\563d01d74141__cortex_core_hooks.py,C:\Users\mydyi\OneDrive\Documents\Desktop\Python_Reasoning_Functions_20260515_173222\functions_by_source\cortexos\563d01d74141__563d01d74141__cortex_core_hooks.functions.py,28,ast,35863
cortexos,F:\From removable drive\cortexos_organized\archive\cortex_inspector_fixed.py,C:\Users\mydyi\OneDrive\Documents\Desktop\Python_Reasoning_Engines_20260515_172849\files\cortexos\25370d3ca723__cortex_inspector_fixed.py,C:\Users\mydyi\OneDrive\Documents\Desktop\Python_Reasoning_Functions_20260515_173222\functions_by_source\cortexos\25370d3ca723__25370d3ca723__cortex_inspector_fixed.functions.py,13,ast,19838
cortexos,F:\From removable drive\cortexos_organized\archive\cortex_inspector_purified.py,C:\Users\mydyi\OneDrive\Documents\Desktop\Python_Reasoning_Engines_20260515_172849\files\cortexos\ac789a454fa4__cortex_inspector_purified.py,C:\Users\mydyi\OneDrive\Documents\Desktop\Python_Reasoning_Functions_20260515_173222\functions_by_source\cortexos\ac789a454fa4__ac789a454fa4__cortex_inspector_purified.functions.py,32,ast,42837
cortexos,F:\From removable drive\cortexos_organized\archive\cortex_orchestrator.py,C:\Users\mydyi\OneDrive\Documents\Desktop\Python_Reasoning_Engines_20260515_172849\files\cortexos\1f30fe097c53__cortex_orchestrator.py,C:\Users\mydyi\OneDrive\Documents\Desktop\Python_Reasoning_Functions_20260515_173222\functions_by_source\cortexos\1f30fe097c53__1f30fe097c53__cortex_orchestrator.functions.py,6,ast,5060
cortexos,F:\From removable drive\cortexos_organized\archive\mirror_reflector_fixed.py,C:\Users\mydyi\OneDrive\Documents\Desktop\Python_Reasoning_Engines_20260515_172849\files\cortexos\1f1e6f2cefa3__mirror_reflector_fixed.py,C:\Users\mydyi\OneDrive\Documents\Desktop\Python_Reasoning_Functions_20260515_173222\functions_by_source\cortexos\1f1e6f2cefa3__1f1e6f2cefa3__mirror_reflector_fixed.functions.py,17,ast,17944
cortexos,F:\From removable drive\cortexos_organized\archive\mirror_reflector_purified.py,C:\Users\mydyi\OneDrive\Documents\Desktop\Python_Reasoning_Engines_20260515_172849\files\cortexos\315d8ae927ad__mirror_reflector_purified.py,C:\Users\mydyi\OneDrive\Documents\Desktop\Python_Reasoning_Functions_20260515_173222\functions_by_source\cortexos\315d8ae927ad__315d8ae927ad__mirror_reflector_purified.functions.py,17,ast,17493
cortexos,F:\From removable drive\cortexos_organized\archive\mood_controller_purified.py,C:\Users\mydyi\OneDrive\Documents\Desktop\Python_Reasoning_Engines_20260515_172849\files\cortexos\b48b80cafbd0__mood_controller_purified.py,C:\Users\mydyi\OneDrive\Documents\Desktop\Python_Reasoning_Functions_20260515_173222\functions_by_source\cortexos\b48b80cafbd0__b48b80cafbd0__mood_controller_purified.functions.py,18,ast,39152
cortexos,F:\From removable drive\cortexos_organized\archive\neuromodulation_purified.py,C:\Users\mydyi\OneDrive\Documents\Desktop\Python_Reasoning_Engines_20260515_172849\files\cortexos\6bb39e34fe67__neuromodulation_purified.py,C:\Users\mydyi\OneDrive\Documents\Desktop\Python_Reasoning_Functions_20260515_173222\functions_by_source\cortexos\6bb39e34fe67__6bb39e34fe67__neuromodulation_purified.functions.py,13,ast,31701
cortexos,F:\From removable drive\cortexos_organized\archive\self_repair_fixed.py,C:\Users\mydyi\OneDrive\Documents\Desktop\Python_Reasoning_Engines_20260515_172849\files\cortexos\906da6c67c80__self_repair_fixed.py,C:\Users\mydyi\OneDrive\Documents\Desktop\Python_Reasoning_Functions_20260515_173222\functions_by_source\cortexos\906da6c67c80__906da6c67c80__self_repair_fixed.functions.py,12,ast,18954
cortexos,F:\From removable drive\cortexos_organized\archive\self_repair_purified.py,C:\Users\mydyi\OneDrive\Documents\Desktop\Python_Reasoning_Engines_20260515_172849\files\cortexos\72f5be992c6b__self_repair_purified.py,C:\Users\mydyi\OneDrive\Documents\Desktop\Python_Reasoning_Functions_20260515_173222\functions_by_source\cortexos\72f5be992c6b__72f5be992c6b__self_repair_purified.functions.py,39,ast,53943
cortexos,F:\From removable drive\cortexos_organized\archive\symbolic_translator_fixed.py,C:\Users\mydyi\OneDrive\Documents\Desktop\Python_Reasoning_Engines_20260515_172849\files\cortexos\7858b2d9eb73__symbolic_translator_fixed.py,C:\Users\mydyi\OneDrive\Documents\Desktop\Python_Reasoning_Functions_20260515_173222\functions_by_source\cortexos\7858b2d9eb73__7858b2d9eb73__symbolic_translator_fixed.functions.py,15,ast,24362
cortexos,F:\From removable drive\cortexos_organized\archive\symbolic_translator_purified.py,C:\Users\mydyi\OneDrive\Documents\Desktop\Python_Reasoning_Engines_20260515_172849\files\cortexos\6308fa79920b__symbolic_translator_purified.py,C:\Users\mydyi\OneDrive\Documents\Desktop\Python_Reasoning_Functions_20260515_173222\functions_by_source\cortexos\6308fa79920b__6308fa79920b__symbolic_translator_purified.functions.py,38,ast,63908
cortexos,F:\From removable drive\cortexos_organized\archive\test_agharmonic_compliance_full.py,C:\Users\mydyi\OneDrive\Documents\Desktop\Python_Reasoning_Engines_20260515_172849\files\cortexos\bfe35c04c9ea__test_agharmonic_compliance_full.py,C:\Users\mydyi\OneDrive\Documents\Desktop\Python_Reasoning_Functions_20260515_173222\functions_by_source\cortexos\bfe35c04c9ea__bfe35c04c9ea__test_agharmonic_compliance_full.functions.py,20,ast,42334
cortexos,F:\From removable drive\cortexos_organized\archive\test_agharmonic_compliance_updated.py,C:\Users\mydyi\OneDrive\Documents\Desktop\Python_Reasoning_Engines_20260515_172849\files\cortexos\8242d880f8de__test_agharmonic_compliance_updated.py,C:\Users\mydyi\OneDrive\Documents\Desktop\Python_Reasoning_Functions_20260515_173222\functions_by_source\cortexos\8242d880f8de__8242d880f8de__test_agharmonic_compliance_updated.functions.py,17,ast,22563
cortexos,F:\From removable drive\cortexos_organized\core_modules\chord_resonator.py,C:\Users\mydyi\OneDrive\Documents\Desktop\Python_Reasoning_Engines_20260515_172849\files\cortexos\14f0dff6015f__chord_resonator.py,C:\Users\mydyi\OneDrive\Documents\Desktop\Python_Reasoning_Functions_20260515_173222\functions_by_source\cortexos\14f0dff6015f__14f0dff6015f__chord_resonator.functions.py,13,ast,17964
cortexos,F:\From removable drive\cortexos_organized\core_modules\context_engine.py,C:\Users\mydyi\OneDrive\Documents\Desktop\Python_Reasoning_Engines_20260515_172849\files\cortexos\39b10b6e16c5__context_engine.py,C:\Users\mydyi\OneDrive\Documents\Desktop\Python_Reasoning_Functions_20260515_173222\functions_by_source\cortexos\39b10b6e16c5__39b10b6e16c5__context_engine.functions.py,24,ast,30711
cortexos,F:\From removable drive\cortexos_organized\core_modules\cortex_cube_nvme.py,C:\Users\mydyi\OneDrive\Documents\Desktop\Python_Reasoning_Engines_20260515_172849\files\cortexos\15fe1e3b7571__cortex_cube_nvme.py,C:\Users\mydyi\OneDrive\Documents\Desktop\Python_Reasoning_Functions_20260515_173222\functions_by_source\cortexos\15fe1e3b7571__15fe1e3b7571__cortex_cube_nvme.functions.py,34,ast,31532
cortexos,F:\From removable drive\cortexos_organized\core_modules\cortex_inspector.py,C:\Users\mydyi\OneDrive\Documents\Desktop\Python_Reasoning_Engines_20260515_172849\files\cortexos\1f9d7e11959b__cortex_inspector.py,C:\Users\mydyi\OneDrive\Documents\Desktop\Python_Reasoning_Functions_20260515_173222\functions_by_source\cortexos\1f9d7e11959b__1f9d7e11959b__cortex_inspector.functions.py,26,ast,32853
cortexos,F:\From removable drive\cortexos_organized\core_modules\cortex_vectorizer.py,C:\Users\mydyi\OneDrive\Documents\Desktop\Python_Reasoning_Engines_20260515_172849\files\cortexos\27094bbc93d7__cortex_vectorizer.py,C:\Users\mydyi\OneDrive\Documents\Desktop\Python_Reasoning_Functions_20260515_173222\functions_by_source\cortexos\27094bbc93d7__27094bbc93d7__cortex_vectorizer.functions.py,21,ast,39096
cortexos,F:\From removable drive\cortexos_organized\core_modules\data_ingestor.py,C:\Users\mydyi\OneDrive\Documents\Desktop\Python_Reasoning_Engines_20260515_172849\files\cortexos\35928af0c60a__data_ingestor.py,C:\Users\mydyi\OneDrive\Documents\Desktop\Python_Reasoning_Functions_20260515_173222\functions_by_source\cortexos\35928af0c60a__35928af0c60a__data_ingestor.functions.py,18,ast,31407
cortexos,F:\From removable drive\cortexos_organized\core_modules\execution_monitor.py,C:\Users\mydyi\OneDrive\Documents\Desktop\Python_Reasoning_Engines_20260515_172849\files\cortexos\267e52c92f51__execution_monitor.py,C:\Users\mydyi\OneDrive\Documents\Desktop\Python_Reasoning_Functions_20260515_173222\functions_by_source\cortexos\267e52c92f51__267e52c92f51__execution_monitor.functions.py,13,fallback,15162
cortexos,F:\From removable drive\cortexos_organized\core_modules\global_sync_manager.py,C:\Users\mydyi\OneDrive\Documents\Desktop\Python_Reasoning_Engines_20260515_172849\files\cortexos\700a11189dff__global_sync_manager.py,C:\Users\mydyi\OneDrive\Documents\Desktop\Python_Reasoning_Functions_20260515_173222\functions_by_source\cortexos\700a11189dff__700a11189dff__global_sync_manager.functions.py,15,ast,14925
cortexos,F:\From removable drive\cortexos_organized\core_modules\knowledge_reinforcer.py,C:\Users\mydyi\OneDrive\Documents\Desktop\Python_Reasoning_Engines_20260515_172849\files\cortexos\c0fbc283f01f__knowledge_reinforcer.py,C:\Users\mydyi\OneDrive\Documents\Desktop\Python_Reasoning_Functions_20260515_173222\functions_by_source\cortexos\c0fbc283f01f__c0fbc283f01f__knowledge_reinforcer.functions.py,22,ast,42471
cortexos,F:\From removable drive\cortexos_organized\core_modules\lexicon_seeder.py,C:\Users\mydyi\OneDrive\Documents\Desktop\Python_Reasoning_Engines_20260515_172849\files\cortexos\721d00df64a7__lexicon_seeder.py,C:\Users\mydyi\OneDrive\Documents\Desktop\Python_Reasoning_Functions_20260515_173222\functions_by_source\cortexos\721d00df64a7__721d00df64a7__lexicon_seeder.functions.py,18,ast,28307
cortexos,F:\From removable drive\cortexos_organized\core_modules\memory_inserter.py,C:\Users\mydyi\OneDrive\Documents\Desktop\Python_Reasoning_Engines_20260515_172849\files\cortexos\6cb6a4e410fd__memory_inserter.py,C:\Users\mydyi\OneDrive\Documents\Desktop\Python_Reasoning_Functions_20260515_173222\functions_by_source\cortexos\6cb6a4e410fd__6cb6a4e410fd__memory_inserter.functions.py,12,ast,29383
cortexos,F:\From removable drive\cortexos_organized\core_modules\mirror_reflector.py,C:\Users\mydyi\OneDrive\Documents\Desktop\Python_Reasoning_Engines_20260515_172849\files\cortexos\7f23ca187299__mirror_reflector.py,C:\Users\mydyi\OneDrive\Documents\Desktop\Python_Reasoning_Functions_20260515_173222\functions_by_source\cortexos\7f23ca187299__7f23ca187299__mirror_reflector.functions.py,32,ast,55089
cortexos,F:\From removable drive\cortexos_organized\core_modules\mood_controller.py,C:\Users\mydyi\OneDrive\Documents\Desktop\Python_Reasoning_Engines_20260515_172849\files\cortexos\0e0b09f98e57__mood_controller.py,C:\Users\mydyi\OneDrive\Documents\Desktop\Python_Reasoning_Functions_20260515_173222\functions_by_source\cortexos\0e0b09f98e57__0e0b09f98e57__mood_controller.functions.py,10,ast,13265
cortexos,F:\From removable drive\cortexos_organized\core_modules\neural_fabric.py,C:\Users\mydyi\OneDrive\Documents\Desktop\Python_Reasoning_Engines_20260515_172849\files\cortexos\79f97a732ec5__neural_fabric.py,C:\Users\mydyi\OneDrive\Documents\Desktop\Python_Reasoning_Functions_20260515_173222\functions_by_source\cortexos\79f97a732ec5__79f97a732ec5__neural_fabric.functions.py,14,ast,15110
cortexos,F:\From removable drive\cortexos_organized\core_modules\neural_gatekeeper.py,C:\Users\mydyi\OneDrive\Documents\Desktop\Python_Reasoning_Engines_20260515_172849\files\cortexos\52757d2c3f90__neural_gatekeeper.py,C:\Users\mydyi\OneDrive\Documents\Desktop\Python_Reasoning_Functions_20260515_173222\functions_by_source\cortexos\52757d2c3f90__52757d2c3f90__neural_gatekeeper.functions.py,25,ast,40917
cortexos,F:\From removable drive\cortexos_organized\core_modules\neuroengine.py,C:\Users\mydyi\OneDrive\Documents\Desktop\Python_Reasoning_Engines_20260515_172849\files\cortexos\ff76011f7de8__neuroengine.py,C:\Users\mydyi\OneDrive\Documents\Desktop\Python_Reasoning_Functions_20260515_173222\functions_by_source\cortexos\ff76011f7de8__ff76011f7de8__neuroengine.functions.py,13,ast,14826
cortexos,F:\From removable drive\cortexos_organized\core_modules\neuromodulation.py,C:\Users\mydyi\OneDrive\Documents\Desktop\Python_Reasoning_Engines_20260515_172849\files\cortexos\f3df0b903bed__neuromodulation.py,C:\Users\mydyi\OneDrive\Documents\Desktop\Python_Reasoning_Functions_20260515_173222\functions_by_source\cortexos\f3df0b903bed__f3df0b903bed__neuromodulation.functions.py,3,ast,4020
cortexos,F:\From removable drive\cortexos_organized\core_modules\phase_harmonics.py,C:\Users\mydyi\OneDrive\Documents\Desktop\Python_Reasoning_Engines_20260515_172849\files\cortexos\0817e5a8c540__phase_harmonics.py,C:\Users\mydyi\OneDrive\Documents\Desktop\Python_Reasoning_Functions_20260515_173222\functions_by_source\cortexos\0817e5a8c540__0817e5a8c540__phase_harmonics.functions.py,21,ast,28697
cortexos,F:\From removable drive\cortexos_organized\core_modules\resonance_field.py,C:\Users\mydyi\OneDrive\Documents\Desktop\Python_Reasoning_Engines_20260515_172849\files\cortexos\68621cf30107__resonance_field.py,C:\Users\mydyi\OneDrive\Documents\Desktop\Python_Reasoning_Functions_20260515_173222\functions_by_source\cortexos\68621cf30107__68621cf30107__resonance_field.functions.py,7,ast,2132
cortexos,F:\From removable drive\cortexos_organized\core_modules\resonance_monitor.py,C:\Users\mydyi\OneDrive\Documents\Desktop\Python_Reasoning_Engines_20260515_172849\files\cortexos\437d6c133c2d__resonance_monitor.py,C:\Users\mydyi\OneDrive\Documents\Desktop\Python_Reasoning_Functions_20260515_173222\functions_by_source\cortexos\437d6c133c2d__437d6c133c2d__resonance_monitor.functions.py,15,ast,13608
cortexos,F:\From removable drive\cortexos_organized\core_modules\resonance_reinforcer.py,C:\Users\mydyi\OneDrive\Documents\Desktop\Python_Reasoning_Engines_20260515_172849\files\cortexos\aea3a9abe9c2__resonance_reinforcer.py,C:\Users\mydyi\OneDrive\Documents\Desktop\Python_Reasoning_Functions_20260515_173222\functions_by_source\cortexos\aea3a9abe9c2__aea3a9abe9c2__resonance_reinforcer.functions.py,20,ast,32805
cortexos,F:\From removable drive\cortexos_organized\core_modules\self_repair.py,C:\Users\mydyi\OneDrive\Documents\Desktop\Python_Reasoning_Engines_20260515_172849\files\cortexos\c94d63044d9f__self_repair.py,C:\Users\mydyi\OneDrive\Documents\Desktop\Python_Reasoning_Functions_20260515_173222\functions_by_source\cortexos\c94d63044d9f__c94d63044d9f__self_repair.functions.py,41,ast,49436
cortexos,F:\From removable drive\cortexos_organized\core_modules\swarm_resonance.py,C:\Users\mydyi\OneDrive\Documents\Desktop\Python_Reasoning_Engines_20260515_172849\files\cortexos\9f84ed291c4f__swarm_resonance.py,C:\Users\mydyi\OneDrive\Documents\Desktop\Python_Reasoning_Functions_20260515_173222\functions_by_source\cortexos\9f84ed291c4f__9f84ed291c4f__swarm_resonance.functions.py,2,ast,3368
cortexos,F:\From removable drive\cortexos_organized\core_modules\symbolic_translator.py,C:\Users\mydyi\OneDrive\Documents\Desktop\Python_Reasoning_Engines_20260515_172849\files\cortexos\bf2a7aa7e42f__symbolic_translator.py,C:\Users\mydyi\OneDrive\Documents\Desktop\Python_Reasoning_Functions_20260515_173222\functions_by_source\cortexos\bf2a7aa7e42f__bf2a7aa7e42f__symbolic_translator.functions.py,12,fallback,15136
cortexos,F:\From removable drive\cortexos_organized\core_modules\temporal_coherence.py,C:\Users\mydyi\OneDrive\Documents\Desktop\Python_Reasoning_Engines_20260515_172849\files\cortexos\ae280b867866__temporal_coherence.py,C:\Users\mydyi\OneDrive\Documents\Desktop\Python_Reasoning_Functions_20260515_173222\functions_by_source\cortexos\ae280b867866__ae280b867866__temporal_coherence.functions.py,15,ast,12881
cortexos,F:\From removable drive\cortexos_organized\core_modules\topk_sparse_resonance.py,C:\Users\mydyi\OneDrive\Documents\Desktop\Python_Reasoning_Engines_20260515_172849\files\cortexos\27ef6d1d1bb5__topk_sparse_resonance.py,C:\Users\mydyi\OneDrive\Documents\Desktop\Python_Reasoning_Functions_20260515_173222\functions_by_source\cortexos\27ef6d1d1bb5__27ef6d1d1bb5__topk_sparse_resonance.functions.py,24,ast,28370
cortexos,F:\From removable drive\cortexos_organized\core_modules\trust_filter.py,C:\Users\mydyi\OneDrive\Documents\Desktop\Python_Reasoning_Engines_20260515_172849\files\cortexos\049d01a29e0c__trust_filter.py,C:\Users\mydyi\OneDrive\Documents\Desktop\Python_Reasoning_Functions_20260515_173222\functions_by_source\cortexos\049d01a29e0c__049d01a29e0c__trust_filter.functions.py,24,ast,32443
cortexos,F:\From removable drive\cortexos_organized\kernel\Cortexos Neurogrid V17.py,C:\Users\mydyi\OneDrive\Documents\Desktop\Python_Reasoning_Engines_20260515_172849\files\cortexos\05016d574283__Cortexos Neurogrid V17.py,C:\Users\mydyi\OneDrive\Documents\Desktop\Python_Reasoning_Functions_20260515_173222\functions_by_source\cortexos\05016d574283__05016d574283__Cortexos Neurogrid V17.functions.py,13,ast,4150
cortexos,F:\From removable drive\cortexos_organized\kernel\Cortexos Neurogrid V18.py,C:\Users\mydyi\OneDrive\Documents\Desktop\Python_Reasoning_Engines_20260515_172849\files\cortexos\ad94444ae381__Cortexos Neurogrid V18.py,C:\Users\mydyi\OneDrive\Documents\Desktop\Python_Reasoning_Functions_20260515_173222\functions_by_source\cortexos\ad94444ae381__ad94444ae381__Cortexos Neurogrid V18.functions.py,6,ast,2883
cortexos,F:\From removable drive\cortexos_organized\kernel\Cortexos Neurogrid V24.py,C:\Users\mydyi\OneDrive\Documents\Desktop\Python_Reasoning_Engines_20260515_172849\files\cortexos\41fda0a59212__Cortexos Neurogrid V24.py,C:\Users\mydyi\OneDrive\Documents\Desktop\Python_Reasoning_Functions_20260515_173222\functions_by_source\cortexos\41fda0a59212__41fda0a59212__Cortexos Neurogrid V24.functions.py,8,ast,2914
cortexos,F:\From removable drive\cortexos_organized\kernel\CortexOS Neurogrid V26_Physical Drive Binder Scaffold.py,C:\Users\mydyi\OneDrive\Documents\Desktop\Python_Reasoning_Engines_20260515_172849\files\cortexos\ff343b90d474__CortexOS Neurogrid V26_Physical Drive Binder Scaffold.py,C:\Users\mydyi\OneDrive\Documents\Desktop\Python_Reasoning_Functions_20260515_173222\functions_by_source\cortexos\ff343b90d474__ff343b90d474__CortexOS Neurogrid V26_Physical Drive Binder Scaffold.functions.py,9,ast,3155
cortexos,F:\From removable drive\cortexos_organized\kernel\Cortexos Neurogrid V27_Direct Device Binder.py,C:\Users\mydyi\OneDrive\Documents\Desktop\Python_Reasoning_Engines_20260515_172849\files\cortexos\4e71b991953e__Cortexos Neurogrid V27_Direct Device Binder.py,C:\Users\mydyi\OneDrive\Documents\Desktop\Python_Reasoning_Functions_20260515_173222\functions_by_source\cortexos\4e71b991953e__4e71b991953e__Cortexos Neurogrid V27_Direct Device Binder.functions.py,3,ast,1802
cortexos,F:\From removable drive\cortexos_organized\kernel\Cortexos Nvme Binder V9.py,C:\Users\mydyi\OneDrive\Documents\Desktop\Python_Reasoning_Engines_20260515_172849\files\cortexos\a1c6804afdb0__Cortexos Nvme Binder V9.py,C:\Users\mydyi\OneDrive\Documents\Desktop\Python_Reasoning_Functions_20260515_173222\functions_by_source\cortexos\a1c6804afdb0__a1c6804afdb0__Cortexos Nvme Binder V9.functions.py,12,ast,4075
cortexos,F:\From removable drive\cortexos_organized\kernel\Cortexos Nvme Bridge V11.py,C:\Users\mydyi\OneDrive\Documents\Desktop\Python_Reasoning_Engines_20260515_172849\files\cortexos\1f932c6ebde3__Cortexos Nvme Bridge V11.py,C:\Users\mydyi\OneDrive\Documents\Desktop\Python_Reasoning_Functions_20260515_173222\functions_by_source\cortexos\1f932c6ebde3__1f932c6ebde3__Cortexos Nvme Bridge V11.functions.py,14,ast,4405
cortexos,F:\From removable drive\cortexos_organized\kernel\Cortexos V14 Recovery.py,C:\Users\mydyi\OneDrive\Documents\Desktop\Python_Reasoning_Engines_20260515_172849\files\cortexos\f25184a5002e__Cortexos V14 Recovery.py,C:\Users\mydyi\OneDrive\Documents\Desktop\Python_Reasoning_Functions_20260515_173222\functions_by_source\cortexos\f25184a5002e__f25184a5002e__Cortexos V14 Recovery.functions.py,11,ast,4047
cortexos,F:\From removable drive\cortexos_organized\kernel\Cortexos V15 Pulse.py,C:\Users\mydyi\OneDrive\Documents\Desktop\Python_Reasoning_Engines_20260515_172849\files\cortexos\9149b6de8eff__Cortexos V15 Pulse.py,C:\Users\mydyi\OneDrive\Documents\Desktop\Python_Reasoning_Functions_20260515_173222\functions_by_source\cortexos\9149b6de8eff__9149b6de8eff__Cortexos V15 Pulse.functions.py,17,ast,5382
cortexos,F:\From removable drive\cortexos_organized\kernel\Cortexos V25 Prototype.py,C:\Users\mydyi\OneDrive\Documents\Desktop\Python_Reasoning_Engines_20260515_172849\files\cortexos\bb1cccd68206__Cortexos V25 Prototype.py,C:\Users\mydyi\OneDrive\Documents\Desktop\Python_Reasoning_Functions_20260515_173222\functions_by_source\cortexos\bb1cccd68206__bb1cccd68206__Cortexos V25 Prototype.functions.py,7,ast,2762
cortexos,F:\From removable drive\cortexos_organized\kernel\Cortexos V29 Raw Probe.py,C:\Users\mydyi\OneDrive\Documents\Desktop\Python_Reasoning_Engines_20260515_172849\files\cortexos\9189f9fdf92b__Cortexos V29 Raw Probe.py,C:\Users\mydyi\OneDrive\Documents\Desktop\Python_Reasoning_Functions_20260515_173222\functions_by_source\cortexos\9189f9fdf92b__9189f9fdf92b__Cortexos V29 Raw Probe.functions.py,5,ast,1960
cortexos,F:\From removable drive\cortexos_organized\kernel\Cortexos V30 Sector Binder.py,C:\Users\mydyi\OneDrive\Documents\Desktop\Python_Reasoning_Engines_20260515_172849\files\cortexos\602ddef06585__Cortexos V30 Sector Binder.py,C:\Users\mydyi\OneDrive\Documents\Desktop\Python_Reasoning_Functions_20260515_173222\functions_by_source\cortexos\602ddef06585__602ddef06585__Cortexos V30 Sector Binder.functions.py,7,ast,2917
cortexos,F:\From removable drive\cortexos_organized\kernel\Cortexos V31 Resonance Init.py,C:\Users\mydyi\OneDrive\Documents\Desktop\Python_Reasoning_Engines_20260515_172849\files\cortexos\c013b5096044__Cortexos V31 Resonance Init.py,C:\Users\mydyi\OneDrive\Documents\Desktop\Python_Reasoning_Functions_20260515_173222\functions_by_source\cortexos\c013b5096044__c013b5096044__Cortexos V31 Resonance Init.functions.py,9,ast,2402
cortexos,F:\From removable drive\cortexos_organized\kernel\Cortexos V32 Contract Loader.py,C:\Users\mydyi\OneDrive\Documents\Desktop\Python_Reasoning_Engines_20260515_172849\files\cortexos\3c0eb22726bd__Cortexos V32 Contract Loader.py,C:\Users\mydyi\OneDrive\Documents\Desktop\Python_Reasoning_Functions_20260515_173222\functions_by_source\cortexos\3c0eb22726bd__3c0eb22726bd__Cortexos V32 Contract Loader.functions.py,9,ast,3079
cortexos,F:\From removable drive\cortexos_organized\kernel\Cortexos V33 Validator.py,C:\Users\mydyi\OneDrive\Documents\Desktop\Python_Reasoning_Engines_20260515_172849\files\cortexos\687d0578d1d2__Cortexos V33 Validator.py,C:\Users\mydyi\OneDrive\Documents\Desktop\Python_Reasoning_Functions_20260515_173222\functions_by_source\cortexos\687d0578d1d2__687d0578d1d2__Cortexos V33 Validator.functions.py,6,ast,2141
cortexos,F:\From removable drive\cortexos_organized\kernel\CortexOS V34 Resonance Contract Loader.py,C:\Users\mydyi\OneDrive\Documents\Desktop\Python_Reasoning_Engines_20260515_172849\files\cortexos\aa12024fa999__CortexOS V34 Resonance Contract Loader.py,C:\Users\mydyi\OneDrive\Documents\Desktop\Python_Reasoning_Functions_20260515_173222\functions_by_source\cortexos\aa12024fa999__aa12024fa999__CortexOS V34 Resonance Contract Loader.functions.py,9,ast,2997
cortexos,F:\From removable drive\cortexos_organized\kernel\Cortexos Zone Allocation V21.py,C:\Users\mydyi\OneDrive\Documents\Desktop\Python_Reasoning_Engines_20260515_172849\files\cortexos\6eb5f3c81414__Cortexos Zone Allocation V21.py,C:\Users\mydyi\OneDrive\Documents\Desktop\Python_Reasoning_Functions_20260515_173222\functions_by_source\cortexos\6eb5f3c81414__6eb5f3c81414__Cortexos Zone Allocation V21.functions.py,7,ast,3923
cortexos,F:\From removable drive\cortexos_organized\kernel\Cortexos_Neurogrid_V19_PredictiveExpansion.py,C:\Users\mydyi\OneDrive\Documents\Desktop\Python_Reasoning_Engines_20260515_172849\files\cortexos\f774dede9ac0__Cortexos_Neurogrid_V19_PredictiveExpansion.py,C:\Users\mydyi\OneDrive\Documents\Desktop\Python_Reasoning_Functions_20260515_173222\functions_by_source\cortexos\f774dede9ac0__f774dede9ac0__Cortexos_Neurogrid_V19_PredictiveExpansion.functions.py,7,ast,3265
cortexos,F:\From removable drive\cortexos_organized\kernel\Cortexos_Neurogrid_V20_ChuteController.py,C:\Users\mydyi\OneDrive\Documents\Desktop\Python_Reasoning_Engines_20260515_172849\files\cortexos\9ff915f94ca6__Cortexos_Neurogrid_V20_ChuteController.py,C:\Users\mydyi\OneDrive\Documents\Desktop\Python_Reasoning_Functions_20260515_173222\functions_by_source\cortexos\9ff915f94ca6__9ff915f94ca6__Cortexos_Neurogrid_V20_ChuteController.functions.py,9,ast,4478
cortexos,F:\From removable drive\cortexos_organized\kernel\Cortexos_Neurogrid_V23_IO_Bridge_Stabilizer.py,C:\Users\mydyi\OneDrive\Documents\Desktop\Python_Reasoning_Engines_20260515_172849\files\cortexos\9ddc8b35249c__Cortexos_Neurogrid_V23_IO_Bridge_Stabilizer.py,C:\Users\mydyi\OneDrive\Documents\Desktop\Python_Reasoning_Functions_20260515_173222\functions_by_source\cortexos\9ddc8b35249c__9ddc8b35249c__Cortexos_Neurogrid_V23_IO_Bridge_Stabilizer.functions.py,9,ast,3822
cortexos,F:\From removable drive\cortexos_organized\kernel\Cortexos_Resonance_IO_Bridge_V12.py,C:\Users\mydyi\OneDrive\Documents\Desktop\Python_Reasoning_Engines_20260515_172849\files\cortexos\854bee8b753c__Cortexos_Resonance_IO_Bridge_V12.py,C:\Users\mydyi\OneDrive\Documents\Desktop\Python_Reasoning_Functions_20260515_173222\functions_by_source\cortexos\854bee8b753c__854bee8b753c__Cortexos_Resonance_IO_Bridge_V12.functions.py,17,ast,5395
cortexos,F:\From removable drive\cortexos_organized\kernel\Cortexos_Resonance_Kernel_V13_SafeMode.py,C:\Users\mydyi\OneDrive\Documents\Desktop\Python_Reasoning_Engines_20260515_172849\files\cortexos\15d8bea22b81__Cortexos_Resonance_Kernel_V13_SafeMode.py,C:\Users\mydyi\OneDrive\Documents\Desktop\Python_Reasoning_Functions_20260515_173222\functions_by_source\cortexos\15d8bea22b81__15d8bea22b81__Cortexos_Resonance_Kernel_V13_SafeMode.functions.py,15,ast,4757
cortexos,F:\From removable drive\cortexos_organized\kernel\Cortexos_Transactional_Multi_Neuron_Engine_V16.py,C:\Users\mydyi\OneDrive\Documents\Desktop\Python_Reasoning_Engines_20260515_172849\files\cortexos\f037253cb224__Cortexos_Transactional_Multi_Neuron_Engine_V16.py,C:\Users\mydyi\OneDrive\Documents\Desktop\Python_Reasoning_Functions_20260515_173222\functions_by_source\cortexos\f037253cb224__f037253cb224__Cortexos_Transactional_Multi_Neuron_Engine_V16.functions.py,12,ast,3788
cortexos,F:\From removable drive\cortexos_organized\kernel\Cortexos_V22 LoadBalanced Sector Migration Kernel.py,C:\Users\mydyi\OneDrive\Documents\Desktop\Python_Reasoning_Engines_20260515_172849\files\cortexos\60fd54699ce5__Cortexos_V22 LoadBalanced Sector Migration Kernel.py,C:\Users\mydyi\OneDrive\Documents\Desktop\Python_Reasoning_Functions_20260515_173222\functions_by_source\cortexos\60fd54699ce5__60fd54699ce5__Cortexos_V22 LoadBalanced Sector Migration Kernel.functions.py,9,ast,5230
cortexos,F:\From removable drive\cortexos_organized\kernel\CortexOS_V28_PhysicalDriveBinder.py,C:\Users\mydyi\OneDrive\Documents\Desktop\Python_Reasoning_Engines_20260515_172849\files\cortexos\0950ae8d13f4__CortexOS_V28_PhysicalDriveBinder.py,C:\Users\mydyi\OneDrive\Documents\Desktop\Python_Reasoning_Functions_20260515_173222\functions_by_source\cortexos\0950ae8d13f4__0950ae8d13f4__CortexOS_V28_PhysicalDriveBinder.functions.py,6,ast,2768
cortexos,F:\From removable drive\cortexos_organized\kernel\V29 3  Direct Sector Reader Prototype.py,C:\Users\mydyi\OneDrive\Documents\Desktop\Python_Reasoning_Engines_20260515_172849\files\cortexos\ee607df649b8__V29 3  Direct Sector Reader Prototype.py,C:\Users\mydyi\OneDrive\Documents\Desktop\Python_Reasoning_Functions_20260515_173222\functions_by_source\cortexos\ee607df649b8__ee607df649b8__V29 3  Direct Sector Reader Prototype.functions.py,4,ast,1916
cortexos,F:\From removable drive\cortexos_organized\orchestrators\cortex_orchestrator_v2.py,C:\Users\mydyi\OneDrive\Documents\Desktop\Python_Reasoning_Engines_20260515_172849\files\cortexos\32f689ad1659__cortex_orchestrator_v2.py,C:\Users\mydyi\OneDrive\Documents\Desktop\Python_Reasoning_Functions_20260515_173222\functions_by_source\cortexos\32f689ad1659__32f689ad1659__cortex_orchestrator_v2.functions.py,2,ast,2493
cortexos,F:\From removable drive\cortexos_organized\orchestrators\CORTEX_ORCHESTRATOR_V3.py,C:\Users\mydyi\OneDrive\Documents\Desktop\Python_Reasoning_Engines_20260515_172849\files\cortexos\9beae11d94db__CORTEX_ORCHESTRATOR_V3.py,C:\Users\mydyi\OneDrive\Documents\Desktop\Python_Reasoning_Functions_20260515_173222\functions_by_source\cortexos\9beae11d94db__9beae11d94db__CORTEX_ORCHESTRATOR_V3.functions.py,3,ast,4267
cortexos,F:\From removable drive\cortexos_organized\orchestrators\cortexos_contract_enforcer_v6 UTILITY.py,C:\Users\mydyi\OneDrive\Documents\Desktop\Python_Reasoning_Engines_20260515_172849\files\cortexos\9e5bebf442d1__cortexos_contract_enforcer_v6 UTILITY.py,C:\Users\mydyi\OneDrive\Documents\Desktop\Python_Reasoning_Functions_20260515_173222\functions_by_source\cortexos\9e5bebf442d1__9e5bebf442d1__cortexos_contract_enforcer_v6 UTILITY.functions.py,5,ast,3106
cortexos,F:\From removable drive\cortexos_organized\orchestrators\CORTEXOS_CONTRACT_ENFORCER_V7_EXECUTION.py,C:\Users\mydyi\OneDrive\Documents\Desktop\Python_Reasoning_Engines_20260515_172849\files\cortexos\df17b2bbd6b3__CORTEXOS_CONTRACT_ENFORCER_V7_EXECUTION.py,C:\Users\mydyi\OneDrive\Documents\Desktop\Python_Reasoning_Functions_20260515_173222\functions_by_source\cortexos\df17b2bbd6b3__df17b2bbd6b3__CORTEXOS_CONTRACT_ENFORCER_V7_EXECUTION.functions.py,2,ast,2365
cortexos,F:\From removable drive\cortexos_organized\orchestrators\CORTEXOS_DYNAMIC_RESONANCE_LOADER_V8.py,C:\Users\mydyi\OneDrive\Documents\Desktop\Python_Reasoning_Engines_20260515_172849\files\cortexos\74a85d3a7ee9__CORTEXOS_DYNAMIC_RESONANCE_LOADER_V8.py,C:\Users\mydyi\OneDrive\Documents\Desktop\Python_Reasoning_Functions_20260515_173222\functions_by_source\cortexos\74a85d3a7ee9__74a85d3a7ee9__CORTEXOS_DYNAMIC_RESONANCE_LOADER_V8.functions.py,5,ast,2543
cortexos,F:\From removable drive\cortexos_organized\orchestrators\V4 Contract Enforcement Orchestrator Build UTILITY.py,C:\Users\mydyi\OneDrive\Documents\Desktop\Python_Reasoning_Engines_20260515_172849\files\cortexos\9e7ec7bdb616__V4 Contract Enforcement Orchestrator Build UTILITY.py,C:\Users\mydyi\OneDrive\Documents\Desktop\Python_Reasoning_Functions_20260515_173222\functions_by_source\cortexos\9e7ec7bdb616__9e7ec7bdb616__V4 Contract Enforcement Orchestrator Build UTILITY.functions.py,4,ast,2245
cortexos,F:\From removable drive\cortexos_organized\orchestrators\V5 Contract Enforcer Orchestrator.py,C:\Users\mydyi\OneDrive\Documents\Desktop\Python_Reasoning_Engines_20260515_172849\files\cortexos\09d398b9d261__V5 Contract Enforcer Orchestrator.py,C:\Users\mydyi\OneDrive\Documents\Desktop\Python_Reasoning_Functions_20260515_173222\functions_by_source\cortexos\09d398b9d261__09d398b9d261__V5 Contract Enforcer Orchestrator.functions.py,1,ast,1611
cortexos,F:\From removable drive\Desktop\Symbolis Mainport\AI SYMBOLIS WORK\scripts\Cortex Evolved Lexicon Builder.py,C:\Users\mydyi\OneDrive\Documents\Desktop\Python_Reasoning_Engines_20260515_172849\files\cortexos\716b79565e6c__Cortex Evolved Lexicon Builder.py,C:\Users\mydyi\OneDrive\Documents\Desktop\Python_Reasoning_Functions_20260515_173222\functions_by_source\cortexos\716b79565e6c__716b79565e6c__Cortex Evolved Lexicon Builder.functions.py,2,ast,3013
cortexos,F:\From removable drive\Desktop\Symbolis Mainport\AI SYMBOLIS WORK\scripts\Cortex Evolved Lexicon NLP.py,C:\Users\mydyi\OneDrive\Documents\Desktop\Python_Reasoning_Engines_20260515_172849\files\cortexos\ee274926992f__Cortex Evolved Lexicon NLP.py,C:\Users\mydyi\OneDrive\Documents\Desktop\Python_Reasoning_Functions_20260515_173222\functions_by_source\cortexos\ee274926992f__ee274926992f__Cortex Evolved Lexicon NLP.functions.py,7,ast,5036
cortexos,F:\From removable drive\Desktop\Symbolis Mainport\CortexBERT\Cortex Bert Analasys.py,C:\Users\mydyi\OneDrive\Documents\Desktop\Python_Reasoning_Engines_20260515_172849\files\cortexos\36b65bbf4d0d__Cortex Bert Analasys.py,C:\Users\mydyi\OneDrive\Documents\Desktop\Python_Reasoning_Functions_20260515_173222\functions_by_source\cortexos\36b65bbf4d0d__36b65bbf4d0d__Cortex Bert Analasys.functions.py,6,ast,2841
cortexos,F:\From removable drive\Desktop\Symbolis Mainport\CortexBERT\cortexbert.py,C:\Users\mydyi\OneDrive\Documents\Desktop\Python_Reasoning_Engines_20260515_172849\files\cortexos\062271915087__cortexbert.py,C:\Users\mydyi\OneDrive\Documents\Desktop\Python_Reasoning_Functions_20260515_173222\functions_by_source\cortexos\062271915087__062271915087__cortexbert.functions.py,2,ast,735
cortexos,F:\From removable drive\Desktop\Symbolis Mainport\CortexBERT\cortexbert_learn_dictionary.py,C:\Users\mydyi\OneDrive\Documents\Desktop\Python_Reasoning_Engines_20260515_172849\files\cortexos\fba51160197e__cortexbert_learn_dictionary.py,C:\Users\mydyi\OneDrive\Documents\Desktop\Python_Reasoning_Functions_20260515_173222\functions_by_source\cortexos\fba51160197e__fba51160197e__cortexbert_learn_dictionary.functions.py,1,ast,612
cortexos,F:\From removable drive\Desktop\Symbolis Mainport\CortexBERT\cortexbert_test.py,C:\Users\mydyi\OneDrive\Documents\Desktop\Python_Reasoning_Engines_20260515_172849\files\cortexos\91b0dcfbeba7__cortexbert_test.py,C:\Users\mydyi\OneDrive\Documents\Desktop\Python_Reasoning_Functions_20260515_173222\functions_by_source\cortexos\91b0dcfbeba7__91b0dcfbeba7__cortexbert_test.functions.py,1,ast,1497
cortexos,F:\From removable drive\Desktop\Symbolis Mainport\CortexBERT\cortexbert_tokenize_store.py,C:\Users\mydyi\OneDrive\Documents\Desktop\Python_Reasoning_Engines_20260515_172849\files\cortexos\041d2ffdc2a2__cortexbert_tokenize_store.py,C:\Users\mydyi\OneDrive\Documents\Desktop\Python_Reasoning_Functions_20260515_173222\functions_by_source\cortexos\041d2ffdc2a2__041d2ffdc2a2__cortexbert_tokenize_store.functions.py,1,ast,1370
cortexos,F:\From removable drive\Desktop\Symbolis Mainport\CortexBERT\Hybrid CortexBERT + DeepSeekR.py,C:\Users\mydyi\OneDrive\Documents\Desktop\Python_Reasoning_Engines_20260515_172849\files\cortexos\4758c57488b3__Hybrid CortexBERT + DeepSeekR.py,C:\Users\mydyi\OneDrive\Documents\Desktop\Python_Reasoning_Functions_20260515_173222\functions_by_source\cortexos\4758c57488b3__4758c57488b3__Hybrid CortexBERT + DeepSeekR.functions.py,1,ast,816
cortexos,F:\From removable drive\Desktop\Symbolis Mainport\CortexBERT\models\cortexbert.py,C:\Users\mydyi\OneDrive\Documents\Desktop\Python_Reasoning_Engines_20260515_172849\files\cortexos\25a6019cd01a__cortexbert.py,C:\Users\mydyi\OneDrive\Documents\Desktop\Python_Reasoning_Functions_20260515_173222\functions_by_source\cortexos\25a6019cd01a__25a6019cd01a__cortexbert.functions.py,1,ast,473
cortexos,F:\From removable drive\Desktop\Symbolis Mainport\CortexBERT\training\Training Script for Cortex BERT.py,C:\Users\mydyi\OneDrive\Documents\Desktop\Python_Reasoning_Engines_20260515_172849\files\cortexos\402568389536__Training Script for Cortex BERT.py,C:\Users\mydyi\OneDrive\Documents\Desktop\Python_Reasoning_Functions_20260515_173222\functions_by_source\cortexos\402568389536__402568389536__Training Script for Cortex BERT.functions.py,2,ast,2381
cortexos,F:\From removable drive\Json Melding training data\Cortex_Profanity_Filter_GUI.py,C:\Users\mydyi\OneDrive\Documents\Desktop\Python_Reasoning_Engines_20260515_172849\files\cortexos\d86872bb6ce8__Cortex_Profanity_Filter_GUI.py,C:\Users\mydyi\OneDrive\Documents\Desktop\Python_Reasoning_Functions_20260515_173222\functions_by_source\cortexos\d86872bb6ce8__d86872bb6ce8__Cortex_Profanity_Filter_GUI.functions.py,8,ast,6201
cortexos,F:\From removable drive\Json Melding training data\Cortex_Profanity_Filter_GUI_Enhanced.py,C:\Users\mydyi\OneDrive\Documents\Desktop\Python_Reasoning_Engines_20260515_172849\files\cortexos\b50a1dd28477__Cortex_Profanity_Filter_GUI_Enhanced.py,C:\Users\mydyi\OneDrive\Documents\Desktop\Python_Reasoning_Functions_20260515_173222\functions_by_source\cortexos\b50a1dd28477__b50a1dd28477__Cortex_Profanity_Filter_GUI_Enhanced.functions.py,8,fallback,8461
cortexos,F:\New folder\CORTEX_ORCHESTRATOR_V3.py,C:\Users\mydyi\OneDrive\Documents\Desktop\Python_Reasoning_Engines_20260515_172849\files\cortexos\2a7acf01ee51__CORTEX_ORCHESTRATOR_V3.py,C:\Users\mydyi\OneDrive\Documents\Desktop\Python_Reasoning_Functions_20260515_173222\functions_by_source\cortexos\2a7acf01ee51__2a7acf01ee51__CORTEX_ORCHESTRATOR_V3.functions.py,3,fallback,4312
cortexos,F:\New folder\cortex_storage.py,C:\Users\mydyi\OneDrive\Documents\Desktop\Python_Reasoning_Engines_20260515_172849\files\cortexos\fcbefa902fc1__cortex_storage.py,C:\Users\mydyi\OneDrive\Documents\Desktop\Python_Reasoning_Functions_20260515_173222\functions_by_source\cortexos\fcbefa902fc1__fcbefa902fc1__cortex_storage.functions.py,4,ast,1926
cortexos,F:\New folder\cortex_vectorizer.py,C:\Users\mydyi\OneDrive\Documents\Desktop\Python_Reasoning_Engines_20260515_172849\files\cortexos\c2a11e8b6564__cortex_vectorizer.py,C:\Users\mydyi\OneDrive\Documents\Desktop\Python_Reasoning_Functions_20260515_173222\functions_by_source\cortexos\c2a11e8b6564__c2a11e8b6564__cortex_vectorizer.functions.py,3,fallback,4880
engine,C:\Users\mydyi\Documents\FOREST_AI_LOCAL\Production Ready Lexicon Builder\lexicon_engine.py,C:\Users\mydyi\OneDrive\Documents\Desktop\Python_Reasoning_Engines_20260515_172849\files\engine\81ab8d0c8949__lexicon_engine.py,C:\Users\mydyi\OneDrive\Documents\Desktop\Python_Reasoning_Functions_20260515_173222\functions_by_source\engine\81ab8d0c8949__81ab8d0c8949__lexicon_engine.functions.py,33,ast,24325
engine,C:\Users\mydyi\Documents\New folder\Production Ready Lexicon Builder\lexicon_engine.py,C:\Users\mydyi\OneDrive\Documents\Desktop\Python_Reasoning_Engines_20260515_172849\files\engine\865e084ca4c8__lexicon_engine.py,C:\Users\mydyi\OneDrive\Documents\Desktop\Python_Reasoning_Functions_20260515_173222\functions_by_source\engine\865e084ca4c8__865e084ca4c8__lexicon_engine.functions.py,33,ast,24320
engine,C:\Users\mydyi\OneDrive\Documents\Desktop\sovereign-data-engine\engine\cascade_engine.py,C:\Users\mydyi\OneDrive\Documents\Desktop\Python_Reasoning_Engines_20260515_172849\files\engine\901c7573d9f3__cascade_engine.py,C:\Users\mydyi\OneDrive\Documents\Desktop\Python_Reasoning_Functions_20260515_173222\functions_by_source\engine\901c7573d9f3__901c7573d9f3__cascade_engine.functions.py,11,ast,10482
engine,F:\Desktop 812025\Desktop Files 7_26_25\6 1 6 lexicon\symbol_engine.py,C:\Users\mydyi\OneDrive\Documents\Desktop\Python_Reasoning_Engines_20260515_172849\files\engine\eae45c35d554__symbol_engine.py,C:\Users\mydyi\OneDrive\Documents\Desktop\Python_Reasoning_Functions_20260515_173222\functions_by_source\engine\eae45c35d554__eae45c35d554__symbol_engine.functions.py,26,ast,14973
engine,F:\Desktop 812025\Desktop Files 7_26_25\6 1 6 lexicon\truth_engine.py,C:\Users\mydyi\OneDrive\Documents\Desktop\Python_Reasoning_Engines_20260515_172849\files\engine\92230c59f0cd__truth_engine.py,C:\Users\mydyi\OneDrive\Documents\Desktop\Python_Reasoning_Functions_20260515_173222\functions_by_source\engine\92230c59f0cd__92230c59f0cd__truth_engine.functions.py,18,ast,17672
engine,F:\Desktop 812025\Desktop Files 7_26_25\symbol_engine.py,C:\Users\mydyi\OneDrive\Documents\Desktop\Python_Reasoning_Engines_20260515_172849\files\engine\ec328e603695__symbol_engine.py,C:\Users\mydyi\OneDrive\Documents\Desktop\Python_Reasoning_Functions_20260515_173222\functions_by_source\engine\ec328e603695__ec328e603695__symbol_engine.functions.py,26,ast,14959
engine,F:\Desktop 812025\Desktop Files 7_26_25\truth_engine.py,C:\Users\mydyi\OneDrive\Documents\Desktop\Python_Reasoning_Engines_20260515_172849\files\engine\eed564100b73__truth_engine.py,C:\Users\mydyi\OneDrive\Documents\Desktop\Python_Reasoning_Functions_20260515_173222\functions_by_source\engine\eed564100b73__eed564100b73__truth_engine.functions.py,18,ast,17658
engine,F:\DESKTOP PYTHON 6_17_25\lexicon_files\lexicon_files\Truth Engine 2.py,C:\Users\mydyi\OneDrive\Documents\Desktop\Python_Reasoning_Engines_20260515_172849\files\engine\6d22e46cf6b7__Truth Engine 2.py,C:\Users\mydyi\OneDrive\Documents\Desktop\Python_Reasoning_Functions_20260515_173222\functions_by_source\engine\6d22e46cf6b7__6d22e46cf6b7__Truth Engine 2.functions.py,2,ast,2761
engine,F:\DESKTOP PYTHON 6_17_25\MANUS CHATS-backup\MAN 15\Kali Ka Cont (No title provided for the link content)\Kali Ka\Truth Engine 2.py,C:\Users\mydyi\OneDrive\Documents\Desktop\Python_Reasoning_Engines_20260515_172849\files\engine\d0ce96b1da57__Truth Engine 2.py,C:\Users\mydyi\OneDrive\Documents\Desktop\Python_Reasoning_Functions_20260515_173222\functions_by_source\engine\d0ce96b1da57__d0ce96b1da57__Truth Engine 2.functions.py,2,ast,2821
engine,F:\DESKTOP PYTHON 6_17_25\MANUS CHATS-backup\MAN 15\Kali Ka Cont (No title provided for the link content)\Kali Ka\truth_engine_integration.py,C:\Users\mydyi\OneDrive\Documents\Desktop\Python_Reasoning_Engines_20260515_172849\files\engine\95ad400047bc__truth_engine_integration.py,C:\Users\mydyi\OneDrive\Documents\Desktop\Python_Reasoning_Functions_20260515_173222\functions_by_source\engine\95ad400047bc__95ad400047bc__truth_engine_integration.functions.py,26,ast,36771
engine,F:\DESKTOP PYTHON 6_17_25\MANUS CHATS-backup\MAN 15\Kali Ka Cont (No title provided for the link content)\Kali Ka\truth_engine_wrapper.py,C:\Users\mydyi\OneDrive\Documents\Desktop\Python_Reasoning_Engines_20260515_172849\files\engine\08c13d4bd187__truth_engine_wrapper.py,C:\Users\mydyi\OneDrive\Documents\Desktop\Python_Reasoning_Functions_20260515_173222\functions_by_source\engine\08c13d4bd187__08c13d4bd187__truth_engine_wrapper.functions.py,6,ast,5300
engine,F:\FOREST AI TRANSFER\forest ai\Production Ready Lexicon Builder\lexicon_engine.py,C:\Users\mydyi\OneDrive\Documents\Desktop\Python_Reasoning_Engines_20260515_172849\files\engine\0f6b06c2fcd5__lexicon_engine.py,C:\Users\mydyi\OneDrive\Documents\Desktop\Python_Reasoning_Functions_20260515_173222\functions_by_source\engine\0f6b06c2fcd5__0f6b06c2fcd5__lexicon_engine.functions.py,33,ast,24316
engine,F:\From removable drive\All_Python_Code_Bundled\AI SYMBOLIS WORK\scripts\symbolis\engine\generate\symbols\AI SYMBOLIS WORK_scripts_symbolis_engine_generate_symbols.py,C:\Users\mydyi\OneDrive\Documents\Desktop\Python_Reasoning_Engines_20260515_172849\files\engine\7a6cf2c21113__AI SYMBOLIS WORK_scripts_symbolis_engine_generate_symbols.py,C:\Users\mydyi\OneDrive\Documents\Desktop\Python_Reasoning_Functions_20260515_173222\functions_by_source\engine\7a6cf2c21113__7a6cf2c21113__AI SYMBOLIS WORK_scripts_symbolis_engine_generate_symbols.functions.py,2,ast,1577
engine,F:\From removable drive\All_Python_Code_Bundled\AI SYMBOLIS WORK\scripts\symbolis\engine\update\symbolis\AI SYMBOLIS WORK_scripts_symbolis_engine_update_symbolis_dict.py,C:\Users\mydyi\OneDrive\Documents\Desktop\Python_Reasoning_Engines_20260515_172849\files\engine\5bef6d57ffa6__AI SYMBOLIS WORK_scripts_symbolis_engine_update_symbolis_dict.py,C:\Users\mydyi\OneDrive\Documents\Desktop\Python_Reasoning_Functions_20260515_173222\functions_by_source\engine\5bef6d57ffa6__5bef6d57ffa6__AI SYMBOLIS WORK_scripts_symbolis_engine_update_symbolis_dict.functions.py,1,ast,649
engine,F:\From removable drive\All_Python_Code_Bundled\Compression Engine\dictionary\import os\Compression Engine_dictionary_import os.py,C:\Users\mydyi\OneDrive\Documents\Desktop\Python_Reasoning_Engines_20260515_172849\files\engine\904990c14f77__Compression Engine_dictionary_import os.py,C:\Users\mydyi\OneDrive\Documents\Desktop\Python_Reasoning_Functions_20260515_173222\functions_by_source\engine\904990c14f77__904990c14f77__Compression Engine_dictionary_import os.functions.py,4,ast,3254
engine,F:\From removable drive\All_Python_Code_Bundled\Compression Engine\import datetime\Compression Engine_import datetime.py,C:\Users\mydyi\OneDrive\Documents\Desktop\Python_Reasoning_Engines_20260515_172849\files\engine\17114ac774ad__Compression Engine_import datetime.py,C:\Users\mydyi\OneDrive\Documents\Desktop\Python_Reasoning_Functions_20260515_173222\functions_by_source\engine\17114ac774ad__17114ac774ad__Compression Engine_import datetime.functions.py,6,ast,2765
engine,F:\From removable drive\All_Python_Code_Bundled\Compression Engine\tokenized\dictionary\json\tone\mapper\Compression Engine_tokenized_dictionary_json_tone_mapper.py,C:\Users\mydyi\OneDrive\Documents\Desktop\Python_Reasoning_Engines_20260515_172849\files\engine\090595f170b6__Compression Engine_tokenized_dictionary_json_tone_mapper.py,C:\Users\mydyi\OneDrive\Documents\Desktop\Python_Reasoning_Functions_20260515_173222\functions_by_source\engine\090595f170b6__090595f170b6__Compression Engine_tokenized_dictionary_json_tone_mapper.functions.py,3,ast,2348
engine,F:\From removable drive\All_Python_Code_Bundled\Compression Engine\tokenized\dictionary\json\tone\mapper1\Compression Engine_tokenized_dictionary_json_tone_mapper1.py,C:\Users\mydyi\OneDrive\Documents\Desktop\Python_Reasoning_Engines_20260515_172849\files\engine\e5c66286b890__Compression Engine_tokenized_dictionary_json_tone_mapper1.py,C:\Users\mydyi\OneDrive\Documents\Desktop\Python_Reasoning_Functions_20260515_173222\functions_by_source\engine\e5c66286b890__e5c66286b890__Compression Engine_tokenized_dictionary_json_tone_mapper1.functions.py,3,ast,2282
engine,F:\From removable drive\All_Python_Code_Bundled\Compression Engine\translate\to\numerical\tokens\Compression Engine_translate_to_numerical_tokens.py,C:\Users\mydyi\OneDrive\Documents\Desktop\Python_Reasoning_Engines_20260515_172849\files\engine\33f4a3be3cc6__Compression Engine_translate_to_numerical_tokens.py,C:\Users\mydyi\OneDrive\Documents\Desktop\Python_Reasoning_Functions_20260515_173222\functions_by_source\engine\33f4a3be3cc6__33f4a3be3cc6__Compression Engine_translate_to_numerical_tokens.functions.py,5,ast,3454
engine,F:\From removable drive\All_Python_Code_Bundled\Compression Engine\TXTCompressor\Compression Engine_TXTCompressor.py,C:\Users\mydyi\OneDrive\Documents\Desktop\Python_Reasoning_Engines_20260515_172849\files\engine\8b43a3192686__Compression Engine_TXTCompressor.py,C:\Users\mydyi\OneDrive\Documents\Desktop\Python_Reasoning_Functions_20260515_173222\functions_by_source\engine\8b43a3192686__8b43a3192686__Compression Engine_TXTCompressor.functions.py,4,ast,2558
engine,F:\From removable drive\All_Python_Code_Bundled\Compression Engine\txtinfo\Compression Engine_txtinfo.py,C:\Users\mydyi\OneDrive\Documents\Desktop\Python_Reasoning_Engines_20260515_172849\files\engine\92fc70fbf8f4__Compression Engine_txtinfo.py,C:\Users\mydyi\OneDrive\Documents\Desktop\Python_Reasoning_Functions_20260515_173222\functions_by_source\engine\92fc70fbf8f4__92fc70fbf8f4__Compression Engine_txtinfo.functions.py,5,ast,2442
engine,F:\From removable drive\All_Python_Code_Bundled\Lexicon\Data\Truth Engine 2\Lexicon_Data_Truth Engine 2.py,C:\Users\mydyi\OneDrive\Documents\Desktop\Python_Reasoning_Engines_20260515_172849\files\engine\589fef15a70d__Lexicon_Data_Truth Engine 2.py,C:\Users\mydyi\OneDrive\Documents\Desktop\Python_Reasoning_Functions_20260515_173222\functions_by_source\engine\589fef15a70d__589fef15a70d__Lexicon_Data_Truth Engine 2.functions.py,2,ast,2809
engine,F:\New folder\cascade_engine.py,C:\Users\mydyi\OneDrive\Documents\Desktop\Python_Reasoning_Engines_20260515_172849\files\engine\67d93199f2d6__cascade_engine.py,C:\Users\mydyi\OneDrive\Documents\Desktop\Python_Reasoning_Functions_20260515_173222\functions_by_source\engine\67d93199f2d6__67d93199f2d6__cascade_engine.functions.py,2,ast,966
engine,F:\New folder\engine.py,C:\Users\mydyi\OneDrive\Documents\Desktop\Python_Reasoning_Engines_20260515_172849\files\engine\86d8797367da__engine.py,C:\Users\mydyi\OneDrive\Documents\Desktop\Python_Reasoning_Functions_20260515_173222\functions_by_source\engine\86d8797367da__86d8797367da__engine.functions.py,7,ast,9165
engine,F:\New folder\smoke_test_ingestion_engine.py,C:\Users\mydyi\OneDrive\Documents\Desktop\Python_Reasoning_Engines_20260515_172849\files\engine\317148eb65bc__smoke_test_ingestion_engine.py,C:\Users\mydyi\OneDrive\Documents\Desktop\Python_Reasoning_Functions_20260515_173222\functions_by_source\engine\317148eb65bc__317148eb65bc__smoke_test_ingestion_engine.functions.py,6,ast,11229
engine,F:\New folder\Truth_Engine_2.py,C:\Users\mydyi\OneDrive\Documents\Desktop\Python_Reasoning_Engines_20260515_172849\files\engine\62b3e3a1ffdd__Truth_Engine_2.py,C:\Users\mydyi\OneDrive\Documents\Desktop\Python_Reasoning_Functions_20260515_173222\functions_by_source\engine\62b3e3a1ffdd__62b3e3a1ffdd__Truth_Engine_2.functions.py,2,ast,2721
engine,F:\New folder\xrp_predictive_616_engine.py,C:\Users\mydyi\OneDrive\Documents\Desktop\Python_Reasoning_Engines_20260515_172849\files\engine\af881e3b331b__xrp_predictive_616_engine.py,C:\Users\mydyi\OneDrive\Documents\Desktop\Python_Reasoning_Functions_20260515_173222\functions_by_source\engine\af881e3b331b__af881e3b331b__xrp_predictive_616_engine.functions.py,2,ast,8918
engine,F:\Sovereign Data Cognition Engine MVP Build Path Overview\cascade_engine.py,C:\Users\mydyi\OneDrive\Documents\Desktop\Python_Reasoning_Engines_20260515_172849\files\engine\4a549fe4f789__cascade_engine.py,C:\Users\mydyi\OneDrive\Documents\Desktop\Python_Reasoning_Functions_20260515_173222\functions_by_source\engine\4a549fe4f789__4a549fe4f789__cascade_engine.functions.py,23,ast,17682
engine,F:\sovereign-data-engine\engine\cascade_engine.py,C:\Users\mydyi\OneDrive\Documents\Desktop\Python_Reasoning_Engines_20260515_172849\files\engine\2211f657f497__cascade_engine.py,C:\Users\mydyi\OneDrive\Documents\Desktop\Python_Reasoning_Functions_20260515_173222\functions_by_source\engine\2211f657f497__2211f657f497__cascade_engine.functions.py,11,ast,10443
engine,F:\sovereign-data-engine--copy\engine\cascade_engine.py,C:\Users\mydyi\OneDrive\Documents\Desktop\Python_Reasoning_Engines_20260515_172849\files\engine\bd6861dd1633__cascade_engine.py,C:\Users\mydyi\OneDrive\Documents\Desktop\Python_Reasoning_Functions_20260515_173222\functions_by_source\engine\bd6861dd1633__bd6861dd1633__cascade_engine.functions.py,11,ast,10449
engine,H:\forest_node\core\engine.py,C:\Users\mydyi\OneDrive\Documents\Desktop\Python_Reasoning_Engines_20260515_172849\files\engine\fa89b72cc6ba__engine.py,C:\Users\mydyi\OneDrive\Documents\Desktop\Python_Reasoning_Functions_20260515_173222\functions_by_source\engine\fa89b72cc6ba__fa89b72cc6ba__engine.functions.py,14,ast,6082
misc,C:\Users\mydyi\Downloads\05b6e602532b3d075340cbcc28a8c83e4d269fb9a6179f9cc2c87c077f3584ee-2026-04-07-12-48-39-ad0041cbbad646f5a0a32474b8d459eb\file_00000000565c71f7ab617791ec8158ad-cascade_demo.py,C:\Users\mydyi\OneDrive\Documents\Desktop\Python_Reasoning_Engines_20260515_172849\files\misc\f08e5ce7bec6__file_00000000565c71f7ab617791ec8158ad-cascade_demo.py,C:\Users\mydyi\OneDrive\Documents\Desktop\Python_Reasoning_Functions_20260515_173222\functions_by_source\misc\f08e5ce7bec6__f08e5ce7bec6__file_00000000565c71f7ab617791ec8158ad-cascade_demo.functions.py,10,ast,14348
misc,F:\contract_extraction\phase_b_categorizer.py,C:\Users\mydyi\OneDrive\Documents\Desktop\Python_Reasoning_Engines_20260515_172849\files\misc\342693833dd4__phase_b_categorizer.py,C:\Users\mydyi\OneDrive\Documents\Desktop\Python_Reasoning_Functions_20260515_173222\functions_by_source\misc\342693833dd4__342693833dd4__phase_b_categorizer.functions.py,2,ast,6925
misc,F:\data_agnostic_cascade\cascade_launcher.py,C:\Users\mydyi\OneDrive\Documents\Desktop\Python_Reasoning_Engines_20260515_172849\files\misc\887b0562d52f__cascade_launcher.py,C:\Users\mydyi\OneDrive\Documents\Desktop\Python_Reasoning_Functions_20260515_173222\functions_by_source\misc\887b0562d52f__887b0562d52f__cascade_launcher.functions.py,1,ast,1038
misc,F:\Desktop 812025\Desktop Files 7_26_25\6 1 6 lexicon\gpu_config.py,C:\Users\mydyi\OneDrive\Documents\Desktop\Python_Reasoning_Engines_20260515_172849\files\misc\5885a02ff5af__gpu_config.py,C:\Users\mydyi\OneDrive\Documents\Desktop\Python_Reasoning_Functions_20260515_173222\functions_by_source\misc\5885a02ff5af__5885a02ff5af__gpu_config.functions.py,13,ast,8378
misc,F:\Desktop 812025\Desktop Files 7_26_25\6 1 6 lexicon\gpu_manager.py,C:\Users\mydyi\OneDrive\Documents\Desktop\Python_Reasoning_Engines_20260515_172849\files\misc\3aacb3ad83ca__gpu_manager.py,C:\Users\mydyi\OneDrive\Documents\Desktop\Python_Reasoning_Functions_20260515_173222\functions_by_source\misc\3aacb3ad83ca__3aacb3ad83ca__gpu_manager.functions.py,17,ast,15234
misc,F:\Desktop 812025\Desktop Files 7_26_25\6 1 6 lexicon\hardware_validator.py,C:\Users\mydyi\OneDrive\Documents\Desktop\Python_Reasoning_Engines_20260515_172849\files\misc\139ffa073518__hardware_validator.py,C:\Users\mydyi\OneDrive\Documents\Desktop\Python_Reasoning_Functions_20260515_173222\functions_by_source\misc\139ffa073518__139ffa073518__hardware_validator.functions.py,15,ast,13199
misc,F:\Desktop 812025\Desktop Files 7_26_25\Binary Cell Structure for AI Neural Memory(1)\log_symbolizer.py,C:\Users\mydyi\OneDrive\Documents\Desktop\Python_Reasoning_Engines_20260515_172849\files\misc\2f4e51b36185__log_symbolizer.py,C:\Users\mydyi\OneDrive\Documents\Desktop\Python_Reasoning_Functions_20260515_173222\functions_by_source\misc\2f4e51b36185__2f4e51b36185__log_symbolizer.functions.py,24,ast,14986
misc,F:\Desktop 812025\Desktop Files 7_26_25\CASCADIAN_REVOLUTION_COMPLETE\CASCADIAN_REVOLUTION\CASCADE_TRAINING_COMPLETE\cascade_training_generator.py,C:\Users\mydyi\OneDrive\Documents\Desktop\Python_Reasoning_Engines_20260515_172849\files\misc\ec7d25160420__cascade_training_generator.py,C:\Users\mydyi\OneDrive\Documents\Desktop\Python_Reasoning_Functions_20260515_173222\functions_by_source\misc\ec7d25160420__ec7d25160420__cascade_training_generator.functions.py,6,ast,14695
misc,F:\Desktop 812025\Desktop Files 7_26_25\CASCADIAN_REVOLUTION_COMPLETE\CASCADIAN_REVOLUTION\CASCADE_TRAINING_COMPLETE\cascade_watermark.py,C:\Users\mydyi\OneDrive\Documents\Desktop\Python_Reasoning_Engines_20260515_172849\files\misc\15e0e04da0b0__cascade_watermark.py,C:\Users\mydyi\OneDrive\Documents\Desktop\Python_Reasoning_Functions_20260515_173222\functions_by_source\misc\15e0e04da0b0__15e0e04da0b0__cascade_watermark.functions.py,20,ast,24931
misc,F:\Desktop 812025\Desktop Files 7_26_25\gpu_config.py,C:\Users\mydyi\OneDrive\Documents\Desktop\Python_Reasoning_Engines_20260515_172849\files\misc\f5f08702f341__gpu_config.py,C:\Users\mydyi\OneDrive\Documents\Desktop\Python_Reasoning_Functions_20260515_173222\functions_by_source\misc\f5f08702f341__f5f08702f341__gpu_config.functions.py,13,ast,8364
misc,F:\Desktop 812025\Desktop Files 7_26_25\gpu_manager.py,C:\Users\mydyi\OneDrive\Documents\Desktop\Python_Reasoning_Engines_20260515_172849\files\misc\297c538595e7__gpu_manager.py,C:\Users\mydyi\OneDrive\Documents\Desktop\Python_Reasoning_Functions_20260515_173222\functions_by_source\misc\297c538595e7__297c538595e7__gpu_manager.functions.py,17,ast,15220
misc,F:\Desktop 812025\Desktop Files 7_26_25\hardware_validator.py,C:\Users\mydyi\OneDrive\Documents\Desktop\Python_Reasoning_Engines_20260515_172849\files\misc\974af4c2df89__hardware_validator.py,C:\Users\mydyi\OneDrive\Documents\Desktop\Python_Reasoning_Functions_20260515_173222\functions_by_source\misc\974af4c2df89__974af4c2df89__hardware_validator.functions.py,15,ast,13185
misc,F:\DESKTOP PYTHON 6_17_25\MANUS CHATS-backup\MAN 15\Kali Ka Cont (No title provided for the link content)\Kali Ka\automated_data_gathering_system.py,C:\Users\mydyi\OneDrive\Documents\Desktop\Python_Reasoning_Engines_20260515_172849\files\misc\b1e696bc2ed9__automated_data_gathering_system.py,C:\Users\mydyi\OneDrive\Documents\Desktop\Python_Reasoning_Functions_20260515_173222\functions_by_source\misc\b1e696bc2ed9__b1e696bc2ed9__automated_data_gathering_system.functions.py,51,ast,37885
misc,F:\DESKTOP PYTHON 6_17_25\MANUS CHATS-backup\MAN 15\Kali Ka Cont (No title provided for the link content)\Kali Ka\binary_neuron_prototype.py,C:\Users\mydyi\OneDrive\Documents\Desktop\Python_Reasoning_Engines_20260515_172849\files\misc\69deef1131fa__binary_neuron_prototype.py,C:\Users\mydyi\OneDrive\Documents\Desktop\Python_Reasoning_Functions_20260515_173222\functions_by_source\misc\69deef1131fa__69deef1131fa__binary_neuron_prototype.functions.py,39,ast,30003
misc,F:\DESKTOP PYTHON 6_17_25\MANUS CHATS-backup\MAN 15\Kali Ka Cont (No title provided for the link content)\Kali Ka\enhanced_data_gathering.py,C:\Users\mydyi\OneDrive\Documents\Desktop\Python_Reasoning_Engines_20260515_172849\files\misc\704dcf9399d7__enhanced_data_gathering.py,C:\Users\mydyi\OneDrive\Documents\Desktop\Python_Reasoning_Functions_20260515_173222\functions_by_source\misc\704dcf9399d7__704dcf9399d7__enhanced_data_gathering.functions.py,6,ast,8945
misc,F:\DESKTOP PYTHON 6_17_25\MANUS CHATS-backup\MAN 15\Kali Ka Cont (No title provided for the link content)\Kali Ka\knowledge_acquisition_integration.py,C:\Users\mydyi\OneDrive\Documents\Desktop\Python_Reasoning_Engines_20260515_172849\files\misc\763e6febdf47__knowledge_acquisition_integration.py,C:\Users\mydyi\OneDrive\Documents\Desktop\Python_Reasoning_Functions_20260515_173222\functions_by_source\misc\763e6febdf47__763e6febdf47__knowledge_acquisition_integration.functions.py,7,fallback,15148
misc,F:\From removable drive\Desktop\Symbolis Mainport\OutrageousNLP System.py,C:\Users\mydyi\OneDrive\Documents\Desktop\Python_Reasoning_Engines_20260515_172849\files\misc\eb67d5382790__OutrageousNLP System.py,C:\Users\mydyi\OneDrive\Documents\Desktop\Python_Reasoning_Functions_20260515_173222\functions_by_source\misc\eb67d5382790__eb67d5382790__OutrageousNLP System.functions.py,18,fallback,9508
misc,F:\From removable drive\Desktop\Symbolis Mainport\SetupNeurologicDatabase.py,C:\Users\mydyi\OneDrive\Documents\Desktop\Python_Reasoning_Engines_20260515_172849\files\misc\113caf88ba69__SetupNeurologicDatabase.py,C:\Users\mydyi\OneDrive\Documents\Desktop\Python_Reasoning_Functions_20260515_173222\functions_by_source\misc\113caf88ba69__113caf88ba69__SetupNeurologicDatabase.functions.py,5,ast,5261
misc,F:\New folder\activity_logger.py,C:\Users\mydyi\OneDrive\Documents\Desktop\Python_Reasoning_Engines_20260515_172849\files\misc\e629795c19da__activity_logger.py,C:\Users\mydyi\OneDrive\Documents\Desktop\Python_Reasoning_Functions_20260515_173222\functions_by_source\misc\e629795c19da__e629795c19da__activity_logger.functions.py,7,ast,4775
misc,F:\New folder\ads_detector_logger.py,C:\Users\mydyi\OneDrive\Documents\Desktop\Python_Reasoning_Engines_20260515_172849\files\misc\f62bf8d43c9b__ads_detector_logger.py,C:\Users\mydyi\OneDrive\Documents\Desktop\Python_Reasoning_Functions_20260515_173222\functions_by_source\misc\f62bf8d43c9b__f62bf8d43c9b__ads_detector_logger.functions.py,13,ast,12144
misc,F:\New folder\aert_616_analysis.py,C:\Users\mydyi\OneDrive\Documents\Desktop\Python_Reasoning_Engines_20260515_172849\files\misc\01a6ea48680d__aert_616_analysis.py,C:\Users\mydyi\OneDrive\Documents\Desktop\Python_Reasoning_Functions_20260515_173222\functions_by_source\misc\01a6ea48680d__01a6ea48680d__aert_616_analysis.functions.py,7,ast,17014
misc,F:\New folder\agharmonic_law_orchestrator.py,C:\Users\mydyi\OneDrive\Documents\Desktop\Python_Reasoning_Engines_20260515_172849\files\misc\e49f6fc3079a__agharmonic_law_orchestrator.py,C:\Users\mydyi\OneDrive\Documents\Desktop\Python_Reasoning_Functions_20260515_173222\functions_by_source\misc\e49f6fc3079a__e49f6fc3079a__agharmonic_law_orchestrator.functions.py,9,fallback,3512
misc,F:\New folder\camera_movement_logger.py,C:\Users\mydyi\OneDrive\Documents\Desktop\Python_Reasoning_Engines_20260515_172849\files\misc\3461934eba56__camera_movement_logger.py,C:\Users\mydyi\OneDrive\Documents\Desktop\Python_Reasoning_Functions_20260515_173222\functions_by_source\misc\3461934eba56__3461934eba56__camera_movement_logger.functions.py,11,ast,10605
misc,F:\New folder\cognitive_authenticator.py,C:\Users\mydyi\OneDrive\Documents\Desktop\Python_Reasoning_Engines_20260515_172849\files\misc\fc59cde939f7__cognitive_authenticator.py,C:\Users\mydyi\OneDrive\Documents\Desktop\Python_Reasoning_Functions_20260515_173222\functions_by_source\misc\fc59cde939f7__fc59cde939f7__cognitive_authenticator.functions.py,7,fallback,10600
misc,F:\New folder\data_ingestor.py,C:\Users\mydyi\OneDrive\Documents\Desktop\Python_Reasoning_Engines_20260515_172849\files\misc\f8ac27a4e40b__data_ingestor.py,C:\Users\mydyi\OneDrive\Documents\Desktop\Python_Reasoning_Functions_20260515_173222\functions_by_source\misc\f8ac27a4e40b__f8ac27a4e40b__data_ingestor.functions.py,5,fallback,7012
misc,F:\New folder\engagement_builder.py,C:\Users\mydyi\OneDrive\Documents\Desktop\Python_Reasoning_Engines_20260515_172849\files\misc\69fa7d580c57__engagement_builder.py,C:\Users\mydyi\OneDrive\Documents\Desktop\Python_Reasoning_Functions_20260515_173222\functions_by_source\misc\69fa7d580c57__69fa7d580c57__engagement_builder.functions.py,7,ast,13166
misc,F:\New folder\eomm_compositor.py,C:\Users\mydyi\OneDrive\Documents\Desktop\Python_Reasoning_Engines_20260515_172849\files\misc\81fe6e5ed04a__eomm_compositor.py,C:\Users\mydyi\OneDrive\Documents\Desktop\Python_Reasoning_Functions_20260515_173222\functions_by_source\misc\81fe6e5ed04a__81fe6e5ed04a__eomm_compositor.functions.py,2,fallback,1471
misc,F:\New folder\eomm_compositor_v2.py,C:\Users\mydyi\OneDrive\Documents\Desktop\Python_Reasoning_Engines_20260515_172849\files\misc\ef5a9fd92a6f__eomm_compositor_v2.py,C:\Users\mydyi\OneDrive\Documents\Desktop\Python_Reasoning_Functions_20260515_173222\functions_by_source\misc\ef5a9fd92a6f__ef5a9fd92a6f__eomm_compositor_v2.functions.py,6,ast,8837
misc,F:\New folder\gaming_sensor.py,C:\Users\mydyi\OneDrive\Documents\Desktop\Python_Reasoning_Engines_20260515_172849\files\misc\98b98e4d6c9f__gaming_sensor.py,C:\Users\mydyi\OneDrive\Documents\Desktop\Python_Reasoning_Functions_20260515_173222\functions_by_source\misc\98b98e4d6c9f__98b98e4d6c9f__gaming_sensor.functions.py,2,fallback,2425
misc,F:\New folder\metrics_calculator.py,C:\Users\mydyi\OneDrive\Documents\Desktop\Python_Reasoning_Engines_20260515_172849\files\misc\027bc6b84385__metrics_calculator.py,C:\Users\mydyi\OneDrive\Documents\Desktop\Python_Reasoning_Functions_20260515_173222\functions_by_source\misc\027bc6b84385__027bc6b84385__metrics_calculator.functions.py,3,ast,2763
misc,F:\New folder\mirror_reflector.py,C:\Users\mydyi\OneDrive\Documents\Desktop\Python_Reasoning_Engines_20260515_172849\files\misc\c1f7e18d0179__mirror_reflector.py,C:\Users\mydyi\OneDrive\Documents\Desktop\Python_Reasoning_Functions_20260515_173222\functions_by_source\misc\c1f7e18d0179__c1f7e18d0179__mirror_reflector.functions.py,3,fallback,4505
misc,F:\New folder\movement_state_logger.py,C:\Users\mydyi\OneDrive\Documents\Desktop\Python_Reasoning_Engines_20260515_172849\files\misc\4d2313404f2d__movement_state_logger.py,C:\Users\mydyi\OneDrive\Documents\Desktop\Python_Reasoning_Functions_20260515_173222\functions_by_source\misc\4d2313404f2d__4d2313404f2d__movement_state_logger.functions.py,13,ast,11297
misc,F:\New folder\msft_atvi_616_analysis.py,C:\Users\mydyi\OneDrive\Documents\Desktop\Python_Reasoning_Engines_20260515_172849\files\misc\b5bec3736c20__msft_atvi_616_analysis.py,C:\Users\mydyi\OneDrive\Documents\Desktop\Python_Reasoning_Functions_20260515_173222\functions_by_source\misc\b5bec3736c20__b5bec3736c20__msft_atvi_616_analysis.functions.py,9,ast,17759
misc,F:\New folder\multi_logger_coordinator.py,C:\Users\mydyi\OneDrive\Documents\Desktop\Python_Reasoning_Engines_20260515_172849\files\misc\891bb07bf649__multi_logger_coordinator.py,C:\Users\mydyi\OneDrive\Documents\Desktop\Python_Reasoning_Functions_20260515_173222\functions_by_source\misc\891bb07bf649__891bb07bf649__multi_logger_coordinator.functions.py,8,ast,10667
misc,F:\New folder\performance_logger_monolith.py,C:\Users\mydyi\OneDrive\Documents\Desktop\Python_Reasoning_Engines_20260515_172849\files\misc\49691a6f0864__performance_logger_monolith.py,C:\Users\mydyi\OneDrive\Documents\Desktop\Python_Reasoning_Functions_20260515_173222\functions_by_source\misc\49691a6f0864__49691a6f0864__performance_logger_monolith.functions.py,9,ast,17692
misc,F:\New folder\performance_logger_v2.py,C:\Users\mydyi\OneDrive\Documents\Desktop\Python_Reasoning_Engines_20260515_172849\files\misc\825f319c8fa3__performance_logger_v2.py,C:\Users\mydyi\OneDrive\Documents\Desktop\Python_Reasoning_Functions_20260515_173222\functions_by_source\misc\825f319c8fa3__825f319c8fa3__performance_logger_v2.functions.py,22,ast,21194
misc,F:\New folder\performance_logger_v3.py,C:\Users\mydyi\OneDrive\Documents\Desktop\Python_Reasoning_Engines_20260515_172849\files\misc\3fd4eba4c24c__performance_logger_v3.py,C:\Users\mydyi\OneDrive\Documents\Desktop\Python_Reasoning_Functions_20260515_173222\functions_by_source\misc\3fd4eba4c24c__3fd4eba4c24c__performance_logger_v3.functions.py,18,ast,20231
misc,F:\New folder\player_performance_integration.py,C:\Users\mydyi\OneDrive\Documents\Desktop\Python_Reasoning_Engines_20260515_172849\files\misc\1c8209f5333d__player_performance_integration.py,C:\Users\mydyi\OneDrive\Documents\Desktop\Python_Reasoning_Functions_20260515_173222\functions_by_source\misc\1c8209f5333d__1c8209f5333d__player_performance_integration.functions.py,7,ast,11928
misc,F:\New folder\report_generator.py,C:\Users\mydyi\OneDrive\Documents\Desktop\Python_Reasoning_Engines_20260515_172849\files\misc\f99e1bf47b50__report_generator.py,C:\Users\mydyi\OneDrive\Documents\Desktop\Python_Reasoning_Functions_20260515_173222\functions_by_source\misc\f99e1bf47b50__f99e1bf47b50__report_generator.functions.py,3,ast,6739
misc,F:\New folder\symbolic_translator.py,C:\Users\mydyi\OneDrive\Documents\Desktop\Python_Reasoning_Engines_20260515_172849\files\misc\8c550439457e__symbolic_translator.py,C:\Users\mydyi\OneDrive\Documents\Desktop\Python_Reasoning_Functions_20260515_173222\functions_by_source\misc\8c550439457e__8c550439457e__symbolic_translator.functions.py,9,fallback,6961
misc,F:\New folder\trigger_pull_logger.py,C:\Users\mydyi\OneDrive\Documents\Desktop\Python_Reasoning_Engines_20260515_172849\files\misc\adccf937a4ad__trigger_pull_logger.py,C:\Users\mydyi\OneDrive\Documents\Desktop\Python_Reasoning_Functions_20260515_173222\functions_by_source\misc\adccf937a4ad__adccf937a4ad__trigger_pull_logger.functions.py,13,ast,12367
misc,F:\New folder\truevision_live_run.py,C:\Users\mydyi\OneDrive\Documents\Desktop\Python_Reasoning_Engines_20260515_172849\files\misc\c2c3fce99743__truevision_live_run.py,C:\Users\mydyi\OneDrive\Documents\Desktop\Python_Reasoning_Functions_20260515_173222\functions_by_source\misc\c2c3fce99743__c2c3fce99743__truevision_live_run.functions.py,2,ast,11380
misc,F:\New folder\vision_chart.py,C:\Users\mydyi\OneDrive\Documents\Desktop\Python_Reasoning_Engines_20260515_172849\files\misc\3b48e1da2949__vision_chart.py,C:\Users\mydyi\OneDrive\Documents\Desktop\Python_Reasoning_Functions_20260515_173222\functions_by_source\misc\3b48e1da2949__3b48e1da2949__vision_chart.functions.py,2,ast,4418
misc,F:\New folder\xrp_616_analysis.py,C:\Users\mydyi\OneDrive\Documents\Desktop\Python_Reasoning_Engines_20260515_172849\files\misc\e33ce4954405__xrp_616_analysis.py,C:\Users\mydyi\OneDrive\Documents\Desktop\Python_Reasoning_Functions_20260515_173222\functions_by_source\misc\e33ce4954405__e33ce4954405__xrp_616_analysis.functions.py,4,ast,12833
misc,F:\New folder\xrp_causal_narrative_analysis.py,C:\Users\mydyi\OneDrive\Documents\Desktop\Python_Reasoning_Engines_20260515_172849\files\misc\985f63a4b16f__xrp_causal_narrative_analysis.py,C:\Users\mydyi\OneDrive\Documents\Desktop\Python_Reasoning_Functions_20260515_173222\functions_by_source\misc\985f63a4b16f__985f63a4b16f__xrp_causal_narrative_analysis.functions.py,4,ast,11710
reaper,F:\Desktop 812025\Desktop Files 7_26_25\reaper_cognitive_engine.py,C:\Users\mydyi\OneDrive\Documents\Desktop\Python_Reasoning_Engines_20260515_172849\files\reaper\5040837f6469__reaper_cognitive_engine.py,C:\Users\mydyi\OneDrive\Documents\Desktop\Python_Reasoning_Functions_20260515_173222\functions_by_source\reaper\5040837f6469__5040837f6469__reaper_cognitive_engine.functions.py,27,ast,23436
reaper,F:\DESKTOP PYTHON 6_17_25\REAPER\reaper_cognitive_engine.py,C:\Users\mydyi\OneDrive\Documents\Desktop\Python_Reasoning_Engines_20260515_172849\files\reaper\7199459dfe81__reaper_cognitive_engine.py,C:\Users\mydyi\OneDrive\Documents\Desktop\Python_Reasoning_Functions_20260515_173222\functions_by_source\reaper\7199459dfe81__7199459dfe81__reaper_cognitive_engine.functions.py,27,ast,23429
reaper,F:\DESKTOP PYTHON 6_17_25\REAPER\reaper_financial_identity.py,C:\Users\mydyi\OneDrive\Documents\Desktop\Python_Reasoning_Engines_20260515_172849\files\reaper\444c3e422b04__reaper_financial_identity.py,C:\Users\mydyi\OneDrive\Documents\Desktop\Python_Reasoning_Functions_20260515_173222\functions_by_source\reaper\444c3e422b04__444c3e422b04__reaper_financial_identity.functions.py,29,ast,37648
reaper,F:\DESKTOP PYTHON 6_17_25\reaper-phase4-complete\REAPER CONTROL.py,C:\Users\mydyi\OneDrive\Documents\Desktop\Python_Reasoning_Engines_20260515_172849\files\reaper\ae1e03963334__REAPER CONTROL.py,C:\Users\mydyi\OneDrive\Documents\Desktop\Python_Reasoning_Functions_20260515_173222\functions_by_source\reaper\ae1e03963334__ae1e03963334__REAPER CONTROL.functions.py,2,ast,1043
reaper,F:\DESKTOP PYTHON 6_17_25\reaper-phase4-complete\reaper_cognitive_engine.py,C:\Users\mydyi\OneDrive\Documents\Desktop\Python_Reasoning_Engines_20260515_172849\files\reaper\784a4750f6e9__reaper_cognitive_engine.py,C:\Users\mydyi\OneDrive\Documents\Desktop\Python_Reasoning_Functions_20260515_173222\functions_by_source\reaper\784a4750f6e9__784a4750f6e9__reaper_cognitive_engine.functions.py,27,ast,23445
reaper,F:\DESKTOP PYTHON 6_17_25\reaper-phase4-complete\reaper_financial_identity.py,C:\Users\mydyi\OneDrive\Documents\Desktop\Python_Reasoning_Engines_20260515_172849\files\reaper\49ded5c43688__reaper_financial_identity.py,C:\Users\mydyi\OneDrive\Documents\Desktop\Python_Reasoning_Functions_20260515_173222\functions_by_source\reaper\49ded5c43688__49ded5c43688__reaper_financial_identity.functions.py,25,ast,37770
reaper,F:\DESKTOP PYTHON 6_17_25\reaper-phase4-complete\reaper_network_analyzer.py,C:\Users\mydyi\OneDrive\Documents\Desktop\Python_Reasoning_Engines_20260515_172849\files\reaper\91d8cb9bb4b8__reaper_network_analyzer.py,C:\Users\mydyi\OneDrive\Documents\Desktop\Python_Reasoning_Functions_20260515_173222\functions_by_source\reaper\91d8cb9bb4b8__91d8cb9bb4b8__reaper_network_analyzer.functions.py,27,ast,25423
reaper,F:\DESKTOP PYTHON 6_17_25\reaper-phase4-complete\reaper_phase3_cognitive_execution.py,C:\Users\mydyi\OneDrive\Documents\Desktop\Python_Reasoning_Engines_20260515_172849\files\reaper\628fdbc76547__reaper_phase3_cognitive_execution.py,C:\Users\mydyi\OneDrive\Documents\Desktop\Python_Reasoning_Functions_20260515_173222\functions_by_source\reaper\628fdbc76547__628fdbc76547__reaper_phase3_cognitive_execution.functions.py,43,ast,54357
reaper,F:\DESKTOP PYTHON 6_17_25\reaper-phase4-complete\reaper_phase4_preemptive_engine.py,C:\Users\mydyi\OneDrive\Documents\Desktop\Python_Reasoning_Engines_20260515_172849\files\reaper\2da285b03adc__reaper_phase4_preemptive_engine.py,C:\Users\mydyi\OneDrive\Documents\Desktop\Python_Reasoning_Functions_20260515_173222\functions_by_source\reaper\2da285b03adc__2da285b03adc__reaper_phase4_preemptive_engine.functions.py,34,ast,41238
reaper,F:\DESKTOP PYTHON 6_17_25\reaper-phase4-complete\reaper-engine\live_packet_capture.py,C:\Users\mydyi\OneDrive\Documents\Desktop\Python_Reasoning_Engines_20260515_172849\files\reaper\5f853eac7829__live_packet_capture.py,C:\Users\mydyi\OneDrive\Documents\Desktop\Python_Reasoning_Functions_20260515_173222\functions_by_source\reaper\5f853eac7829__5f853eac7829__live_packet_capture.functions.py,12,ast,11399
reaper,F:\DESKTOP PYTHON 6_17_25\reaper-phase4-complete\reaper-engine\reaper_cognitive_engine.py,C:\Users\mydyi\OneDrive\Documents\Desktop\Python_Reasoning_Engines_20260515_172849\files\reaper\570a6d199255__reaper_cognitive_engine.py,C:\Users\mydyi\OneDrive\Documents\Desktop\Python_Reasoning_Functions_20260515_173222\functions_by_source\reaper\570a6d199255__570a6d199255__reaper_cognitive_engine.functions.py,27,ast,23459
reaper,F:\DESKTOP PYTHON 6_17_25\reaper-phase4-complete\reaper-engine\reaper_financial_identity.py,C:\Users\mydyi\OneDrive\Documents\Desktop\Python_Reasoning_Engines_20260515_172849\files\reaper\53fc9862cb1a__reaper_financial_identity.py,C:\Users\mydyi\OneDrive\Documents\Desktop\Python_Reasoning_Functions_20260515_173222\functions_by_source\reaper\53fc9862cb1a__53fc9862cb1a__reaper_financial_identity.functions.py,25,ast,37784
reaper,F:\DESKTOP PYTHON 6_17_25\reaper-phase4-complete\reaper-engine\reaper_network_analyzer.py,C:\Users\mydyi\OneDrive\Documents\Desktop\Python_Reasoning_Engines_20260515_172849\files\reaper\0703845f3a7c__reaper_network_analyzer.py,C:\Users\mydyi\OneDrive\Documents\Desktop\Python_Reasoning_Functions_20260515_173222\functions_by_source\reaper\0703845f3a7c__0703845f3a7c__reaper_network_analyzer.functions.py,30,ast,29135
reaper,F:\DESKTOP PYTHON 6_17_25\reaper-phase4-complete\reaper-engine\reaper_phase3_cognitive_execution.py,C:\Users\mydyi\OneDrive\Documents\Desktop\Python_Reasoning_Engines_20260515_172849\files\reaper\3e310dcd3634__reaper_phase3_cognitive_execution.py,C:\Users\mydyi\OneDrive\Documents\Desktop\Python_Reasoning_Functions_20260515_173222\functions_by_source\reaper\3e310dcd3634__3e310dcd3634__reaper_phase3_cognitive_execution.functions.py,43,ast,54371
reaper,F:\DESKTOP PYTHON 6_17_25\reaper-phase4-complete\reaper-engine\run_reaper_netstat.py,C:\Users\mydyi\OneDrive\Documents\Desktop\Python_Reasoning_Engines_20260515_172849\files\reaper\d958346929a5__run_reaper_netstat.py,C:\Users\mydyi\OneDrive\Documents\Desktop\Python_Reasoning_Functions_20260515_173222\functions_by_source\reaper\d958346929a5__d958346929a5__run_reaper_netstat.functions.py,1,ast,3109
reaper,F:\DESKTOP PYTHON 6_17_25\reaper-phase4-complete\reaper-network-api\src\routes\network.py,C:\Users\mydyi\OneDrive\Documents\Desktop\Python_Reasoning_Engines_20260515_172849\files\reaper\f79fcb294063__network.py,C:\Users\mydyi\OneDrive\Documents\Desktop\Python_Reasoning_Functions_20260515_173222\functions_by_source\reaper\f79fcb294063__f79fcb294063__network.functions.py,11,ast,13845
reasoning,F:\Desktop 812025\Desktop Files 7_26_25\Embedding Reasoning Trees in Token-Based AI Generation\cascade_tokenizer\predict.py,C:\Users\mydyi\OneDrive\Documents\Desktop\Python_Reasoning_Engines_20260515_172849\files\reasoning\0c74f376fa56__predict.py,C:\Users\mydyi\OneDrive\Documents\Desktop\Python_Reasoning_Functions_20260515_173222\functions_by_source\reasoning\0c74f376fa56__0c74f376fa56__predict.functions.py,11,ast,5679
reasoning,F:\Desktop 812025\Desktop Files 7_26_25\Embedding Reasoning Trees in Token-Based AI Generation\cascade_tokenizer\reasoning_engine.py,C:\Users\mydyi\OneDrive\Documents\Desktop\Python_Reasoning_Engines_20260515_172849\files\reasoning\efbf1a7a3abc__reasoning_engine.py,C:\Users\mydyi\OneDrive\Documents\Desktop\Python_Reasoning_Functions_20260515_173222\functions_by_source\reasoning\efbf1a7a3abc__efbf1a7a3abc__reasoning_engine.functions.py,3,ast,3554
reasoning,F:\New folder\xrp_cross_reasoning_engine.py,C:\Users\mydyi\OneDrive\Documents\Desktop\Python_Reasoning_Engines_20260515_172849\files\reasoning\55e6c3386bff__xrp_cross_reasoning_engine.py,C:\Users\mydyi\OneDrive\Documents\Desktop\Python_Reasoning_Functions_20260515_173222\functions_by_source\reasoning\55e6c3386bff__55e6c3386bff__xrp_cross_reasoning_engine.functions.py,4,ast,12850
wolf_engine,C:\Users\mydyi\OneDrive\Documents\Desktop\clearbox-plugins\wolf_engine\api\router.py,C:\Users\mydyi\OneDrive\Documents\Desktop\Python_Reasoning_Engines_20260515_172849\files\wolf_engine\60efa5f16739__router.py,C:\Users\mydyi\OneDrive\Documents\Desktop\Python_Reasoning_Functions_20260515_173222\functions_by_source\wolf_engine\60efa5f16739__60efa5f16739__router.functions.py,25,ast,11727
wolf_engine,C:\Users\mydyi\OneDrive\Documents\Desktop\clearbox-plugins\wolf_engine\archon\cam_stub.py,C:\Users\mydyi\OneDrive\Documents\Desktop\Python_Reasoning_Engines_20260515_172849\files\wolf_engine\75d4db13cd8a__cam_stub.py,C:\Users\mydyi\OneDrive\Documents\Desktop\Python_Reasoning_Functions_20260515_173222\functions_by_source\wolf_engine\75d4db13cd8a__75d4db13cd8a__cam_stub.functions.py,4,ast,2632
wolf_engine,C:\Users\mydyi\OneDrive\Documents\Desktop\clearbox-plugins\wolf_engine\archon\judge.py,C:\Users\mydyi\OneDrive\Documents\Desktop\Python_Reasoning_Engines_20260515_172849\files\wolf_engine\d40cb3973d4e__judge.py,C:\Users\mydyi\OneDrive\Documents\Desktop\Python_Reasoning_Functions_20260515_173222\functions_by_source\wolf_engine\d40cb3973d4e__d40cb3973d4e__judge.functions.py,10,ast,13252
wolf_engine,C:\Users\mydyi\OneDrive\Documents\Desktop\clearbox-plugins\wolf_engine\archon\orchestrator.py,C:\Users\mydyi\OneDrive\Documents\Desktop\Python_Reasoning_Engines_20260515_172849\files\wolf_engine\f80f333c0938__orchestrator.py,C:\Users\mydyi\OneDrive\Documents\Desktop\Python_Reasoning_Functions_20260515_173222\functions_by_source\wolf_engine\f80f333c0938__f80f333c0938__orchestrator.functions.py,5,ast,3449
wolf_engine,C:\Users\mydyi\OneDrive\Documents\Desktop\clearbox-plugins\wolf_engine\archon\verdict.py,C:\Users\mydyi\OneDrive\Documents\Desktop\Python_Reasoning_Engines_20260515_172849\files\wolf_engine\4e200ba7f35d__verdict.py,C:\Users\mydyi\OneDrive\Documents\Desktop\Python_Reasoning_Functions_20260515_173222\functions_by_source\wolf_engine\4e200ba7f35d__4e200ba7f35d__verdict.functions.py,8,ast,3902
wolf_engine,C:\Users\mydyi\OneDrive\Documents\Desktop\clearbox-plugins\wolf_engine\config.py,C:\Users\mydyi\OneDrive\Documents\Desktop\Python_Reasoning_Engines_20260515_172849\files\wolf_engine\ff1c9f853497__config.py,C:\Users\mydyi\OneDrive\Documents\Desktop\Python_Reasoning_Functions_20260515_173222\functions_by_source\wolf_engine\ff1c9f853497__ff1c9f853497__config.functions.py,1,ast,2296
wolf_engine,C:\Users\mydyi\OneDrive\Documents\Desktop\clearbox-plugins\wolf_engine\core\engine.py,C:\Users\mydyi\OneDrive\Documents\Desktop\Python_Reasoning_Engines_20260515_172849\files\wolf_engine\449634e40f52__engine.py,C:\Users\mydyi\OneDrive\Documents\Desktop\Python_Reasoning_Functions_20260515_173222\functions_by_source\wolf_engine\449634e40f52__449634e40f52__engine.functions.py,20,ast,16258
wolf_engine,C:\Users\mydyi\OneDrive\Documents\Desktop\clearbox-plugins\wolf_engine\dashboard\app.py,C:\Users\mydyi\OneDrive\Documents\Desktop\Python_Reasoning_Engines_20260515_172849\files\wolf_engine\04bd2a72da19__app.py,C:\Users\mydyi\OneDrive\Documents\Desktop\Python_Reasoning_Functions_20260515_173222\functions_by_source\wolf_engine\04bd2a72da19__04bd2a72da19__app.functions.py,2,ast,13653
wolf_engine,C:\Users\mydyi\OneDrive\Documents\Desktop\clearbox-plugins\wolf_engine\dashboard\web.py,C:\Users\mydyi\OneDrive\Documents\Desktop\Python_Reasoning_Engines_20260515_172849\files\wolf_engine\0d1c14484e7e__web.py,C:\Users\mydyi\OneDrive\Documents\Desktop\Python_Reasoning_Functions_20260515_173222\functions_by_source\wolf_engine\0d1c14484e7e__0d1c14484e7e__web.functions.py,3,ast,6070
wolf_engine,C:\Users\mydyi\OneDrive\Documents\Desktop\clearbox-plugins\wolf_engine\evidence\fusion.py,C:\Users\mydyi\OneDrive\Documents\Desktop\Python_Reasoning_Engines_20260515_172849\files\wolf_engine\8125e903d156__fusion.py,C:\Users\mydyi\OneDrive\Documents\Desktop\Python_Reasoning_Functions_20260515_173222\functions_by_source\wolf_engine\8125e903d156__8125e903d156__fusion.functions.py,7,ast,4426
wolf_engine,C:\Users\mydyi\OneDrive\Documents\Desktop\clearbox-plugins\wolf_engine\evidence\session_manager.py,C:\Users\mydyi\OneDrive\Documents\Desktop\Python_Reasoning_Engines_20260515_172849\files\wolf_engine\d8e2eb34d5ec__session_manager.py,C:\Users\mydyi\OneDrive\Documents\Desktop\Python_Reasoning_Functions_20260515_173222\functions_by_source\wolf_engine\d8e2eb34d5ec__d8e2eb34d5ec__session_manager.functions.py,9,ast,4893
wolf_engine,C:\Users\mydyi\OneDrive\Documents\Desktop\clearbox-plugins\wolf_engine\evidence\timebase.py,C:\Users\mydyi\OneDrive\Documents\Desktop\Python_Reasoning_Engines_20260515_172849\files\wolf_engine\3669ae6996a3__timebase.py,C:\Users\mydyi\OneDrive\Documents\Desktop\Python_Reasoning_Functions_20260515_173222\functions_by_source\wolf_engine\3669ae6996a3__3669ae6996a3__timebase.functions.py,6,ast,2263
wolf_engine,C:\Users\mydyi\OneDrive\Documents\Desktop\clearbox-plugins\wolf_engine\evidence\worker_base.py,C:\Users\mydyi\OneDrive\Documents\Desktop\Python_Reasoning_Engines_20260515_172849\files\wolf_engine\396e5c618bc8__worker_base.py,C:\Users\mydyi\OneDrive\Documents\Desktop\Python_Reasoning_Functions_20260515_173222\functions_by_source\wolf_engine\396e5c618bc8__396e5c618bc8__worker_base.functions.py,8,ast,4402
wolf_engine,C:\Users\mydyi\OneDrive\Documents\Desktop\clearbox-plugins\wolf_engine\evidence\workers.py,C:\Users\mydyi\OneDrive\Documents\Desktop\Python_Reasoning_Engines_20260515_172849\files\wolf_engine\422279b2c675__workers.py,C:\Users\mydyi\OneDrive\Documents\Desktop\Python_Reasoning_Functions_20260515_173222\functions_by_source\wolf_engine\422279b2c675__422279b2c675__workers.functions.py,9,ast,7368
wolf_engine,C:\Users\mydyi\OneDrive\Documents\Desktop\clearbox-plugins\wolf_engine\forge\forge_memory.py,C:\Users\mydyi\OneDrive\Documents\Desktop\Python_Reasoning_Engines_20260515_172849\files\wolf_engine\150972b4bed1__forge_memory.py,C:\Users\mydyi\OneDrive\Documents\Desktop\Python_Reasoning_Functions_20260515_173222\functions_by_source\wolf_engine\150972b4bed1__150972b4bed1__forge_memory.functions.py,6,ast,4362
wolf_engine,C:\Users\mydyi\OneDrive\Documents\Desktop\clearbox-plugins\wolf_engine\gnome\gnome_service.py,C:\Users\mydyi\OneDrive\Documents\Desktop\Python_Reasoning_Engines_20260515_172849\files\wolf_engine\73579ab1c366__gnome_service.py,C:\Users\mydyi\OneDrive\Documents\Desktop\Python_Reasoning_Functions_20260515_173222\functions_by_source\wolf_engine\73579ab1c366__73579ab1c366__gnome_service.functions.py,3,ast,2916
wolf_engine,C:\Users\mydyi\OneDrive\Documents\Desktop\clearbox-plugins\wolf_engine\gnome\integrity.py,C:\Users\mydyi\OneDrive\Documents\Desktop\Python_Reasoning_Engines_20260515_172849\files\wolf_engine\b5cce98fba5d__integrity.py,C:\Users\mydyi\OneDrive\Documents\Desktop\Python_Reasoning_Functions_20260515_173222\functions_by_source\wolf_engine\b5cce98fba5d__b5cce98fba5d__integrity.functions.py,2,ast,860
wolf_engine,C:\Users\mydyi\OneDrive\Documents\Desktop\clearbox-plugins\wolf_engine\gnome\symbol_genome_loader.py,C:\Users\mydyi\OneDrive\Documents\Desktop\Python_Reasoning_Engines_20260515_172849\files\wolf_engine\8c94b2b92856__symbol_genome_loader.py,C:\Users\mydyi\OneDrive\Documents\Desktop\Python_Reasoning_Functions_20260515_173222\functions_by_source\wolf_engine\8c94b2b92856__8c94b2b92856__symbol_genome_loader.functions.py,4,ast,2014
wolf_engine,C:\Users\mydyi\OneDrive\Documents\Desktop\clearbox-plugins\wolf_engine\gnome\symbolizer.py,C:\Users\mydyi\OneDrive\Documents\Desktop\Python_Reasoning_Engines_20260515_172849\files\wolf_engine\4ec8c88e3d7d__symbolizer.py,C:\Users\mydyi\OneDrive\Documents\Desktop\Python_Reasoning_Functions_20260515_173222\functions_by_source\wolf_engine\4ec8c88e3d7d__4ec8c88e3d7d__symbolizer.functions.py,3,ast,1625
wolf_engine,C:\Users\mydyi\OneDrive\Documents\Desktop\clearbox-plugins\wolf_engine\gpu\device.py,C:\Users\mydyi\OneDrive\Documents\Desktop\Python_Reasoning_Engines_20260515_172849\files\wolf_engine\598dcbee873f__device.py,C:\Users\mydyi\OneDrive\Documents\Desktop\Python_Reasoning_Functions_20260515_173222\functions_by_source\wolf_engine\598dcbee873f__598dcbee873f__device.functions.py,6,ast,2579
wolf_engine,C:\Users\mydyi\OneDrive\Documents\Desktop\clearbox-plugins\wolf_engine\gpu\forge_memory_gpu.py,C:\Users\mydyi\OneDrive\Documents\Desktop\Python_Reasoning_Engines_20260515_172849\files\wolf_engine\d0fb97943f75__forge_memory_gpu.py,C:\Users\mydyi\OneDrive\Documents\Desktop\Python_Reasoning_Functions_20260515_173222\functions_by_source\wolf_engine\d0fb97943f75__d0fb97943f75__forge_memory_gpu.functions.py,7,ast,5232
wolf_engine,C:\Users\mydyi\OneDrive\Documents\Desktop\clearbox-plugins\wolf_engine\gpu\ncv_batch.py,C:\Users\mydyi\OneDrive\Documents\Desktop\Python_Reasoning_Engines_20260515_172849\files\wolf_engine\c281285c0e3b__ncv_batch.py,C:\Users\mydyi\OneDrive\Documents\Desktop\Python_Reasoning_Functions_20260515_173222\functions_by_source\wolf_engine\c281285c0e3b__c281285c0e3b__ncv_batch.functions.py,3,ast,3627
wolf_engine,C:\Users\mydyi\OneDrive\Documents\Desktop\clearbox-plugins\wolf_engine\gpu\window_engine.py,C:\Users\mydyi\OneDrive\Documents\Desktop\Python_Reasoning_Engines_20260515_172849\files\wolf_engine\6c8e4a79acac__window_engine.py,C:\Users\mydyi\OneDrive\Documents\Desktop\Python_Reasoning_Functions_20260515_173222\functions_by_source\wolf_engine\6c8e4a79acac__6c8e4a79acac__window_engine.functions.py,3,ast,3456
wolf_engine,C:\Users\mydyi\OneDrive\Documents\Desktop\clearbox-plugins\wolf_engine\logging_config.py,C:\Users\mydyi\OneDrive\Documents\Desktop\Python_Reasoning_Engines_20260515_172849\files\wolf_engine\105a70b93c9a__logging_config.py,C:\Users\mydyi\OneDrive\Documents\Desktop\Python_Reasoning_Functions_20260515_173222\functions_by_source\wolf_engine\105a70b93c9a__105a70b93c9a__logging_config.functions.py,2,ast,1533
wolf_engine,C:\Users\mydyi\OneDrive\Documents\Desktop\clearbox-plugins\wolf_engine\metrics\collector.py,C:\Users\mydyi\OneDrive\Documents\Desktop\Python_Reasoning_Engines_20260515_172849\files\wolf_engine\2dfe3f7a93f4__collector.py,C:\Users\mydyi\OneDrive\Documents\Desktop\Python_Reasoning_Functions_20260515_173222\functions_by_source\wolf_engine\2dfe3f7a93f4__2dfe3f7a93f4__collector.functions.py,14,ast,7984
wolf_engine,C:\Users\mydyi\OneDrive\Documents\Desktop\clearbox-plugins\wolf_engine\metrics\exporter.py,C:\Users\mydyi\OneDrive\Documents\Desktop\Python_Reasoning_Engines_20260515_172849\files\wolf_engine\9e477aa05ed9__exporter.py,C:\Users\mydyi\OneDrive\Documents\Desktop\Python_Reasoning_Functions_20260515_173222\functions_by_source\wolf_engine\9e477aa05ed9__9e477aa05ed9__exporter.functions.py,11,ast,7168
wolf_engine,C:\Users\mydyi\OneDrive\Documents\Desktop\clearbox-plugins\wolf_engine\modules\base.py,C:\Users\mydyi\OneDrive\Documents\Desktop\Python_Reasoning_Engines_20260515_172849\files\wolf_engine\627d6417e020__base.py,C:\Users\mydyi\OneDrive\Documents\Desktop\Python_Reasoning_Functions_20260515_173222\functions_by_source\wolf_engine\627d6417e020__627d6417e020__base.functions.py,6,ast,1491
wolf_engine,C:\Users\mydyi\OneDrive\Documents\Desktop\clearbox-plugins\wolf_engine\modules\loggers\ads_detector.py,C:\Users\mydyi\OneDrive\Documents\Desktop\Python_Reasoning_Engines_20260515_172849\files\wolf_engine\eddee7d8817d__ads_detector.py,C:\Users\mydyi\OneDrive\Documents\Desktop\Python_Reasoning_Functions_20260515_173222\functions_by_source\wolf_engine\eddee7d8817d__eddee7d8817d__ads_detector.functions.py,8,ast,4923
wolf_engine,C:\Users\mydyi\OneDrive\Documents\Desktop\clearbox-plugins\wolf_engine\modules\loggers\camera_movement.py,C:\Users\mydyi\OneDrive\Documents\Desktop\Python_Reasoning_Engines_20260515_172849\files\wolf_engine\2f6187dcfc8f__camera_movement.py,C:\Users\mydyi\OneDrive\Documents\Desktop\Python_Reasoning_Functions_20260515_173222\functions_by_source\wolf_engine\2f6187dcfc8f__2f6187dcfc8f__camera_movement.functions.py,6,ast,3468
wolf_engine,C:\Users\mydyi\OneDrive\Documents\Desktop\clearbox-plugins\wolf_engine\modules\loggers\input_logger.py,C:\Users\mydyi\OneDrive\Documents\Desktop\Python_Reasoning_Engines_20260515_172849\files\wolf_engine\0e766cb3e0cb__input_logger.py,C:\Users\mydyi\OneDrive\Documents\Desktop\Python_Reasoning_Functions_20260515_173222\functions_by_source\wolf_engine\0e766cb3e0cb__0e766cb3e0cb__input_logger.functions.py,4,ast,1352
wolf_engine,C:\Users\mydyi\OneDrive\Documents\Desktop\clearbox-plugins\wolf_engine\modules\loggers\movement_state.py,C:\Users\mydyi\OneDrive\Documents\Desktop\Python_Reasoning_Engines_20260515_172849\files\wolf_engine\90ea50be8b6f__movement_state.py,C:\Users\mydyi\OneDrive\Documents\Desktop\Python_Reasoning_Functions_20260515_173222\functions_by_source\wolf_engine\90ea50be8b6f__90ea50be8b6f__movement_state.functions.py,10,ast,4443
wolf_engine,C:\Users\mydyi\OneDrive\Documents\Desktop\clearbox-plugins\wolf_engine\modules\loggers\network.py,C:\Users\mydyi\OneDrive\Documents\Desktop\Python_Reasoning_Engines_20260515_172849\files\wolf_engine\8cee49a8eabe__network.py,C:\Users\mydyi\OneDrive\Documents\Desktop\Python_Reasoning_Functions_20260515_173222\functions_by_source\wolf_engine\8cee49a8eabe__8cee49a8eabe__network.functions.py,4,ast,1354
wolf_engine,C:\Users\mydyi\OneDrive\Documents\Desktop\clearbox-plugins\wolf_engine\modules\loggers\process.py,C:\Users\mydyi\OneDrive\Documents\Desktop\Python_Reasoning_Engines_20260515_172849\files\wolf_engine\c1ee90b0e6ff__process.py,C:\Users\mydyi\OneDrive\Documents\Desktop\Python_Reasoning_Functions_20260515_173222\functions_by_source\wolf_engine\c1ee90b0e6ff__c1ee90b0e6ff__process.functions.py,4,ast,1354
wolf_engine,C:\Users\mydyi\OneDrive\Documents\Desktop\clearbox-plugins\wolf_engine\modules\loggers\system_perf.py,C:\Users\mydyi\OneDrive\Documents\Desktop\Python_Reasoning_Engines_20260515_172849\files\wolf_engine\319aacf0c55c__system_perf.py,C:\Users\mydyi\OneDrive\Documents\Desktop\Python_Reasoning_Functions_20260515_173222\functions_by_source\wolf_engine\319aacf0c55c__319aacf0c55c__system_perf.functions.py,4,ast,1420
wolf_engine,C:\Users\mydyi\OneDrive\Documents\Desktop\clearbox-plugins\wolf_engine\modules\loggers\trigger_pull.py,C:\Users\mydyi\OneDrive\Documents\Desktop\Python_Reasoning_Engines_20260515_172849\files\wolf_engine\a35c17635257__trigger_pull.py,C:\Users\mydyi\OneDrive\Documents\Desktop\Python_Reasoning_Functions_20260515_173222\functions_by_source\wolf_engine\a35c17635257__a35c17635257__trigger_pull.functions.py,8,ast,4245
wolf_engine,C:\Users\mydyi\OneDrive\Documents\Desktop\clearbox-plugins\wolf_engine\modules\operators\crosshair_lock.py,C:\Users\mydyi\OneDrive\Documents\Desktop\Python_Reasoning_Engines_20260515_172849\files\wolf_engine\153e98c8e779__crosshair_lock.py,C:\Users\mydyi\OneDrive\Documents\Desktop\Python_Reasoning_Functions_20260515_173222\functions_by_source\wolf_engine\153e98c8e779__153e98c8e779__crosshair_lock.functions.py,8,ast,4257
wolf_engine,C:\Users\mydyi\OneDrive\Documents\Desktop\clearbox-plugins\wolf_engine\modules\operators\edge_entry.py,C:\Users\mydyi\OneDrive\Documents\Desktop\Python_Reasoning_Engines_20260515_172849\files\wolf_engine\023997bfe35f__edge_entry.py,C:\Users\mydyi\OneDrive\Documents\Desktop\Python_Reasoning_Functions_20260515_173222\functions_by_source\wolf_engine\023997bfe35f__023997bfe35f__edge_entry.functions.py,7,ast,4107
wolf_engine,C:\Users\mydyi\OneDrive\Documents\Desktop\clearbox-plugins\wolf_engine\modules\operators\eomm_compositor.py,C:\Users\mydyi\OneDrive\Documents\Desktop\Python_Reasoning_Engines_20260515_172849\files\wolf_engine\c6c41d9afe1f__eomm_compositor.py,C:\Users\mydyi\OneDrive\Documents\Desktop\Python_Reasoning_Functions_20260515_173222\functions_by_source\wolf_engine\c6c41d9afe1f__c6c41d9afe1f__eomm_compositor.functions.py,7,ast,3199
wolf_engine,C:\Users\mydyi\OneDrive\Documents\Desktop\clearbox-plugins\wolf_engine\modules\operators\thermal_hitbox.py,C:\Users\mydyi\OneDrive\Documents\Desktop\Python_Reasoning_Engines_20260515_172849\files\wolf_engine\eb7f1f8815bb__thermal_hitbox.py,C:\Users\mydyi\OneDrive\Documents\Desktop\Python_Reasoning_Functions_20260515_173222\functions_by_source\wolf_engine\eb7f1f8815bb__eb7f1f8815bb__thermal_hitbox.functions.py,7,ast,5825
wolf_engine,C:\Users\mydyi\OneDrive\Documents\Desktop\clearbox-plugins\wolf_engine\modules\reasoning\cascade.py,C:\Users\mydyi\OneDrive\Documents\Desktop\Python_Reasoning_Engines_20260515_172849\files\wolf_engine\15551ad76f02__cascade.py,C:\Users\mydyi\OneDrive\Documents\Desktop\Python_Reasoning_Functions_20260515_173222\functions_by_source\wolf_engine\15551ad76f02__15551ad76f02__cascade.functions.py,4,ast,1487
wolf_engine,C:\Users\mydyi\OneDrive\Documents\Desktop\clearbox-plugins\wolf_engine\modules\reasoning\causal.py,C:\Users\mydyi\OneDrive\Documents\Desktop\Python_Reasoning_Engines_20260515_172849\files\wolf_engine\a514dd4a5922__causal.py,C:\Users\mydyi\OneDrive\Documents\Desktop\Python_Reasoning_Functions_20260515_173222\functions_by_source\wolf_engine\a514dd4a5922__a514dd4a5922__causal.functions.py,4,ast,1520
wolf_engine,C:\Users\mydyi\OneDrive\Documents\Desktop\clearbox-plugins\wolf_engine\modules\reasoning\frame_to_grid.py,C:\Users\mydyi\OneDrive\Documents\Desktop\Python_Reasoning_Engines_20260515_172849\files\wolf_engine\244b3ed1ccc2__frame_to_grid.py,C:\Users\mydyi\OneDrive\Documents\Desktop\Python_Reasoning_Functions_20260515_173222\functions_by_source\wolf_engine\244b3ed1ccc2__244b3ed1ccc2__frame_to_grid.functions.py,6,ast,3357
wolf_engine,C:\Users\mydyi\OneDrive\Documents\Desktop\clearbox-plugins\wolf_engine\modules\reasoning\ncv73_builder.py,C:\Users\mydyi\OneDrive\Documents\Desktop\Python_Reasoning_Engines_20260515_172849\files\wolf_engine\95f392e17f5b__ncv73_builder.py,C:\Users\mydyi\OneDrive\Documents\Desktop\Python_Reasoning_Functions_20260515_173222\functions_by_source\wolf_engine\95f392e17f5b__95f392e17f5b__ncv73_builder.functions.py,7,ast,2686
wolf_engine,C:\Users\mydyi\OneDrive\Documents\Desktop\clearbox-plugins\wolf_engine\modules\reasoning\pattern.py,C:\Users\mydyi\OneDrive\Documents\Desktop\Python_Reasoning_Engines_20260515_172849\files\wolf_engine\3b296736d760__pattern.py,C:\Users\mydyi\OneDrive\Documents\Desktop\Python_Reasoning_Functions_20260515_173222\functions_by_source\wolf_engine\3b296736d760__3b296736d760__pattern.functions.py,4,ast,1395
wolf_engine,C:\Users\mydyi\OneDrive\Documents\Desktop\clearbox-plugins\wolf_engine\modules\reasoning\window_builder.py,C:\Users\mydyi\OneDrive\Documents\Desktop\Python_Reasoning_Engines_20260515_172849\files\wolf_engine\130f61255a4b__window_builder.py,C:\Users\mydyi\OneDrive\Documents\Desktop\Python_Reasoning_Functions_20260515_173222\functions_by_source\wolf_engine\130f61255a4b__130f61255a4b__window_builder.functions.py,8,ast,2627
wolf_engine,C:\Users\mydyi\OneDrive\Documents\Desktop\clearbox-plugins\wolf_engine\modules\registry.py,C:\Users\mydyi\OneDrive\Documents\Desktop\Python_Reasoning_Engines_20260515_172849\files\wolf_engine\4c6fefa1efe0__registry.py,C:\Users\mydyi\OneDrive\Documents\Desktop\Python_Reasoning_Functions_20260515_173222\functions_by_source\wolf_engine\4c6fefa1efe0__4c6fefa1efe0__registry.functions.py,7,ast,3723
wolf_engine,C:\Users\mydyi\OneDrive\Documents\Desktop\clearbox-plugins\wolf_engine\pipeline.py,C:\Users\mydyi\OneDrive\Documents\Desktop\Python_Reasoning_Engines_20260515_172849\files\wolf_engine\99e8cae47290__pipeline.py,C:\Users\mydyi\OneDrive\Documents\Desktop\Python_Reasoning_Functions_20260515_173222\functions_by_source\wolf_engine\99e8cae47290__99e8cae47290__pipeline.functions.py,1,ast,1651
wolf_engine,C:\Users\mydyi\OneDrive\Documents\Desktop\clearbox-plugins\wolf_engine\reasoning\cascade_engine.py,C:\Users\mydyi\OneDrive\Documents\Desktop\Python_Reasoning_Engines_20260515_172849\files\wolf_engine\d6dde43e7691__cascade_engine.py,C:\Users\mydyi\OneDrive\Documents\Desktop\Python_Reasoning_Functions_20260515_173222\functions_by_source\wolf_engine\d6dde43e7691__d6dde43e7691__cascade_engine.functions.py,7,ast,4921
wolf_engine,C:\Users\mydyi\OneDrive\Documents\Desktop\clearbox-plugins\wolf_engine\reasoning\causal_analyzer.py,C:\Users\mydyi\OneDrive\Documents\Desktop\Python_Reasoning_Engines_20260515_172849\files\wolf_engine\ad5f9d8578ab__causal_analyzer.py,C:\Users\mydyi\OneDrive\Documents\Desktop\Python_Reasoning_Functions_20260515_173222\functions_by_source\wolf_engine\ad5f9d8578ab__ad5f9d8578ab__causal_analyzer.functions.py,5,ast,3182
wolf_engine,C:\Users\mydyi\OneDrive\Documents\Desktop\clearbox-plugins\wolf_engine\reasoning\engine.py,C:\Users\mydyi\OneDrive\Documents\Desktop\Python_Reasoning_Engines_20260515_172849\files\wolf_engine\07790626364c__engine.py,C:\Users\mydyi\OneDrive\Documents\Desktop\Python_Reasoning_Functions_20260515_173222\functions_by_source\wolf_engine\07790626364c__07790626364c__engine.functions.py,7,ast,5342
wolf_engine,C:\Users\mydyi\OneDrive\Documents\Desktop\clearbox-plugins\wolf_engine\reasoning\pattern_detector.py,C:\Users\mydyi\OneDrive\Documents\Desktop\Python_Reasoning_Engines_20260515_172849\files\wolf_engine\da814a4ffc9d__pattern_detector.py,C:\Users\mydyi\OneDrive\Documents\Desktop\Python_Reasoning_Functions_20260515_173222\functions_by_source\wolf_engine\da814a4ffc9d__da814a4ffc9d__pattern_detector.functions.py,5,ast,5592
wolf_engine,C:\Users\mydyi\OneDrive\Documents\Desktop\clearbox-plugins\wolf_engine\reasoning\reasoning_service.py,C:\Users\mydyi\OneDrive\Documents\Desktop\Python_Reasoning_Engines_20260515_172849\files\wolf_engine\c4a3e1869d05__reasoning_service.py,C:\Users\mydyi\OneDrive\Documents\Desktop\Python_Reasoning_Functions_20260515_173222\functions_by_source\wolf_engine\c4a3e1869d05__c4a3e1869d05__reasoning_service.functions.py,9,ast,7397
wolf_engine,C:\Users\mydyi\OneDrive\Documents\Desktop\clearbox-plugins\wolf_engine\restart.py,C:\Users\mydyi\OneDrive\Documents\Desktop\Python_Reasoning_Engines_20260515_172849\files\wolf_engine\76d8c31acf1a__restart.py,C:\Users\mydyi\OneDrive\Documents\Desktop\Python_Reasoning_Functions_20260515_173222\functions_by_source\wolf_engine\76d8c31acf1a__76d8c31acf1a__restart.functions.py,1,ast,823
wolf_engine,C:\Users\mydyi\OneDrive\Documents\Desktop\clearbox-plugins\wolf_engine\schemas.py,C:\Users\mydyi\OneDrive\Documents\Desktop\Python_Reasoning_Engines_20260515_172849\files\wolf_engine\e21cc1c6913d__schemas.py,C:\Users\mydyi\OneDrive\Documents\Desktop\Python_Reasoning_Functions_20260515_173222\functions_by_source\wolf_engine\e21cc1c6913d__e21cc1c6913d__schemas.functions.py,1,ast,1066
wolf_engine,C:\Users\mydyi\OneDrive\Documents\Desktop\clearbox-plugins\wolf_engine\services\forge_service.py,C:\Users\mydyi\OneDrive\Documents\Desktop\Python_Reasoning_Engines_20260515_172849\files\wolf_engine\af1e97bdf23f__forge_service.py,C:\Users\mydyi\OneDrive\Documents\Desktop\Python_Reasoning_Functions_20260515_173222\functions_by_source\wolf_engine\af1e97bdf23f__af1e97bdf23f__forge_service.functions.py,8,ast,3932
wolf_engine,C:\Users\mydyi\OneDrive\Documents\Desktop\clearbox-plugins\wolf_engine\services\gateway.py,C:\Users\mydyi\OneDrive\Documents\Desktop\Python_Reasoning_Engines_20260515_172849\files\wolf_engine\bc6ffb20fef8__gateway.py,C:\Users\mydyi\OneDrive\Documents\Desktop\Python_Reasoning_Functions_20260515_173222\functions_by_source\wolf_engine\bc6ffb20fef8__bc6ffb20fef8__gateway.functions.py,2,ast,3816
wolf_engine,C:\Users\mydyi\OneDrive\Documents\Desktop\clearbox-plugins\wolf_engine\services\health.py,C:\Users\mydyi\OneDrive\Documents\Desktop\Python_Reasoning_Engines_20260515_172849\files\wolf_engine\020cfbca49f8__health.py,C:\Users\mydyi\OneDrive\Documents\Desktop\Python_Reasoning_Functions_20260515_173222\functions_by_source\wolf_engine\020cfbca49f8__020cfbca49f8__health.functions.py,12,ast,4349
wolf_engine,C:\Users\mydyi\OneDrive\Documents\Desktop\clearbox-plugins\wolf_engine\services\perception_service.py,C:\Users\mydyi\OneDrive\Documents\Desktop\Python_Reasoning_Engines_20260515_172849\files\wolf_engine\f01811aa516c__perception_service.py,C:\Users\mydyi\OneDrive\Documents\Desktop\Python_Reasoning_Functions_20260515_173222\functions_by_source\wolf_engine\f01811aa516c__f01811aa516c__perception_service.functions.py,7,ast,3884
wolf_engine,C:\Users\mydyi\OneDrive\Documents\Desktop\clearbox-plugins\wolf_engine\services\protocol.py,C:\Users\mydyi\OneDrive\Documents\Desktop\Python_Reasoning_Engines_20260515_172849\files\wolf_engine\e8fe93a9f8cc__protocol.py,C:\Users\mydyi\OneDrive\Documents\Desktop\Python_Reasoning_Functions_20260515_173222\functions_by_source\wolf_engine\e8fe93a9f8cc__e8fe93a9f8cc__protocol.functions.py,10,ast,2814
wolf_engine,C:\Users\mydyi\OneDrive\Documents\Desktop\clearbox-plugins\wolf_engine\sql\sqlite_reader.py,C:\Users\mydyi\OneDrive\Documents\Desktop\Python_Reasoning_Engines_20260515_172849\files\wolf_engine\8def761f2d1e__sqlite_reader.py,C:\Users\mydyi\OneDrive\Documents\Desktop\Python_Reasoning_Functions_20260515_173222\functions_by_source\wolf_engine\8def761f2d1e__8def761f2d1e__sqlite_reader.functions.py,5,ast,4241
wolf_engine,C:\Users\mydyi\OneDrive\Documents\Desktop\clearbox-plugins\wolf_engine\sql\sqlite_writer.py,C:\Users\mydyi\OneDrive\Documents\Desktop\Python_Reasoning_Engines_20260515_172849\files\wolf_engine\697d157df245__sqlite_writer.py,C:\Users\mydyi\OneDrive\Documents\Desktop\Python_Reasoning_Functions_20260515_173222\functions_by_source\wolf_engine\697d157df245__697d157df245__sqlite_writer.functions.py,12,ast,7413
wolf_engine,C:\Users\mydyi\OneDrive\Documents\Desktop\clearbox-plugins\wolf_engine\start.py,C:\Users\mydyi\OneDrive\Documents\Desktop\Python_Reasoning_Engines_20260515_172849\files\wolf_engine\60c776b14ea2__start.py,C:\Users\mydyi\OneDrive\Documents\Desktop\Python_Reasoning_Functions_20260515_173222\functions_by_source\wolf_engine\60c776b14ea2__60c776b14ea2__start.functions.py,3,ast,4241
wolf_engine,C:\Users\mydyi\OneDrive\Documents\Desktop\clearbox-plugins\wolf_engine\stop.py,C:\Users\mydyi\OneDrive\Documents\Desktop\Python_Reasoning_Engines_20260515_172849\files\wolf_engine\0a01aacf6b4d__stop.py,C:\Users\mydyi\OneDrive\Documents\Desktop\Python_Reasoning_Functions_20260515_173222\functions_by_source\wolf_engine\0a01aacf6b4d__0a01aacf6b4d__stop.functions.py,1,ast,1576
wolf_engine,C:\Users\mydyi\OneDrive\Documents\Desktop\clearbox-plugins\wolf_engine\tests\conftest.py,C:\Users\mydyi\OneDrive\Documents\Desktop\Python_Reasoning_Engines_20260515_172849\files\wolf_engine\73f90919b77d__conftest.py,C:\Users\mydyi\OneDrive\Documents\Desktop\Python_Reasoning_Functions_20260515_173222\functions_by_source\wolf_engine\73f90919b77d__73f90919b77d__conftest.functions.py,8,ast,3461
wolf_engine,C:\Users\mydyi\OneDrive\Documents\Desktop\clearbox-plugins\wolf_engine\tests\test_acceptance.py,C:\Users\mydyi\OneDrive\Documents\Desktop\Python_Reasoning_Engines_20260515_172849\files\wolf_engine\2d239c16e57e__test_acceptance.py,C:\Users\mydyi\OneDrive\Documents\Desktop\Python_Reasoning_Functions_20260515_173222\functions_by_source\wolf_engine\2d239c16e57e__2d239c16e57e__test_acceptance.functions.py,6,ast,4952
wolf_engine,C:\Users\mydyi\OneDrive\Documents\Desktop\clearbox-plugins\wolf_engine\tests\test_api.py,C:\Users\mydyi\OneDrive\Documents\Desktop\Python_Reasoning_Engines_20260515_172849\files\wolf_engine\c6a83a3cdf4e__test_api.py,C:\Users\mydyi\OneDrive\Documents\Desktop\Python_Reasoning_Functions_20260515_173222\functions_by_source\wolf_engine\c6a83a3cdf4e__c6a83a3cdf4e__test_api.functions.py,42,ast,19250
wolf_engine,C:\Users\mydyi\OneDrive\Documents\Desktop\clearbox-plugins\wolf_engine\tests\test_archon.py,C:\Users\mydyi\OneDrive\Documents\Desktop\Python_Reasoning_Engines_20260515_172849\files\wolf_engine\49b22be5e16d__test_archon.py,C:\Users\mydyi\OneDrive\Documents\Desktop\Python_Reasoning_Functions_20260515_173222\functions_by_source\wolf_engine\49b22be5e16d__49b22be5e16d__test_archon.functions.py,42,ast,16187
wolf_engine,C:\Users\mydyi\OneDrive\Documents\Desktop\clearbox-plugins\wolf_engine\tests\test_engine.py,C:\Users\mydyi\OneDrive\Documents\Desktop\Python_Reasoning_Engines_20260515_172849\files\wolf_engine\19614e195238__test_engine.py,C:\Users\mydyi\OneDrive\Documents\Desktop\Python_Reasoning_Functions_20260515_173222\functions_by_source\wolf_engine\19614e195238__19614e195238__test_engine.functions.py,9,ast,4001
wolf_engine,C:\Users\mydyi\OneDrive\Documents\Desktop\clearbox-plugins\wolf_engine\tests\test_evidence.py,C:\Users\mydyi\OneDrive\Documents\Desktop\Python_Reasoning_Engines_20260515_172849\files\wolf_engine\e1deeb0a64be__test_evidence.py,C:\Users\mydyi\OneDrive\Documents\Desktop\Python_Reasoning_Functions_20260515_173222\functions_by_source\wolf_engine\e1deeb0a64be__e1deeb0a64be__test_evidence.functions.py,29,ast,14107
wolf_engine,C:\Users\mydyi\OneDrive\Documents\Desktop\clearbox-plugins\wolf_engine\tests\test_gpu.py,C:\Users\mydyi\OneDrive\Documents\Desktop\Python_Reasoning_Engines_20260515_172849\files\wolf_engine\012173e58c4f__test_gpu.py,C:\Users\mydyi\OneDrive\Documents\Desktop\Python_Reasoning_Functions_20260515_173222\functions_by_source\wolf_engine\012173e58c4f__012173e58c4f__test_gpu.functions.py,34,ast,13850
wolf_engine,C:\Users\mydyi\OneDrive\Documents\Desktop\clearbox-plugins\wolf_engine\tests\test_metrics.py,C:\Users\mydyi\OneDrive\Documents\Desktop\Python_Reasoning_Engines_20260515_172849\files\wolf_engine\1dc00befd940__test_metrics.py,C:\Users\mydyi\OneDrive\Documents\Desktop\Python_Reasoning_Functions_20260515_173222\functions_by_source\wolf_engine\1dc00befd940__1dc00befd940__test_metrics.functions.py,17,ast,8124
wolf_engine,C:\Users\mydyi\OneDrive\Documents\Desktop\clearbox-plugins\wolf_engine\tests\test_modules.py,C:\Users\mydyi\OneDrive\Documents\Desktop\Python_Reasoning_Engines_20260515_172849\files\wolf_engine\0f44035d1c2d__test_modules.py,C:\Users\mydyi\OneDrive\Documents\Desktop\Python_Reasoning_Functions_20260515_173222\functions_by_source\wolf_engine\0f44035d1c2d__0f44035d1c2d__test_modules.functions.py,19,ast,7052
wolf_engine,C:\Users\mydyi\OneDrive\Documents\Desktop\clearbox-plugins\wolf_engine\tests\test_reasoning.py,C:\Users\mydyi\OneDrive\Documents\Desktop\Python_Reasoning_Engines_20260515_172849\files\wolf_engine\a0ab7cbb0e57__test_reasoning.py,C:\Users\mydyi\OneDrive\Documents\Desktop\Python_Reasoning_Functions_20260515_173222\functions_by_source\wolf_engine\a0ab7cbb0e57__a0ab7cbb0e57__test_reasoning.functions.py,37,ast,16447
wolf_engine,C:\Users\mydyi\OneDrive\Documents\Desktop\clearbox-plugins\wolf_engine\tests\test_services.py,C:\Users\mydyi\OneDrive\Documents\Desktop\Python_Reasoning_Engines_20260515_172849\files\wolf_engine\cde9e77a88bb__test_services.py,C:\Users\mydyi\OneDrive\Documents\Desktop\Python_Reasoning_Functions_20260515_173222\functions_by_source\wolf_engine\cde9e77a88bb__cde9e77a88bb__test_services.functions.py,14,ast,10216
wolf_engine,C:\Users\mydyi\OneDrive\Documents\Desktop\clearbox-plugins\wolf_engine\tests\test_stress.py,C:\Users\mydyi\OneDrive\Documents\Desktop\Python_Reasoning_Engines_20260515_172849\files\wolf_engine\4e5dd001a977__test_stress.py,C:\Users\mydyi\OneDrive\Documents\Desktop\Python_Reasoning_Functions_20260515_173222\functions_by_source\wolf_engine\4e5dd001a977__4e5dd001a977__test_stress.functions.py,6,ast,6781
wolf_engine,E:\Clearbox-AI-Plugin-Runner-main\Clearbox-AI-Plugin-Runner-main\plugins\wolf_engine\api\router.py,C:\Users\mydyi\OneDrive\Documents\Desktop\Python_Reasoning_Engines_20260515_172849\files\wolf_engine\091bb40d1b1b__router.py,C:\Users\mydyi\OneDrive\Documents\Desktop\Python_Reasoning_Functions_20260515_173222\functions_by_source\wolf_engine\091bb40d1b1b__091bb40d1b1b__router.functions.py,25,ast,11741
wolf_engine,E:\Clearbox-AI-Plugin-Runner-main\Clearbox-AI-Plugin-Runner-main\plugins\wolf_engine\archon\cam_stub.py,C:\Users\mydyi\OneDrive\Documents\Desktop\Python_Reasoning_Engines_20260515_172849\files\wolf_engine\3097af27d1fe__cam_stub.py,C:\Users\mydyi\OneDrive\Documents\Desktop\Python_Reasoning_Functions_20260515_173222\functions_by_source\wolf_engine\3097af27d1fe__3097af27d1fe__cam_stub.functions.py,4,ast,2646
wolf_engine,E:\Clearbox-AI-Plugin-Runner-main\Clearbox-AI-Plugin-Runner-main\plugins\wolf_engine\archon\judge.py,C:\Users\mydyi\OneDrive\Documents\Desktop\Python_Reasoning_Engines_20260515_172849\files\wolf_engine\459d728ff4b4__judge.py,C:\Users\mydyi\OneDrive\Documents\Desktop\Python_Reasoning_Functions_20260515_173222\functions_by_source\wolf_engine\459d728ff4b4__459d728ff4b4__judge.functions.py,10,ast,13266
wolf_engine,E:\Clearbox-AI-Plugin-Runner-main\Clearbox-AI-Plugin-Runner-main\plugins\wolf_engine\archon\orchestrator.py,C:\Users\mydyi\OneDrive\Documents\Desktop\Python_Reasoning_Engines_20260515_172849\files\wolf_engine\0c83645ed4ae__orchestrator.py,C:\Users\mydyi\OneDrive\Documents\Desktop\Python_Reasoning_Functions_20260515_173222\functions_by_source\wolf_engine\0c83645ed4ae__0c83645ed4ae__orchestrator.functions.py,5,ast,3463
wolf_engine,E:\Clearbox-AI-Plugin-Runner-main\Clearbox-AI-Plugin-Runner-main\plugins\wolf_engine\archon\verdict.py,C:\Users\mydyi\OneDrive\Documents\Desktop\Python_Reasoning_Engines_20260515_172849\files\wolf_engine\613f076d25b2__verdict.py,C:\Users\mydyi\OneDrive\Documents\Desktop\Python_Reasoning_Functions_20260515_173222\functions_by_source\wolf_engine\613f076d25b2__613f076d25b2__verdict.functions.py,8,ast,3916
wolf_engine,E:\Clearbox-AI-Plugin-Runner-main\Clearbox-AI-Plugin-Runner-main\plugins\wolf_engine\config.py,C:\Users\mydyi\OneDrive\Documents\Desktop\Python_Reasoning_Engines_20260515_172849\files\wolf_engine\f3771486053a__config.py,C:\Users\mydyi\OneDrive\Documents\Desktop\Python_Reasoning_Functions_20260515_173222\functions_by_source\wolf_engine\f3771486053a__f3771486053a__config.functions.py,1,ast,2310
wolf_engine,E:\Clearbox-AI-Plugin-Runner-main\Clearbox-AI-Plugin-Runner-main\plugins\wolf_engine\core\engine.py,C:\Users\mydyi\OneDrive\Documents\Desktop\Python_Reasoning_Engines_20260515_172849\files\wolf_engine\c0e89d5f1697__engine.py,C:\Users\mydyi\OneDrive\Documents\Desktop\Python_Reasoning_Functions_20260515_173222\functions_by_source\wolf_engine\c0e89d5f1697__c0e89d5f1697__engine.functions.py,20,ast,16557
wolf_engine,E:\Clearbox-AI-Plugin-Runner-main\Clearbox-AI-Plugin-Runner-main\plugins\wolf_engine\dashboard\app.py,C:\Users\mydyi\OneDrive\Documents\Desktop\Python_Reasoning_Engines_20260515_172849\files\wolf_engine\97cf21780976__app.py,C:\Users\mydyi\OneDrive\Documents\Desktop\Python_Reasoning_Functions_20260515_173222\functions_by_source\wolf_engine\97cf21780976__97cf21780976__app.functions.py,2,ast,13667
wolf_engine,E:\Clearbox-AI-Plugin-Runner-main\Clearbox-AI-Plugin-Runner-main\plugins\wolf_engine\dashboard\web.py,C:\Users\mydyi\OneDrive\Documents\Desktop\Python_Reasoning_Engines_20260515_172849\files\wolf_engine\27375abe95ea__web.py,C:\Users\mydyi\OneDrive\Documents\Desktop\Python_Reasoning_Functions_20260515_173222\functions_by_source\wolf_engine\27375abe95ea__27375abe95ea__web.functions.py,3,ast,6084
wolf_engine,E:\Clearbox-AI-Plugin-Runner-main\Clearbox-AI-Plugin-Runner-main\plugins\wolf_engine\evidence\fusion.py,C:\Users\mydyi\OneDrive\Documents\Desktop\Python_Reasoning_Engines_20260515_172849\files\wolf_engine\e30013874a34__fusion.py,C:\Users\mydyi\OneDrive\Documents\Desktop\Python_Reasoning_Functions_20260515_173222\functions_by_source\wolf_engine\e30013874a34__e30013874a34__fusion.functions.py,7,ast,4440
wolf_engine,E:\Clearbox-AI-Plugin-Runner-main\Clearbox-AI-Plugin-Runner-main\plugins\wolf_engine\evidence\session_manager.py,C:\Users\mydyi\OneDrive\Documents\Desktop\Python_Reasoning_Engines_20260515_172849\files\wolf_engine\1e9a6a607765__session_manager.py,C:\Users\mydyi\OneDrive\Documents\Desktop\Python_Reasoning_Functions_20260515_173222\functions_by_source\wolf_engine\1e9a6a607765__1e9a6a607765__session_manager.functions.py,9,ast,4907
wolf_engine,E:\Clearbox-AI-Plugin-Runner-main\Clearbox-AI-Plugin-Runner-main\plugins\wolf_engine\evidence\timebase.py,C:\Users\mydyi\OneDrive\Documents\Desktop\Python_Reasoning_Engines_20260515_172849\files\wolf_engine\c25e239c4722__timebase.py,C:\Users\mydyi\OneDrive\Documents\Desktop\Python_Reasoning_Functions_20260515_173222\functions_by_source\wolf_engine\c25e239c4722__c25e239c4722__timebase.functions.py,6,ast,2277
wolf_engine,E:\Clearbox-AI-Plugin-Runner-main\Clearbox-AI-Plugin-Runner-main\plugins\wolf_engine\evidence\worker_base.py,C:\Users\mydyi\OneDrive\Documents\Desktop\Python_Reasoning_Engines_20260515_172849\files\wolf_engine\501921d82c9b__worker_base.py,C:\Users\mydyi\OneDrive\Documents\Desktop\Python_Reasoning_Functions_20260515_173222\functions_by_source\wolf_engine\501921d82c9b__501921d82c9b__worker_base.functions.py,8,ast,4416
wolf_engine,E:\Clearbox-AI-Plugin-Runner-main\Clearbox-AI-Plugin-Runner-main\plugins\wolf_engine\evidence\workers.py,C:\Users\mydyi\OneDrive\Documents\Desktop\Python_Reasoning_Engines_20260515_172849\files\wolf_engine\ba090ddafc30__workers.py,C:\Users\mydyi\OneDrive\Documents\Desktop\Python_Reasoning_Functions_20260515_173222\functions_by_source\wolf_engine\ba090ddafc30__ba090ddafc30__workers.functions.py,9,ast,7382
wolf_engine,E:\Clearbox-AI-Plugin-Runner-main\Clearbox-AI-Plugin-Runner-main\plugins\wolf_engine\forge\forge_memory.py,C:\Users\mydyi\OneDrive\Documents\Desktop\Python_Reasoning_Engines_20260515_172849\files\wolf_engine\a80fb37e54a2__forge_memory.py,C:\Users\mydyi\OneDrive\Documents\Desktop\Python_Reasoning_Functions_20260515_173222\functions_by_source\wolf_engine\a80fb37e54a2__a80fb37e54a2__forge_memory.functions.py,6,ast,4376
wolf_engine,E:\Clearbox-AI-Plugin-Runner-main\Clearbox-AI-Plugin-Runner-main\plugins\wolf_engine\gnome\gnome_service.py,C:\Users\mydyi\OneDrive\Documents\Desktop\Python_Reasoning_Engines_20260515_172849\files\wolf_engine\d147a8e26993__gnome_service.py,C:\Users\mydyi\OneDrive\Documents\Desktop\Python_Reasoning_Functions_20260515_173222\functions_by_source\wolf_engine\d147a8e26993__d147a8e26993__gnome_service.functions.py,3,ast,2930
wolf_engine,E:\Clearbox-AI-Plugin-Runner-main\Clearbox-AI-Plugin-Runner-main\plugins\wolf_engine\gnome\integrity.py,C:\Users\mydyi\OneDrive\Documents\Desktop\Python_Reasoning_Engines_20260515_172849\files\wolf_engine\97751c596d43__integrity.py,C:\Users\mydyi\OneDrive\Documents\Desktop\Python_Reasoning_Functions_20260515_173222\functions_by_source\wolf_engine\97751c596d43__97751c596d43__integrity.functions.py,2,ast,874
wolf_engine,E:\Clearbox-AI-Plugin-Runner-main\Clearbox-AI-Plugin-Runner-main\plugins\wolf_engine\gnome\symbol_genome_loader.py,C:\Users\mydyi\OneDrive\Documents\Desktop\Python_Reasoning_Engines_20260515_172849\files\wolf_engine\ac712543d09f__symbol_genome_loader.py,C:\Users\mydyi\OneDrive\Documents\Desktop\Python_Reasoning_Functions_20260515_173222\functions_by_source\wolf_engine\ac712543d09f__ac712543d09f__symbol_genome_loader.functions.py,4,ast,2028
wolf_engine,E:\Clearbox-AI-Plugin-Runner-main\Clearbox-AI-Plugin-Runner-main\plugins\wolf_engine\gnome\symbolizer.py,C:\Users\mydyi\OneDrive\Documents\Desktop\Python_Reasoning_Engines_20260515_172849\files\wolf_engine\eaaf73baea62__symbolizer.py,C:\Users\mydyi\OneDrive\Documents\Desktop\Python_Reasoning_Functions_20260515_173222\functions_by_source\wolf_engine\eaaf73baea62__eaaf73baea62__symbolizer.functions.py,3,ast,1639
wolf_engine,E:\Clearbox-AI-Plugin-Runner-main\Clearbox-AI-Plugin-Runner-main\plugins\wolf_engine\gpu\device.py,C:\Users\mydyi\OneDrive\Documents\Desktop\Python_Reasoning_Engines_20260515_172849\files\wolf_engine\e5fb6e36c050__device.py,C:\Users\mydyi\OneDrive\Documents\Desktop\Python_Reasoning_Functions_20260515_173222\functions_by_source\wolf_engine\e5fb6e36c050__e5fb6e36c050__device.functions.py,6,ast,2593
wolf_engine,E:\Clearbox-AI-Plugin-Runner-main\Clearbox-AI-Plugin-Runner-main\plugins\wolf_engine\gpu\forge_memory_gpu.py,C:\Users\mydyi\OneDrive\Documents\Desktop\Python_Reasoning_Engines_20260515_172849\files\wolf_engine\3ea775360fd5__forge_memory_gpu.py,C:\Users\mydyi\OneDrive\Documents\Desktop\Python_Reasoning_Functions_20260515_173222\functions_by_source\wolf_engine\3ea775360fd5__3ea775360fd5__forge_memory_gpu.functions.py,7,ast,5246
wolf_engine,E:\Clearbox-AI-Plugin-Runner-main\Clearbox-AI-Plugin-Runner-main\plugins\wolf_engine\gpu\ncv_batch.py,C:\Users\mydyi\OneDrive\Documents\Desktop\Python_Reasoning_Engines_20260515_172849\files\wolf_engine\22ac573c48c3__ncv_batch.py,C:\Users\mydyi\OneDrive\Documents\Desktop\Python_Reasoning_Functions_20260515_173222\functions_by_source\wolf_engine\22ac573c48c3__22ac573c48c3__ncv_batch.functions.py,3,ast,3641
wolf_engine,E:\Clearbox-AI-Plugin-Runner-main\Clearbox-AI-Plugin-Runner-main\plugins\wolf_engine\gpu\window_engine.py,C:\Users\mydyi\OneDrive\Documents\Desktop\Python_Reasoning_Engines_20260515_172849\files\wolf_engine\da3a86fe76e0__window_engine.py,C:\Users\mydyi\OneDrive\Documents\Desktop\Python_Reasoning_Functions_20260515_173222\functions_by_source\wolf_engine\da3a86fe76e0__da3a86fe76e0__window_engine.functions.py,3,ast,3470
wolf_engine,E:\Clearbox-AI-Plugin-Runner-main\Clearbox-AI-Plugin-Runner-main\plugins\wolf_engine\logging_config.py,C:\Users\mydyi\OneDrive\Documents\Desktop\Python_Reasoning_Engines_20260515_172849\files\wolf_engine\dd131213f188__logging_config.py,C:\Users\mydyi\OneDrive\Documents\Desktop\Python_Reasoning_Functions_20260515_173222\functions_by_source\wolf_engine\dd131213f188__dd131213f188__logging_config.functions.py,2,ast,1547
wolf_engine,E:\Clearbox-AI-Plugin-Runner-main\Clearbox-AI-Plugin-Runner-main\plugins\wolf_engine\metrics\collector.py,C:\Users\mydyi\OneDrive\Documents\Desktop\Python_Reasoning_Engines_20260515_172849\files\wolf_engine\f83162370a3a__collector.py,C:\Users\mydyi\OneDrive\Documents\Desktop\Python_Reasoning_Functions_20260515_173222\functions_by_source\wolf_engine\f83162370a3a__f83162370a3a__collector.functions.py,14,ast,7998
wolf_engine,E:\Clearbox-AI-Plugin-Runner-main\Clearbox-AI-Plugin-Runner-main\plugins\wolf_engine\metrics\exporter.py,C:\Users\mydyi\OneDrive\Documents\Desktop\Python_Reasoning_Engines_20260515_172849\files\wolf_engine\55248cd07e95__exporter.py,C:\Users\mydyi\OneDrive\Documents\Desktop\Python_Reasoning_Functions_20260515_173222\functions_by_source\wolf_engine\55248cd07e95__55248cd07e95__exporter.functions.py,11,ast,7182
wolf_engine,E:\Clearbox-AI-Plugin-Runner-main\Clearbox-AI-Plugin-Runner-main\plugins\wolf_engine\modules\base.py,C:\Users\mydyi\OneDrive\Documents\Desktop\Python_Reasoning_Engines_20260515_172849\files\wolf_engine\831ffbb8f5c8__base.py,C:\Users\mydyi\OneDrive\Documents\Desktop\Python_Reasoning_Functions_20260515_173222\functions_by_source\wolf_engine\831ffbb8f5c8__831ffbb8f5c8__base.functions.py,6,ast,1505
wolf_engine,E:\Clearbox-AI-Plugin-Runner-main\Clearbox-AI-Plugin-Runner-main\plugins\wolf_engine\modules\loggers\ads_detector.py,C:\Users\mydyi\OneDrive\Documents\Desktop\Python_Reasoning_Engines_20260515_172849\files\wolf_engine\4def0289fbb8__ads_detector.py,C:\Users\mydyi\OneDrive\Documents\Desktop\Python_Reasoning_Functions_20260515_173222\functions_by_source\wolf_engine\4def0289fbb8__4def0289fbb8__ads_detector.functions.py,8,ast,4937
wolf_engine,E:\Clearbox-AI-Plugin-Runner-main\Clearbox-AI-Plugin-Runner-main\plugins\wolf_engine\modules\loggers\camera_movement.py,C:\Users\mydyi\OneDrive\Documents\Desktop\Python_Reasoning_Engines_20260515_172849\files\wolf_engine\45faeb181c0d__camera_movement.py,C:\Users\mydyi\OneDrive\Documents\Desktop\Python_Reasoning_Functions_20260515_173222\functions_by_source\wolf_engine\45faeb181c0d__45faeb181c0d__camera_movement.functions.py,6,ast,3482
wolf_engine,E:\Clearbox-AI-Plugin-Runner-main\Clearbox-AI-Plugin-Runner-main\plugins\wolf_engine\modules\loggers\input_logger.py,C:\Users\mydyi\OneDrive\Documents\Desktop\Python_Reasoning_Engines_20260515_172849\files\wolf_engine\f2122ca3a624__input_logger.py,C:\Users\mydyi\OneDrive\Documents\Desktop\Python_Reasoning_Functions_20260515_173222\functions_by_source\wolf_engine\f2122ca3a624__f2122ca3a624__input_logger.functions.py,4,ast,1366
wolf_engine,E:\Clearbox-AI-Plugin-Runner-main\Clearbox-AI-Plugin-Runner-main\plugins\wolf_engine\modules\loggers\movement_state.py,C:\Users\mydyi\OneDrive\Documents\Desktop\Python_Reasoning_Engines_20260515_172849\files\wolf_engine\daf55c61bb15__movement_state.py,C:\Users\mydyi\OneDrive\Documents\Desktop\Python_Reasoning_Functions_20260515_173222\functions_by_source\wolf_engine\daf55c61bb15__daf55c61bb15__movement_state.functions.py,10,ast,4457
wolf_engine,E:\Clearbox-AI-Plugin-Runner-main\Clearbox-AI-Plugin-Runner-main\plugins\wolf_engine\modules\loggers\network.py,C:\Users\mydyi\OneDrive\Documents\Desktop\Python_Reasoning_Engines_20260515_172849\files\wolf_engine\cbb16b879121__network.py,C:\Users\mydyi\OneDrive\Documents\Desktop\Python_Reasoning_Functions_20260515_173222\functions_by_source\wolf_engine\cbb16b879121__cbb16b879121__network.functions.py,4,ast,1368
wolf_engine,E:\Clearbox-AI-Plugin-Runner-main\Clearbox-AI-Plugin-Runner-main\plugins\wolf_engine\modules\loggers\process.py,C:\Users\mydyi\OneDrive\Documents\Desktop\Python_Reasoning_Engines_20260515_172849\files\wolf_engine\3e5045a36396__process.py,C:\Users\mydyi\OneDrive\Documents\Desktop\Python_Reasoning_Functions_20260515_173222\functions_by_source\wolf_engine\3e5045a36396__3e5045a36396__process.functions.py,4,ast,1368
wolf_engine,E:\Clearbox-AI-Plugin-Runner-main\Clearbox-AI-Plugin-Runner-main\plugins\wolf_engine\modules\loggers\system_perf.py,C:\Users\mydyi\OneDrive\Documents\Desktop\Python_Reasoning_Engines_20260515_172849\files\wolf_engine\17667d269323__system_perf.py,C:\Users\mydyi\OneDrive\Documents\Desktop\Python_Reasoning_Functions_20260515_173222\functions_by_source\wolf_engine\17667d269323__17667d269323__system_perf.functions.py,4,ast,1434
wolf_engine,E:\Clearbox-AI-Plugin-Runner-main\Clearbox-AI-Plugin-Runner-main\plugins\wolf_engine\modules\loggers\trigger_pull.py,C:\Users\mydyi\OneDrive\Documents\Desktop\Python_Reasoning_Engines_20260515_172849\files\wolf_engine\8b8638f8cede__trigger_pull.py,C:\Users\mydyi\OneDrive\Documents\Desktop\Python_Reasoning_Functions_20260515_173222\functions_by_source\wolf_engine\8b8638f8cede__8b8638f8cede__trigger_pull.functions.py,8,ast,4259
wolf_engine,E:\Clearbox-AI-Plugin-Runner-main\Clearbox-AI-Plugin-Runner-main\plugins\wolf_engine\modules\operators\crosshair_lock.py,C:\Users\mydyi\OneDrive\Documents\Desktop\Python_Reasoning_Engines_20260515_172849\files\wolf_engine\6addf3129833__crosshair_lock.py,C:\Users\mydyi\OneDrive\Documents\Desktop\Python_Reasoning_Functions_20260515_173222\functions_by_source\wolf_engine\6addf3129833__6addf3129833__crosshair_lock.functions.py,8,ast,4271
wolf_engine,E:\Clearbox-AI-Plugin-Runner-main\Clearbox-AI-Plugin-Runner-main\plugins\wolf_engine\modules\operators\edge_entry.py,C:\Users\mydyi\OneDrive\Documents\Desktop\Python_Reasoning_Engines_20260515_172849\files\wolf_engine\90c856d955ad__edge_entry.py,C:\Users\mydyi\OneDrive\Documents\Desktop\Python_Reasoning_Functions_20260515_173222\functions_by_source\wolf_engine\90c856d955ad__90c856d955ad__edge_entry.functions.py,7,ast,4121
wolf_engine,E:\Clearbox-AI-Plugin-Runner-main\Clearbox-AI-Plugin-Runner-main\plugins\wolf_engine\modules\operators\eomm_compositor.py,C:\Users\mydyi\OneDrive\Documents\Desktop\Python_Reasoning_Engines_20260515_172849\files\wolf_engine\b0003d9ad5f9__eomm_compositor.py,C:\Users\mydyi\OneDrive\Documents\Desktop\Python_Reasoning_Functions_20260515_173222\functions_by_source\wolf_engine\b0003d9ad5f9__b0003d9ad5f9__eomm_compositor.functions.py,7,ast,3213
wolf_engine,E:\Clearbox-AI-Plugin-Runner-main\Clearbox-AI-Plugin-Runner-main\plugins\wolf_engine\modules\operators\thermal_hitbox.py,C:\Users\mydyi\OneDrive\Documents\Desktop\Python_Reasoning_Engines_20260515_172849\files\wolf_engine\241bcc145448__thermal_hitbox.py,C:\Users\mydyi\OneDrive\Documents\Desktop\Python_Reasoning_Functions_20260515_173222\functions_by_source\wolf_engine\241bcc145448__241bcc145448__thermal_hitbox.functions.py,7,ast,5839
wolf_engine,E:\Clearbox-AI-Plugin-Runner-main\Clearbox-AI-Plugin-Runner-main\plugins\wolf_engine\modules\reasoning\cascade.py,C:\Users\mydyi\OneDrive\Documents\Desktop\Python_Reasoning_Engines_20260515_172849\files\wolf_engine\d5f645603810__cascade.py,C:\Users\mydyi\OneDrive\Documents\Desktop\Python_Reasoning_Functions_20260515_173222\functions_by_source\wolf_engine\d5f645603810__d5f645603810__cascade.functions.py,4,ast,1501
wolf_engine,E:\Clearbox-AI-Plugin-Runner-main\Clearbox-AI-Plugin-Runner-main\plugins\wolf_engine\modules\reasoning\causal.py,C:\Users\mydyi\OneDrive\Documents\Desktop\Python_Reasoning_Engines_20260515_172849\files\wolf_engine\7183ddf395c8__causal.py,C:\Users\mydyi\OneDrive\Documents\Desktop\Python_Reasoning_Functions_20260515_173222\functions_by_source\wolf_engine\7183ddf395c8__7183ddf395c8__causal.functions.py,4,ast,1534
wolf_engine,E:\Clearbox-AI-Plugin-Runner-main\Clearbox-AI-Plugin-Runner-main\plugins\wolf_engine\modules\reasoning\frame_to_grid.py,C:\Users\mydyi\OneDrive\Documents\Desktop\Python_Reasoning_Engines_20260515_172849\files\wolf_engine\86a68abfb7a6__frame_to_grid.py,C:\Users\mydyi\OneDrive\Documents\Desktop\Python_Reasoning_Functions_20260515_173222\functions_by_source\wolf_engine\86a68abfb7a6__86a68abfb7a6__frame_to_grid.functions.py,6,ast,3371
wolf_engine,E:\Clearbox-AI-Plugin-Runner-main\Clearbox-AI-Plugin-Runner-main\plugins\wolf_engine\modules\reasoning\ncv73_builder.py,C:\Users\mydyi\OneDrive\Documents\Desktop\Python_Reasoning_Engines_20260515_172849\files\wolf_engine\6db30a342d2b__ncv73_builder.py,C:\Users\mydyi\OneDrive\Documents\Desktop\Python_Reasoning_Functions_20260515_173222\functions_by_source\wolf_engine\6db30a342d2b__6db30a342d2b__ncv73_builder.functions.py,7,ast,2700
wolf_engine,E:\Clearbox-AI-Plugin-Runner-main\Clearbox-AI-Plugin-Runner-main\plugins\wolf_engine\modules\reasoning\pattern.py,C:\Users\mydyi\OneDrive\Documents\Desktop\Python_Reasoning_Engines_20260515_172849\files\wolf_engine\af3e14b797a0__pattern.py,C:\Users\mydyi\OneDrive\Documents\Desktop\Python_Reasoning_Functions_20260515_173222\functions_by_source\wolf_engine\af3e14b797a0__af3e14b797a0__pattern.functions.py,4,ast,1409
wolf_engine,E:\Clearbox-AI-Plugin-Runner-main\Clearbox-AI-Plugin-Runner-main\plugins\wolf_engine\modules\reasoning\window_builder.py,C:\Users\mydyi\OneDrive\Documents\Desktop\Python_Reasoning_Engines_20260515_172849\files\wolf_engine\a8f1c27bff82__window_builder.py,C:\Users\mydyi\OneDrive\Documents\Desktop\Python_Reasoning_Functions_20260515_173222\functions_by_source\wolf_engine\a8f1c27bff82__a8f1c27bff82__window_builder.functions.py,8,ast,2641
wolf_engine,E:\Clearbox-AI-Plugin-Runner-main\Clearbox-AI-Plugin-Runner-main\plugins\wolf_engine\modules\registry.py,C:\Users\mydyi\OneDrive\Documents\Desktop\Python_Reasoning_Engines_20260515_172849\files\wolf_engine\a88307bf7aca__registry.py,C:\Users\mydyi\OneDrive\Documents\Desktop\Python_Reasoning_Functions_20260515_173222\functions_by_source\wolf_engine\a88307bf7aca__a88307bf7aca__registry.functions.py,7,ast,3737
wolf_engine,E:\Clearbox-AI-Plugin-Runner-main\Clearbox-AI-Plugin-Runner-main\plugins\wolf_engine\pipeline.py,C:\Users\mydyi\OneDrive\Documents\Desktop\Python_Reasoning_Engines_20260515_172849\files\wolf_engine\0d0241762bc3__pipeline.py,C:\Users\mydyi\OneDrive\Documents\Desktop\Python_Reasoning_Functions_20260515_173222\functions_by_source\wolf_engine\0d0241762bc3__0d0241762bc3__pipeline.functions.py,1,ast,1665
wolf_engine,E:\Clearbox-AI-Plugin-Runner-main\Clearbox-AI-Plugin-Runner-main\plugins\wolf_engine\reasoning\cascade_engine.py,C:\Users\mydyi\OneDrive\Documents\Desktop\Python_Reasoning_Engines_20260515_172849\files\wolf_engine\21490fa9b466__cascade_engine.py,C:\Users\mydyi\OneDrive\Documents\Desktop\Python_Reasoning_Functions_20260515_173222\functions_by_source\wolf_engine\21490fa9b466__21490fa9b466__cascade_engine.functions.py,7,ast,4935
wolf_engine,E:\Clearbox-AI-Plugin-Runner-main\Clearbox-AI-Plugin-Runner-main\plugins\wolf_engine\reasoning\causal_analyzer.py,C:\Users\mydyi\OneDrive\Documents\Desktop\Python_Reasoning_Engines_20260515_172849\files\wolf_engine\18895de43440__causal_analyzer.py,C:\Users\mydyi\OneDrive\Documents\Desktop\Python_Reasoning_Functions_20260515_173222\functions_by_source\wolf_engine\18895de43440__18895de43440__causal_analyzer.functions.py,5,ast,3196
wolf_engine,E:\Clearbox-AI-Plugin-Runner-main\Clearbox-AI-Plugin-Runner-main\plugins\wolf_engine\reasoning\engine.py,C:\Users\mydyi\OneDrive\Documents\Desktop\Python_Reasoning_Engines_20260515_172849\files\wolf_engine\c709ca4bcbfd__engine.py,C:\Users\mydyi\OneDrive\Documents\Desktop\Python_Reasoning_Functions_20260515_173222\functions_by_source\wolf_engine\c709ca4bcbfd__c709ca4bcbfd__engine.functions.py,7,ast,5356
wolf_engine,E:\Clearbox-AI-Plugin-Runner-main\Clearbox-AI-Plugin-Runner-main\plugins\wolf_engine\reasoning\pattern_detector.py,C:\Users\mydyi\OneDrive\Documents\Desktop\Python_Reasoning_Engines_20260515_172849\files\wolf_engine\1e762732efe3__pattern_detector.py,C:\Users\mydyi\OneDrive\Documents\Desktop\Python_Reasoning_Functions_20260515_173222\functions_by_source\wolf_engine\1e762732efe3__1e762732efe3__pattern_detector.functions.py,5,ast,5606
wolf_engine,E:\Clearbox-AI-Plugin-Runner-main\Clearbox-AI-Plugin-Runner-main\plugins\wolf_engine\reasoning\reasoning_service.py,C:\Users\mydyi\OneDrive\Documents\Desktop\Python_Reasoning_Engines_20260515_172849\files\wolf_engine\729721aebf99__reasoning_service.py,C:\Users\mydyi\OneDrive\Documents\Desktop\Python_Reasoning_Functions_20260515_173222\functions_by_source\wolf_engine\729721aebf99__729721aebf99__reasoning_service.functions.py,9,ast,7411
wolf_engine,E:\Clearbox-AI-Plugin-Runner-main\Clearbox-AI-Plugin-Runner-main\plugins\wolf_engine\restart.py,C:\Users\mydyi\OneDrive\Documents\Desktop\Python_Reasoning_Engines_20260515_172849\files\wolf_engine\643213f2259e__restart.py,C:\Users\mydyi\OneDrive\Documents\Desktop\Python_Reasoning_Functions_20260515_173222\functions_by_source\wolf_engine\643213f2259e__643213f2259e__restart.functions.py,1,ast,837
wolf_engine,E:\Clearbox-AI-Plugin-Runner-main\Clearbox-AI-Plugin-Runner-main\plugins\wolf_engine\schemas.py,C:\Users\mydyi\OneDrive\Documents\Desktop\Python_Reasoning_Engines_20260515_172849\files\wolf_engine\8de67c7946ba__schemas.py,C:\Users\mydyi\OneDrive\Documents\Desktop\Python_Reasoning_Functions_20260515_173222\functions_by_source\wolf_engine\8de67c7946ba__8de67c7946ba__schemas.functions.py,1,ast,1080
wolf_engine,E:\Clearbox-AI-Plugin-Runner-main\Clearbox-AI-Plugin-Runner-main\plugins\wolf_engine\services\forge_service.py,C:\Users\mydyi\OneDrive\Documents\Desktop\Python_Reasoning_Engines_20260515_172849\files\wolf_engine\d6e870a1a71c__forge_service.py,C:\Users\mydyi\OneDrive\Documents\Desktop\Python_Reasoning_Functions_20260515_173222\functions_by_source\wolf_engine\d6e870a1a71c__d6e870a1a71c__forge_service.functions.py,8,ast,3946
wolf_engine,E:\Clearbox-AI-Plugin-Runner-main\Clearbox-AI-Plugin-Runner-main\plugins\wolf_engine\services\gateway.py,C:\Users\mydyi\OneDrive\Documents\Desktop\Python_Reasoning_Engines_20260515_172849\files\wolf_engine\085f5c3f52e7__gateway.py,C:\Users\mydyi\OneDrive\Documents\Desktop\Python_Reasoning_Functions_20260515_173222\functions_by_source\wolf_engine\085f5c3f52e7__085f5c3f52e7__gateway.functions.py,2,ast,3830
wolf_engine,E:\Clearbox-AI-Plugin-Runner-main\Clearbox-AI-Plugin-Runner-main\plugins\wolf_engine\services\health.py,C:\Users\mydyi\OneDrive\Documents\Desktop\Python_Reasoning_Engines_20260515_172849\files\wolf_engine\fc6329d5c938__health.py,C:\Users\mydyi\OneDrive\Documents\Desktop\Python_Reasoning_Functions_20260515_173222\functions_by_source\wolf_engine\fc6329d5c938__fc6329d5c938__health.functions.py,12,ast,4363
wolf_engine,E:\Clearbox-AI-Plugin-Runner-main\Clearbox-AI-Plugin-Runner-main\plugins\wolf_engine\services\perception_service.py,C:\Users\mydyi\OneDrive\Documents\Desktop\Python_Reasoning_Engines_20260515_172849\files\wolf_engine\92ad5549e790__perception_service.py,C:\Users\mydyi\OneDrive\Documents\Desktop\Python_Reasoning_Functions_20260515_173222\functions_by_source\wolf_engine\92ad5549e790__92ad5549e790__perception_service.functions.py,7,ast,3898
wolf_engine,E:\Clearbox-AI-Plugin-Runner-main\Clearbox-AI-Plugin-Runner-main\plugins\wolf_engine\services\protocol.py,C:\Users\mydyi\OneDrive\Documents\Desktop\Python_Reasoning_Engines_20260515_172849\files\wolf_engine\9526dbb9e41e__protocol.py,C:\Users\mydyi\OneDrive\Documents\Desktop\Python_Reasoning_Functions_20260515_173222\functions_by_source\wolf_engine\9526dbb9e41e__9526dbb9e41e__protocol.functions.py,10,ast,2828
wolf_engine,E:\Clearbox-AI-Plugin-Runner-main\Clearbox-AI-Plugin-Runner-main\plugins\wolf_engine\sql\sqlite_reader.py,C:\Users\mydyi\OneDrive\Documents\Desktop\Python_Reasoning_Engines_20260515_172849\files\wolf_engine\98f05b5fdfd5__sqlite_reader.py,C:\Users\mydyi\OneDrive\Documents\Desktop\Python_Reasoning_Functions_20260515_173222\functions_by_source\wolf_engine\98f05b5fdfd5__98f05b5fdfd5__sqlite_reader.functions.py,5,ast,4255
wolf_engine,E:\Clearbox-AI-Plugin-Runner-main\Clearbox-AI-Plugin-Runner-main\plugins\wolf_engine\sql\sqlite_writer.py,C:\Users\mydyi\OneDrive\Documents\Desktop\Python_Reasoning_Engines_20260515_172849\files\wolf_engine\8f1b35c59f83__sqlite_writer.py,C:\Users\mydyi\OneDrive\Documents\Desktop\Python_Reasoning_Functions_20260515_173222\functions_by_source\wolf_engine\8f1b35c59f83__8f1b35c59f83__sqlite_writer.functions.py,12,ast,7427
wolf_engine,E:\Clearbox-AI-Plugin-Runner-main\Clearbox-AI-Plugin-Runner-main\plugins\wolf_engine\start.py,C:\Users\mydyi\OneDrive\Documents\Desktop\Python_Reasoning_Engines_20260515_172849\files\wolf_engine\28206f4778cc__start.py,C:\Users\mydyi\OneDrive\Documents\Desktop\Python_Reasoning_Functions_20260515_173222\functions_by_source\wolf_engine\28206f4778cc__28206f4778cc__start.functions.py,3,ast,4255
wolf_engine,E:\Clearbox-AI-Plugin-Runner-main\Clearbox-AI-Plugin-Runner-main\plugins\wolf_engine\stop.py,C:\Users\mydyi\OneDrive\Documents\Desktop\Python_Reasoning_Engines_20260515_172849\files\wolf_engine\14e7e15bf215__stop.py,C:\Users\mydyi\OneDrive\Documents\Desktop\Python_Reasoning_Functions_20260515_173222\functions_by_source\wolf_engine\14e7e15bf215__14e7e15bf215__stop.functions.py,1,ast,1590
wolf_engine,E:\Clearbox-AI-Plugin-Runner-main\Clearbox-AI-Plugin-Runner-main\plugins\wolf_engine\tests\conftest.py,C:\Users\mydyi\OneDrive\Documents\Desktop\Python_Reasoning_Engines_20260515_172849\files\wolf_engine\f6f6b9af9613__conftest.py,C:\Users\mydyi\OneDrive\Documents\Desktop\Python_Reasoning_Functions_20260515_173222\functions_by_source\wolf_engine\f6f6b9af9613__f6f6b9af9613__conftest.functions.py,8,ast,3475
wolf_engine,E:\Clearbox-AI-Plugin-Runner-main\Clearbox-AI-Plugin-Runner-main\plugins\wolf_engine\tests\test_acceptance.py,C:\Users\mydyi\OneDrive\Documents\Desktop\Python_Reasoning_Engines_20260515_172849\files\wolf_engine\50928038ff4e__test_acceptance.py,C:\Users\mydyi\OneDrive\Documents\Desktop\Python_Reasoning_Functions_20260515_173222\functions_by_source\wolf_engine\50928038ff4e__50928038ff4e__test_acceptance.functions.py,6,ast,4966
wolf_engine,E:\Clearbox-AI-Plugin-Runner-main\Clearbox-AI-Plugin-Runner-main\plugins\wolf_engine\tests\test_api.py,C:\Users\mydyi\OneDrive\Documents\Desktop\Python_Reasoning_Engines_20260515_172849\files\wolf_engine\5fe508ecbe67__test_api.py,C:\Users\mydyi\OneDrive\Documents\Desktop\Python_Reasoning_Functions_20260515_173222\functions_by_source\wolf_engine\5fe508ecbe67__5fe508ecbe67__test_api.functions.py,42,ast,19264
wolf_engine,E:\Clearbox-AI-Plugin-Runner-main\Clearbox-AI-Plugin-Runner-main\plugins\wolf_engine\tests\test_archon.py,C:\Users\mydyi\OneDrive\Documents\Desktop\Python_Reasoning_Engines_20260515_172849\files\wolf_engine\464213fca6a0__test_archon.py,C:\Users\mydyi\OneDrive\Documents\Desktop\Python_Reasoning_Functions_20260515_173222\functions_by_source\wolf_engine\464213fca6a0__464213fca6a0__test_archon.functions.py,42,ast,16201
wolf_engine,E:\Clearbox-AI-Plugin-Runner-main\Clearbox-AI-Plugin-Runner-main\plugins\wolf_engine\tests\test_engine.py,C:\Users\mydyi\OneDrive\Documents\Desktop\Python_Reasoning_Engines_20260515_172849\files\wolf_engine\3bd56a7ce842__test_engine.py,C:\Users\mydyi\OneDrive\Documents\Desktop\Python_Reasoning_Functions_20260515_173222\functions_by_source\wolf_engine\3bd56a7ce842__3bd56a7ce842__test_engine.functions.py,9,ast,4015
wolf_engine,E:\Clearbox-AI-Plugin-Runner-main\Clearbox-AI-Plugin-Runner-main\plugins\wolf_engine\tests\test_evidence.py,C:\Users\mydyi\OneDrive\Documents\Desktop\Python_Reasoning_Engines_20260515_172849\files\wolf_engine\efe9e51ae688__test_evidence.py,C:\Users\mydyi\OneDrive\Documents\Desktop\Python_Reasoning_Functions_20260515_173222\functions_by_source\wolf_engine\efe9e51ae688__efe9e51ae688__test_evidence.functions.py,29,ast,14121
wolf_engine,E:\Clearbox-AI-Plugin-Runner-main\Clearbox-AI-Plugin-Runner-main\plugins\wolf_engine\tests\test_gpu.py,C:\Users\mydyi\OneDrive\Documents\Desktop\Python_Reasoning_Engines_20260515_172849\files\wolf_engine\2c047c7912cc__test_gpu.py,C:\Users\mydyi\OneDrive\Documents\Desktop\Python_Reasoning_Functions_20260515_173222\functions_by_source\wolf_engine\2c047c7912cc__2c047c7912cc__test_gpu.functions.py,34,ast,13864
wolf_engine,E:\Clearbox-AI-Plugin-Runner-main\Clearbox-AI-Plugin-Runner-main\plugins\wolf_engine\tests\test_metrics.py,C:\Users\mydyi\OneDrive\Documents\Desktop\Python_Reasoning_Engines_20260515_172849\files\wolf_engine\16e5514bf682__test_metrics.py,C:\Users\mydyi\OneDrive\Documents\Desktop\Python_Reasoning_Functions_20260515_173222\functions_by_source\wolf_engine\16e5514bf682__16e5514bf682__test_metrics.functions.py,17,ast,8138
wolf_engine,E:\Clearbox-AI-Plugin-Runner-main\Clearbox-AI-Plugin-Runner-main\plugins\wolf_engine\tests\test_modules.py,C:\Users\mydyi\OneDrive\Documents\Desktop\Python_Reasoning_Engines_20260515_172849\files\wolf_engine\f4d299f1e3f3__test_modules.py,C:\Users\mydyi\OneDrive\Documents\Desktop\Python_Reasoning_Functions_20260515_173222\functions_by_source\wolf_engine\f4d299f1e3f3__f4d299f1e3f3__test_modules.functions.py,19,ast,7066
wolf_engine,E:\Clearbox-AI-Plugin-Runner-main\Clearbox-AI-Plugin-Runner-main\plugins\wolf_engine\tests\test_reasoning.py,C:\Users\mydyi\OneDrive\Documents\Desktop\Python_Reasoning_Engines_20260515_172849\files\wolf_engine\3e987549538b__test_reasoning.py,C:\Users\mydyi\OneDrive\Documents\Desktop\Python_Reasoning_Functions_20260515_173222\functions_by_source\wolf_engine\3e987549538b__3e987549538b__test_reasoning.functions.py,37,ast,16461
wolf_engine,E:\Clearbox-AI-Plugin-Runner-main\Clearbox-AI-Plugin-Runner-main\plugins\wolf_engine\tests\test_services.py,C:\Users\mydyi\OneDrive\Documents\Desktop\Python_Reasoning_Engines_20260515_172849\files\wolf_engine\8731c4042cd5__test_services.py,C:\Users\mydyi\OneDrive\Documents\Desktop\Python_Reasoning_Functions_20260515_173222\functions_by_source\wolf_engine\8731c4042cd5__8731c4042cd5__test_services.functions.py,14,ast,10230
wolf_engine,E:\Clearbox-AI-Plugin-Runner-main\Clearbox-AI-Plugin-Runner-main\plugins\wolf_engine\tests\test_stress.py,C:\Users\mydyi\OneDrive\Documents\Desktop\Python_Reasoning_Engines_20260515_172849\files\wolf_engine\a8adfa433398__test_stress.py,C:\Users\mydyi\OneDrive\Documents\Desktop\Python_Reasoning_Functions_20260515_173222\functions_by_source\wolf_engine\a8adfa433398__a8adfa433398__test_stress.functions.py,6,ast,6795
wolf_engine,F:\New folder\wolf_engine.py,C:\Users\mydyi\OneDrive\Documents\Desktop\Python_Reasoning_Engines_20260515_172849\files\wolf_engine\3e106869b313__wolf_engine.py,C:\Users\mydyi\OneDrive\Documents\Desktop\Python_Reasoning_Functions_20260515_173222\functions_by_source\wolf_engine\3e106869b313__3e106869b313__wolf_engine.functions.py,39,ast,20721
wolf_engine,G:\BACKUPS ONLY\clearbox-ai-studio-v2-main backup 1\plugins\wolf_engine\api\router.py,C:\Users\mydyi\OneDrive\Documents\Desktop\Python_Reasoning_Engines_20260515_172849\files\wolf_engine\682b41809110__router.py,C:\Users\mydyi\OneDrive\Documents\Desktop\Python_Reasoning_Functions_20260515_173222\functions_by_source\wolf_engine\682b41809110__682b41809110__router.functions.py,25,ast,11728
wolf_engine,G:\BACKUPS ONLY\clearbox-ai-studio-v2-main backup 1\plugins\wolf_engine\archon\cam_stub.py,C:\Users\mydyi\OneDrive\Documents\Desktop\Python_Reasoning_Engines_20260515_172849\files\wolf_engine\b0e081b69044__cam_stub.py,C:\Users\mydyi\OneDrive\Documents\Desktop\Python_Reasoning_Functions_20260515_173222\functions_by_source\wolf_engine\b0e081b69044__b0e081b69044__cam_stub.functions.py,4,ast,2633
wolf_engine,G:\BACKUPS ONLY\clearbox-ai-studio-v2-main backup 1\plugins\wolf_engine\archon\judge.py,C:\Users\mydyi\OneDrive\Documents\Desktop\Python_Reasoning_Engines_20260515_172849\files\wolf_engine\3068cb78617a__judge.py,C:\Users\mydyi\OneDrive\Documents\Desktop\Python_Reasoning_Functions_20260515_173222\functions_by_source\wolf_engine\3068cb78617a__3068cb78617a__judge.functions.py,10,ast,13253
wolf_engine,G:\BACKUPS ONLY\clearbox-ai-studio-v2-main backup 1\plugins\wolf_engine\archon\orchestrator.py,C:\Users\mydyi\OneDrive\Documents\Desktop\Python_Reasoning_Engines_20260515_172849\files\wolf_engine\c37047d420f2__orchestrator.py,C:\Users\mydyi\OneDrive\Documents\Desktop\Python_Reasoning_Functions_20260515_173222\functions_by_source\wolf_engine\c37047d420f2__c37047d420f2__orchestrator.functions.py,5,ast,3450
wolf_engine,G:\BACKUPS ONLY\clearbox-ai-studio-v2-main backup 1\plugins\wolf_engine\archon\verdict.py,C:\Users\mydyi\OneDrive\Documents\Desktop\Python_Reasoning_Engines_20260515_172849\files\wolf_engine\d85c72eea1ae__verdict.py,C:\Users\mydyi\OneDrive\Documents\Desktop\Python_Reasoning_Functions_20260515_173222\functions_by_source\wolf_engine\d85c72eea1ae__d85c72eea1ae__verdict.functions.py,8,ast,3903
wolf_engine,G:\BACKUPS ONLY\clearbox-ai-studio-v2-main backup 1\plugins\wolf_engine\config.py,C:\Users\mydyi\OneDrive\Documents\Desktop\Python_Reasoning_Engines_20260515_172849\files\wolf_engine\d6212073db00__config.py,C:\Users\mydyi\OneDrive\Documents\Desktop\Python_Reasoning_Functions_20260515_173222\functions_by_source\wolf_engine\d6212073db00__d6212073db00__config.functions.py,1,ast,2307
wolf_engine,G:\BACKUPS ONLY\clearbox-ai-studio-v2-main backup 1\plugins\wolf_engine\core\engine.py,C:\Users\mydyi\OneDrive\Documents\Desktop\Python_Reasoning_Engines_20260515_172849\files\wolf_engine\9456f66b8c66__engine.py,C:\Users\mydyi\OneDrive\Documents\Desktop\Python_Reasoning_Functions_20260515_173222\functions_by_source\wolf_engine\9456f66b8c66__9456f66b8c66__engine.functions.py,20,ast,16259
wolf_engine,G:\BACKUPS ONLY\clearbox-ai-studio-v2-main backup 1\plugins\wolf_engine\dashboard\app.py,C:\Users\mydyi\OneDrive\Documents\Desktop\Python_Reasoning_Engines_20260515_172849\files\wolf_engine\a23cbf641e9a__app.py,C:\Users\mydyi\OneDrive\Documents\Desktop\Python_Reasoning_Functions_20260515_173222\functions_by_source\wolf_engine\a23cbf641e9a__a23cbf641e9a__app.functions.py,2,ast,13654
wolf_engine,G:\BACKUPS ONLY\clearbox-ai-studio-v2-main backup 1\plugins\wolf_engine\dashboard\web.py,C:\Users\mydyi\OneDrive\Documents\Desktop\Python_Reasoning_Engines_20260515_172849\files\wolf_engine\b64b3df10b99__web.py,C:\Users\mydyi\OneDrive\Documents\Desktop\Python_Reasoning_Functions_20260515_173222\functions_by_source\wolf_engine\b64b3df10b99__b64b3df10b99__web.functions.py,3,ast,6071
wolf_engine,G:\BACKUPS ONLY\clearbox-ai-studio-v2-main backup 1\plugins\wolf_engine\evidence\fusion.py,C:\Users\mydyi\OneDrive\Documents\Desktop\Python_Reasoning_Engines_20260515_172849\files\wolf_engine\10a648cabd17__fusion.py,C:\Users\mydyi\OneDrive\Documents\Desktop\Python_Reasoning_Functions_20260515_173222\functions_by_source\wolf_engine\10a648cabd17__10a648cabd17__fusion.functions.py,7,ast,4427
wolf_engine,G:\BACKUPS ONLY\clearbox-ai-studio-v2-main backup 1\plugins\wolf_engine\evidence\session_manager.py,C:\Users\mydyi\OneDrive\Documents\Desktop\Python_Reasoning_Engines_20260515_172849\files\wolf_engine\e72154640526__session_manager.py,C:\Users\mydyi\OneDrive\Documents\Desktop\Python_Reasoning_Functions_20260515_173222\functions_by_source\wolf_engine\e72154640526__e72154640526__session_manager.functions.py,9,ast,4894
wolf_engine,G:\BACKUPS ONLY\clearbox-ai-studio-v2-main backup 1\plugins\wolf_engine\evidence\timebase.py,C:\Users\mydyi\OneDrive\Documents\Desktop\Python_Reasoning_Engines_20260515_172849\files\wolf_engine\8c466d1fcd3a__timebase.py,C:\Users\mydyi\OneDrive\Documents\Desktop\Python_Reasoning_Functions_20260515_173222\functions_by_source\wolf_engine\8c466d1fcd3a__8c466d1fcd3a__timebase.functions.py,6,ast,2264
wolf_engine,G:\BACKUPS ONLY\clearbox-ai-studio-v2-main backup 1\plugins\wolf_engine\evidence\worker_base.py,C:\Users\mydyi\OneDrive\Documents\Desktop\Python_Reasoning_Engines_20260515_172849\files\wolf_engine\b80124a2264b__worker_base.py,C:\Users\mydyi\OneDrive\Documents\Desktop\Python_Reasoning_Functions_20260515_173222\functions_by_source\wolf_engine\b80124a2264b__b80124a2264b__worker_base.functions.py,8,ast,4403
wolf_engine,G:\BACKUPS ONLY\clearbox-ai-studio-v2-main backup 1\plugins\wolf_engine\evidence\workers.py,C:\Users\mydyi\OneDrive\Documents\Desktop\Python_Reasoning_Engines_20260515_172849\files\wolf_engine\7b6324134958__workers.py,C:\Users\mydyi\OneDrive\Documents\Desktop\Python_Reasoning_Functions_20260515_173222\functions_by_source\wolf_engine\7b6324134958__7b6324134958__workers.functions.py,9,ast,7369
wolf_engine,G:\BACKUPS ONLY\clearbox-ai-studio-v2-main backup 1\plugins\wolf_engine\forge\forge_memory.py,C:\Users\mydyi\OneDrive\Documents\Desktop\Python_Reasoning_Engines_20260515_172849\files\wolf_engine\9c8762d76aa7__forge_memory.py,C:\Users\mydyi\OneDrive\Documents\Desktop\Python_Reasoning_Functions_20260515_173222\functions_by_source\wolf_engine\9c8762d76aa7__9c8762d76aa7__forge_memory.functions.py,6,ast,4363
wolf_engine,G:\BACKUPS ONLY\clearbox-ai-studio-v2-main backup 1\plugins\wolf_engine\gnome\gnome_service.py,C:\Users\mydyi\OneDrive\Documents\Desktop\Python_Reasoning_Engines_20260515_172849\files\wolf_engine\f86c44950398__gnome_service.py,C:\Users\mydyi\OneDrive\Documents\Desktop\Python_Reasoning_Functions_20260515_173222\functions_by_source\wolf_engine\f86c44950398__f86c44950398__gnome_service.functions.py,3,ast,2917
wolf_engine,G:\BACKUPS ONLY\clearbox-ai-studio-v2-main backup 1\plugins\wolf_engine\gnome\integrity.py,C:\Users\mydyi\OneDrive\Documents\Desktop\Python_Reasoning_Engines_20260515_172849\files\wolf_engine\c6f3d4098983__integrity.py,C:\Users\mydyi\OneDrive\Documents\Desktop\Python_Reasoning_Functions_20260515_173222\functions_by_source\wolf_engine\c6f3d4098983__c6f3d4098983__integrity.functions.py,2,ast,861
wolf_engine,G:\BACKUPS ONLY\clearbox-ai-studio-v2-main backup 1\plugins\wolf_engine\gnome\symbol_genome_loader.py,C:\Users\mydyi\OneDrive\Documents\Desktop\Python_Reasoning_Engines_20260515_172849\files\wolf_engine\145dd29a6ac3__symbol_genome_loader.py,C:\Users\mydyi\OneDrive\Documents\Desktop\Python_Reasoning_Functions_20260515_173222\functions_by_source\wolf_engine\145dd29a6ac3__145dd29a6ac3__symbol_genome_loader.functions.py,4,ast,2015
wolf_engine,G:\BACKUPS ONLY\clearbox-ai-studio-v2-main backup 1\plugins\wolf_engine\gnome\symbolizer.py,C:\Users\mydyi\OneDrive\Documents\Desktop\Python_Reasoning_Engines_20260515_172849\files\wolf_engine\ebc2fbf229c5__symbolizer.py,C:\Users\mydyi\OneDrive\Documents\Desktop\Python_Reasoning_Functions_20260515_173222\functions_by_source\wolf_engine\ebc2fbf229c5__ebc2fbf229c5__symbolizer.functions.py,3,ast,1626
wolf_engine,G:\BACKUPS ONLY\clearbox-ai-studio-v2-main backup 1\plugins\wolf_engine\gpu\device.py,C:\Users\mydyi\OneDrive\Documents\Desktop\Python_Reasoning_Engines_20260515_172849\files\wolf_engine\ddb5752a97c8__device.py,C:\Users\mydyi\OneDrive\Documents\Desktop\Python_Reasoning_Functions_20260515_173222\functions_by_source\wolf_engine\ddb5752a97c8__ddb5752a97c8__device.functions.py,6,ast,2580
wolf_engine,G:\BACKUPS ONLY\clearbox-ai-studio-v2-main backup 1\plugins\wolf_engine\gpu\forge_memory_gpu.py,C:\Users\mydyi\OneDrive\Documents\Desktop\Python_Reasoning_Engines_20260515_172849\files\wolf_engine\ac10303afc6c__forge_memory_gpu.py,C:\Users\mydyi\OneDrive\Documents\Desktop\Python_Reasoning_Functions_20260515_173222\functions_by_source\wolf_engine\ac10303afc6c__ac10303afc6c__forge_memory_gpu.functions.py,7,ast,5233
wolf_engine,G:\BACKUPS ONLY\clearbox-ai-studio-v2-main backup 1\plugins\wolf_engine\gpu\ncv_batch.py,C:\Users\mydyi\OneDrive\Documents\Desktop\Python_Reasoning_Engines_20260515_172849\files\wolf_engine\956839aff0bf__ncv_batch.py,C:\Users\mydyi\OneDrive\Documents\Desktop\Python_Reasoning_Functions_20260515_173222\functions_by_source\wolf_engine\956839aff0bf__956839aff0bf__ncv_batch.functions.py,3,ast,3628
wolf_engine,G:\BACKUPS ONLY\clearbox-ai-studio-v2-main backup 1\plugins\wolf_engine\gpu\window_engine.py,C:\Users\mydyi\OneDrive\Documents\Desktop\Python_Reasoning_Engines_20260515_172849\files\wolf_engine\e5d3e7c25368__window_engine.py,C:\Users\mydyi\OneDrive\Documents\Desktop\Python_Reasoning_Functions_20260515_173222\functions_by_source\wolf_engine\e5d3e7c25368__e5d3e7c25368__window_engine.functions.py,3,ast,3457
wolf_engine,G:\BACKUPS ONLY\clearbox-ai-studio-v2-main backup 1\plugins\wolf_engine\logging_config.py,C:\Users\mydyi\OneDrive\Documents\Desktop\Python_Reasoning_Engines_20260515_172849\files\wolf_engine\28f58ff06aa4__logging_config.py,C:\Users\mydyi\OneDrive\Documents\Desktop\Python_Reasoning_Functions_20260515_173222\functions_by_source\wolf_engine\28f58ff06aa4__28f58ff06aa4__logging_config.functions.py,2,ast,1534
wolf_engine,G:\BACKUPS ONLY\clearbox-ai-studio-v2-main backup 1\plugins\wolf_engine\metrics\collector.py,C:\Users\mydyi\OneDrive\Documents\Desktop\Python_Reasoning_Engines_20260515_172849\files\wolf_engine\f4a6a371fd48__collector.py,C:\Users\mydyi\OneDrive\Documents\Desktop\Python_Reasoning_Functions_20260515_173222\functions_by_source\wolf_engine\f4a6a371fd48__f4a6a371fd48__collector.functions.py,14,ast,7985
wolf_engine,G:\BACKUPS ONLY\clearbox-ai-studio-v2-main backup 1\plugins\wolf_engine\metrics\exporter.py,C:\Users\mydyi\OneDrive\Documents\Desktop\Python_Reasoning_Engines_20260515_172849\files\wolf_engine\607c8114d1b1__exporter.py,C:\Users\mydyi\OneDrive\Documents\Desktop\Python_Reasoning_Functions_20260515_173222\functions_by_source\wolf_engine\607c8114d1b1__607c8114d1b1__exporter.functions.py,11,ast,7169
wolf_engine,G:\BACKUPS ONLY\clearbox-ai-studio-v2-main backup 1\plugins\wolf_engine\modules\base.py,C:\Users\mydyi\OneDrive\Documents\Desktop\Python_Reasoning_Engines_20260515_172849\files\wolf_engine\ca2c1fcb9104__base.py,C:\Users\mydyi\OneDrive\Documents\Desktop\Python_Reasoning_Functions_20260515_173222\functions_by_source\wolf_engine\ca2c1fcb9104__ca2c1fcb9104__base.functions.py,6,ast,1492
wolf_engine,G:\BACKUPS ONLY\clearbox-ai-studio-v2-main backup 1\plugins\wolf_engine\modules\loggers\ads_detector.py,C:\Users\mydyi\OneDrive\Documents\Desktop\Python_Reasoning_Engines_20260515_172849\files\wolf_engine\34a92d1eadcb__ads_detector.py,C:\Users\mydyi\OneDrive\Documents\Desktop\Python_Reasoning_Functions_20260515_173222\functions_by_source\wolf_engine\34a92d1eadcb__34a92d1eadcb__ads_detector.functions.py,8,ast,4924
wolf_engine,G:\BACKUPS ONLY\clearbox-ai-studio-v2-main backup 1\plugins\wolf_engine\modules\loggers\camera_movement.py,C:\Users\mydyi\OneDrive\Documents\Desktop\Python_Reasoning_Engines_20260515_172849\files\wolf_engine\db9c247834b5__camera_movement.py,C:\Users\mydyi\OneDrive\Documents\Desktop\Python_Reasoning_Functions_20260515_173222\functions_by_source\wolf_engine\db9c247834b5__db9c247834b5__camera_movement.functions.py,6,ast,3469
wolf_engine,G:\BACKUPS ONLY\clearbox-ai-studio-v2-main backup 1\plugins\wolf_engine\modules\loggers\input_logger.py,C:\Users\mydyi\OneDrive\Documents\Desktop\Python_Reasoning_Engines_20260515_172849\files\wolf_engine\99e1d9a0166e__input_logger.py,C:\Users\mydyi\OneDrive\Documents\Desktop\Python_Reasoning_Functions_20260515_173222\functions_by_source\wolf_engine\99e1d9a0166e__99e1d9a0166e__input_logger.functions.py,4,ast,1353
wolf_engine,G:\BACKUPS ONLY\clearbox-ai-studio-v2-main backup 1\plugins\wolf_engine\modules\loggers\movement_state.py,C:\Users\mydyi\OneDrive\Documents\Desktop\Python_Reasoning_Engines_20260515_172849\files\wolf_engine\e9a4367308b4__movement_state.py,C:\Users\mydyi\OneDrive\Documents\Desktop\Python_Reasoning_Functions_20260515_173222\functions_by_source\wolf_engine\e9a4367308b4__e9a4367308b4__movement_state.functions.py,10,ast,4444
wolf_engine,G:\BACKUPS ONLY\clearbox-ai-studio-v2-main backup 1\plugins\wolf_engine\modules\loggers\network.py,C:\Users\mydyi\OneDrive\Documents\Desktop\Python_Reasoning_Engines_20260515_172849\files\wolf_engine\51115f22a9e8__network.py,C:\Users\mydyi\OneDrive\Documents\Desktop\Python_Reasoning_Functions_20260515_173222\functions_by_source\wolf_engine\51115f22a9e8__51115f22a9e8__network.functions.py,4,ast,1355
wolf_engine,G:\BACKUPS ONLY\clearbox-ai-studio-v2-main backup 1\plugins\wolf_engine\modules\loggers\process.py,C:\Users\mydyi\OneDrive\Documents\Desktop\Python_Reasoning_Engines_20260515_172849\files\wolf_engine\0a247647da85__process.py,C:\Users\mydyi\OneDrive\Documents\Desktop\Python_Reasoning_Functions_20260515_173222\functions_by_source\wolf_engine\0a247647da85__0a247647da85__process.functions.py,4,ast,1355
wolf_engine,G:\BACKUPS ONLY\clearbox-ai-studio-v2-main backup 1\plugins\wolf_engine\modules\loggers\system_perf.py,C:\Users\mydyi\OneDrive\Documents\Desktop\Python_Reasoning_Engines_20260515_172849\files\wolf_engine\0f288d9a06cd__system_perf.py,C:\Users\mydyi\OneDrive\Documents\Desktop\Python_Reasoning_Functions_20260515_173222\functions_by_source\wolf_engine\0f288d9a06cd__0f288d9a06cd__system_perf.functions.py,4,ast,1421
wolf_engine,G:\BACKUPS ONLY\clearbox-ai-studio-v2-main backup 1\plugins\wolf_engine\modules\loggers\trigger_pull.py,C:\Users\mydyi\OneDrive\Documents\Desktop\Python_Reasoning_Engines_20260515_172849\files\wolf_engine\b0c50e9f3c31__trigger_pull.py,C:\Users\mydyi\OneDrive\Documents\Desktop\Python_Reasoning_Functions_20260515_173222\functions_by_source\wolf_engine\b0c50e9f3c31__b0c50e9f3c31__trigger_pull.functions.py,8,ast,4246
wolf_engine,G:\BACKUPS ONLY\clearbox-ai-studio-v2-main backup 1\plugins\wolf_engine\modules\operators\crosshair_lock.py,C:\Users\mydyi\OneDrive\Documents\Desktop\Python_Reasoning_Engines_20260515_172849\files\wolf_engine\d6e894da3b75__crosshair_lock.py,C:\Users\mydyi\OneDrive\Documents\Desktop\Python_Reasoning_Functions_20260515_173222\functions_by_source\wolf_engine\d6e894da3b75__d6e894da3b75__crosshair_lock.functions.py,8,ast,4258
wolf_engine,G:\BACKUPS ONLY\clearbox-ai-studio-v2-main backup 1\plugins\wolf_engine\modules\operators\edge_entry.py,C:\Users\mydyi\OneDrive\Documents\Desktop\Python_Reasoning_Engines_20260515_172849\files\wolf_engine\ac1cd5cd4e31__edge_entry.py,C:\Users\mydyi\OneDrive\Documents\Desktop\Python_Reasoning_Functions_20260515_173222\functions_by_source\wolf_engine\ac1cd5cd4e31__ac1cd5cd4e31__edge_entry.functions.py,7,ast,4108
wolf_engine,G:\BACKUPS ONLY\clearbox-ai-studio-v2-main backup 1\plugins\wolf_engine\modules\operators\eomm_compositor.py,C:\Users\mydyi\OneDrive\Documents\Desktop\Python_Reasoning_Engines_20260515_172849\files\wolf_engine\ab66f0fe87a8__eomm_compositor.py,C:\Users\mydyi\OneDrive\Documents\Desktop\Python_Reasoning_Functions_20260515_173222\functions_by_source\wolf_engine\ab66f0fe87a8__ab66f0fe87a8__eomm_compositor.functions.py,7,ast,3200
wolf_engine,G:\BACKUPS ONLY\clearbox-ai-studio-v2-main backup 1\plugins\wolf_engine\modules\operators\thermal_hitbox.py,C:\Users\mydyi\OneDrive\Documents\Desktop\Python_Reasoning_Engines_20260515_172849\files\wolf_engine\ba6022bbc07e__thermal_hitbox.py,C:\Users\mydyi\OneDrive\Documents\Desktop\Python_Reasoning_Functions_20260515_173222\functions_by_source\wolf_engine\ba6022bbc07e__ba6022bbc07e__thermal_hitbox.functions.py,7,ast,5826
wolf_engine,G:\BACKUPS ONLY\clearbox-ai-studio-v2-main backup 1\plugins\wolf_engine\modules\reasoning\cascade.py,C:\Users\mydyi\OneDrive\Documents\Desktop\Python_Reasoning_Engines_20260515_172849\files\wolf_engine\34bfe449db1f__cascade.py,C:\Users\mydyi\OneDrive\Documents\Desktop\Python_Reasoning_Functions_20260515_173222\functions_by_source\wolf_engine\34bfe449db1f__34bfe449db1f__cascade.functions.py,4,ast,1488
wolf_engine,G:\BACKUPS ONLY\clearbox-ai-studio-v2-main backup 1\plugins\wolf_engine\modules\reasoning\causal.py,C:\Users\mydyi\OneDrive\Documents\Desktop\Python_Reasoning_Engines_20260515_172849\files\wolf_engine\057cc14d2ffd__causal.py,C:\Users\mydyi\OneDrive\Documents\Desktop\Python_Reasoning_Functions_20260515_173222\functions_by_source\wolf_engine\057cc14d2ffd__057cc14d2ffd__causal.functions.py,4,ast,1521
wolf_engine,G:\BACKUPS ONLY\clearbox-ai-studio-v2-main backup 1\plugins\wolf_engine\modules\reasoning\frame_to_grid.py,C:\Users\mydyi\OneDrive\Documents\Desktop\Python_Reasoning_Engines_20260515_172849\files\wolf_engine\ad582e9cdab4__frame_to_grid.py,C:\Users\mydyi\OneDrive\Documents\Desktop\Python_Reasoning_Functions_20260515_173222\functions_by_source\wolf_engine\ad582e9cdab4__ad582e9cdab4__frame_to_grid.functions.py,6,ast,3358
wolf_engine,G:\BACKUPS ONLY\clearbox-ai-studio-v2-main backup 1\plugins\wolf_engine\modules\reasoning\ncv73_builder.py,C:\Users\mydyi\OneDrive\Documents\Desktop\Python_Reasoning_Engines_20260515_172849\files\wolf_engine\6a68683d8698__ncv73_builder.py,C:\Users\mydyi\OneDrive\Documents\Desktop\Python_Reasoning_Functions_20260515_173222\functions_by_source\wolf_engine\6a68683d8698__6a68683d8698__ncv73_builder.functions.py,7,ast,2687
wolf_engine,G:\BACKUPS ONLY\clearbox-ai-studio-v2-main backup 1\plugins\wolf_engine\modules\reasoning\pattern.py,C:\Users\mydyi\OneDrive\Documents\Desktop\Python_Reasoning_Engines_20260515_172849\files\wolf_engine\a6bcb3b05f8d__pattern.py,C:\Users\mydyi\OneDrive\Documents\Desktop\Python_Reasoning_Functions_20260515_173222\functions_by_source\wolf_engine\a6bcb3b05f8d__a6bcb3b05f8d__pattern.functions.py,4,ast,1396
wolf_engine,G:\BACKUPS ONLY\clearbox-ai-studio-v2-main backup 1\plugins\wolf_engine\modules\reasoning\window_builder.py,C:\Users\mydyi\OneDrive\Documents\Desktop\Python_Reasoning_Engines_20260515_172849\files\wolf_engine\786704c5edc7__window_builder.py,C:\Users\mydyi\OneDrive\Documents\Desktop\Python_Reasoning_Functions_20260515_173222\functions_by_source\wolf_engine\786704c5edc7__786704c5edc7__window_builder.functions.py,8,ast,2628
wolf_engine,G:\BACKUPS ONLY\clearbox-ai-studio-v2-main backup 1\plugins\wolf_engine\modules\registry.py,C:\Users\mydyi\OneDrive\Documents\Desktop\Python_Reasoning_Engines_20260515_172849\files\wolf_engine\e58acb7c264d__registry.py,C:\Users\mydyi\OneDrive\Documents\Desktop\Python_Reasoning_Functions_20260515_173222\functions_by_source\wolf_engine\e58acb7c264d__e58acb7c264d__registry.functions.py,7,ast,3724
wolf_engine,G:\BACKUPS ONLY\clearbox-ai-studio-v2-main backup 1\plugins\wolf_engine\pipeline.py,C:\Users\mydyi\OneDrive\Documents\Desktop\Python_Reasoning_Engines_20260515_172849\files\wolf_engine\6a859f36cfab__pipeline.py,C:\Users\mydyi\OneDrive\Documents\Desktop\Python_Reasoning_Functions_20260515_173222\functions_by_source\wolf_engine\6a859f36cfab__6a859f36cfab__pipeline.functions.py,1,ast,1652
wolf_engine,G:\BACKUPS ONLY\clearbox-ai-studio-v2-main backup 1\plugins\wolf_engine\reasoning\cascade_engine.py,C:\Users\mydyi\OneDrive\Documents\Desktop\Python_Reasoning_Engines_20260515_172849\files\wolf_engine\66124e3e1397__cascade_engine.py,C:\Users\mydyi\OneDrive\Documents\Desktop\Python_Reasoning_Functions_20260515_173222\functions_by_source\wolf_engine\66124e3e1397__66124e3e1397__cascade_engine.functions.py,7,ast,4922
wolf_engine,G:\BACKUPS ONLY\clearbox-ai-studio-v2-main backup 1\plugins\wolf_engine\reasoning\causal_analyzer.py,C:\Users\mydyi\OneDrive\Documents\Desktop\Python_Reasoning_Engines_20260515_172849\files\wolf_engine\cfb4f2d37f58__causal_analyzer.py,C:\Users\mydyi\OneDrive\Documents\Desktop\Python_Reasoning_Functions_20260515_173222\functions_by_source\wolf_engine\cfb4f2d37f58__cfb4f2d37f58__causal_analyzer.functions.py,5,ast,3183
wolf_engine,G:\BACKUPS ONLY\clearbox-ai-studio-v2-main backup 1\plugins\wolf_engine\reasoning\engine.py,C:\Users\mydyi\OneDrive\Documents\Desktop\Python_Reasoning_Engines_20260515_172849\files\wolf_engine\f8998c79d5fb__engine.py,C:\Users\mydyi\OneDrive\Documents\Desktop\Python_Reasoning_Functions_20260515_173222\functions_by_source\wolf_engine\f8998c79d5fb__f8998c79d5fb__engine.functions.py,7,ast,5343
wolf_engine,G:\BACKUPS ONLY\clearbox-ai-studio-v2-main backup 1\plugins\wolf_engine\reasoning\pattern_detector.py,C:\Users\mydyi\OneDrive\Documents\Desktop\Python_Reasoning_Engines_20260515_172849\files\wolf_engine\b16b0b50f352__pattern_detector.py,C:\Users\mydyi\OneDrive\Documents\Desktop\Python_Reasoning_Functions_20260515_173222\functions_by_source\wolf_engine\b16b0b50f352__b16b0b50f352__pattern_detector.functions.py,5,ast,5593
wolf_engine,G:\BACKUPS ONLY\clearbox-ai-studio-v2-main backup 1\plugins\wolf_engine\reasoning\reasoning_service.py,C:\Users\mydyi\OneDrive\Documents\Desktop\Python_Reasoning_Engines_20260515_172849\files\wolf_engine\e745d1b1a8b1__reasoning_service.py,C:\Users\mydyi\OneDrive\Documents\Desktop\Python_Reasoning_Functions_20260515_173222\functions_by_source\wolf_engine\e745d1b1a8b1__e745d1b1a8b1__reasoning_service.functions.py,9,ast,7398
wolf_engine,G:\BACKUPS ONLY\clearbox-ai-studio-v2-main backup 1\plugins\wolf_engine\restart.py,C:\Users\mydyi\OneDrive\Documents\Desktop\Python_Reasoning_Engines_20260515_172849\files\wolf_engine\dabc3f0067a3__restart.py,C:\Users\mydyi\OneDrive\Documents\Desktop\Python_Reasoning_Functions_20260515_173222\functions_by_source\wolf_engine\dabc3f0067a3__dabc3f0067a3__restart.functions.py,1,ast,824
wolf_engine,G:\BACKUPS ONLY\clearbox-ai-studio-v2-main backup 1\plugins\wolf_engine\schemas.py,C:\Users\mydyi\OneDrive\Documents\Desktop\Python_Reasoning_Engines_20260515_172849\files\wolf_engine\0575fa8aa86f__schemas.py,C:\Users\mydyi\OneDrive\Documents\Desktop\Python_Reasoning_Functions_20260515_173222\functions_by_source\wolf_engine\0575fa8aa86f__0575fa8aa86f__schemas.functions.py,1,ast,1067
wolf_engine,G:\BACKUPS ONLY\clearbox-ai-studio-v2-main backup 1\plugins\wolf_engine\services\forge_service.py,C:\Users\mydyi\OneDrive\Documents\Desktop\Python_Reasoning_Engines_20260515_172849\files\wolf_engine\5f5df64a5b0a__forge_service.py,C:\Users\mydyi\OneDrive\Documents\Desktop\Python_Reasoning_Functions_20260515_173222\functions_by_source\wolf_engine\5f5df64a5b0a__5f5df64a5b0a__forge_service.functions.py,8,ast,3933
wolf_engine,G:\BACKUPS ONLY\clearbox-ai-studio-v2-main backup 1\plugins\wolf_engine\services\gateway.py,C:\Users\mydyi\OneDrive\Documents\Desktop\Python_Reasoning_Engines_20260515_172849\files\wolf_engine\f332bf0c4df7__gateway.py,C:\Users\mydyi\OneDrive\Documents\Desktop\Python_Reasoning_Functions_20260515_173222\functions_by_source\wolf_engine\f332bf0c4df7__f332bf0c4df7__gateway.functions.py,2,ast,3817
wolf_engine,G:\BACKUPS ONLY\clearbox-ai-studio-v2-main backup 1\plugins\wolf_engine\services\health.py,C:\Users\mydyi\OneDrive\Documents\Desktop\Python_Reasoning_Engines_20260515_172849\files\wolf_engine\5968c342be49__health.py,C:\Users\mydyi\OneDrive\Documents\Desktop\Python_Reasoning_Functions_20260515_173222\functions_by_source\wolf_engine\5968c342be49__5968c342be49__health.functions.py,12,ast,4350
wolf_engine,G:\BACKUPS ONLY\clearbox-ai-studio-v2-main backup 1\plugins\wolf_engine\services\perception_service.py,C:\Users\mydyi\OneDrive\Documents\Desktop\Python_Reasoning_Engines_20260515_172849\files\wolf_engine\bb8b0b98a085__perception_service.py,C:\Users\mydyi\OneDrive\Documents\Desktop\Python_Reasoning_Functions_20260515_173222\functions_by_source\wolf_engine\bb8b0b98a085__bb8b0b98a085__perception_service.functions.py,7,ast,3885
wolf_engine,G:\BACKUPS ONLY\clearbox-ai-studio-v2-main backup 1\plugins\wolf_engine\services\protocol.py,C:\Users\mydyi\OneDrive\Documents\Desktop\Python_Reasoning_Engines_20260515_172849\files\wolf_engine\e4249627178d__protocol.py,C:\Users\mydyi\OneDrive\Documents\Desktop\Python_Reasoning_Functions_20260515_173222\functions_by_source\wolf_engine\e4249627178d__e4249627178d__protocol.functions.py,10,ast,2815
wolf_engine,G:\BACKUPS ONLY\clearbox-ai-studio-v2-main backup 1\plugins\wolf_engine\sql\sqlite_reader.py,C:\Users\mydyi\OneDrive\Documents\Desktop\Python_Reasoning_Engines_20260515_172849\files\wolf_engine\7d9e42084c17__sqlite_reader.py,C:\Users\mydyi\OneDrive\Documents\Desktop\Python_Reasoning_Functions_20260515_173222\functions_by_source\wolf_engine\7d9e42084c17__7d9e42084c17__sqlite_reader.functions.py,5,ast,4242
wolf_engine,G:\BACKUPS ONLY\clearbox-ai-studio-v2-main backup 1\plugins\wolf_engine\sql\sqlite_writer.py,C:\Users\mydyi\OneDrive\Documents\Desktop\Python_Reasoning_Engines_20260515_172849\files\wolf_engine\3c437debc80e__sqlite_writer.py,C:\Users\mydyi\OneDrive\Documents\Desktop\Python_Reasoning_Functions_20260515_173222\functions_by_source\wolf_engine\3c437debc80e__3c437debc80e__sqlite_writer.functions.py,12,ast,7414
wolf_engine,G:\BACKUPS ONLY\clearbox-ai-studio-v2-main backup 1\plugins\wolf_engine\start.py,C:\Users\mydyi\OneDrive\Documents\Desktop\Python_Reasoning_Engines_20260515_172849\files\wolf_engine\a7b45789e0ad__start.py,C:\Users\mydyi\OneDrive\Documents\Desktop\Python_Reasoning_Functions_20260515_173222\functions_by_source\wolf_engine\a7b45789e0ad__a7b45789e0ad__start.functions.py,3,ast,4242
wolf_engine,G:\BACKUPS ONLY\clearbox-ai-studio-v2-main backup 1\plugins\wolf_engine\stop.py,C:\Users\mydyi\OneDrive\Documents\Desktop\Python_Reasoning_Engines_20260515_172849\files\wolf_engine\a450672c520e__stop.py,C:\Users\mydyi\OneDrive\Documents\Desktop\Python_Reasoning_Functions_20260515_173222\functions_by_source\wolf_engine\a450672c520e__a450672c520e__stop.functions.py,1,ast,1766
wolf_engine,G:\BACKUPS ONLY\clearbox-ai-studio-v2-main backup 1\plugins\wolf_engine\tests\conftest.py,C:\Users\mydyi\OneDrive\Documents\Desktop\Python_Reasoning_Engines_20260515_172849\files\wolf_engine\bbdc09302b23__conftest.py,C:\Users\mydyi\OneDrive\Documents\Desktop\Python_Reasoning_Functions_20260515_173222\functions_by_source\wolf_engine\bbdc09302b23__bbdc09302b23__conftest.functions.py,8,ast,3462
wolf_engine,G:\BACKUPS ONLY\clearbox-ai-studio-v2-main backup 1\plugins\wolf_engine\tests\test_acceptance.py,C:\Users\mydyi\OneDrive\Documents\Desktop\Python_Reasoning_Engines_20260515_172849\files\wolf_engine\c3776eb7f622__test_acceptance.py,C:\Users\mydyi\OneDrive\Documents\Desktop\Python_Reasoning_Functions_20260515_173222\functions_by_source\wolf_engine\c3776eb7f622__c3776eb7f622__test_acceptance.functions.py,6,ast,4953
wolf_engine,G:\BACKUPS ONLY\clearbox-ai-studio-v2-main backup 1\plugins\wolf_engine\tests\test_api.py,C:\Users\mydyi\OneDrive\Documents\Desktop\Python_Reasoning_Engines_20260515_172849\files\wolf_engine\5190d5229dab__test_api.py,C:\Users\mydyi\OneDrive\Documents\Desktop\Python_Reasoning_Functions_20260515_173222\functions_by_source\wolf_engine\5190d5229dab__5190d5229dab__test_api.functions.py,42,ast,19251
wolf_engine,G:\BACKUPS ONLY\clearbox-ai-studio-v2-main backup 1\plugins\wolf_engine\tests\test_archon.py,C:\Users\mydyi\OneDrive\Documents\Desktop\Python_Reasoning_Engines_20260515_172849\files\wolf_engine\d998ee9b5b49__test_archon.py,C:\Users\mydyi\OneDrive\Documents\Desktop\Python_Reasoning_Functions_20260515_173222\functions_by_source\wolf_engine\d998ee9b5b49__d998ee9b5b49__test_archon.functions.py,42,ast,16188
wolf_engine,G:\BACKUPS ONLY\clearbox-ai-studio-v2-main backup 1\plugins\wolf_engine\tests\test_engine.py,C:\Users\mydyi\OneDrive\Documents\Desktop\Python_Reasoning_Engines_20260515_172849\files\wolf_engine\02148b75cda4__test_engine.py,C:\Users\mydyi\OneDrive\Documents\Desktop\Python_Reasoning_Functions_20260515_173222\functions_by_source\wolf_engine\02148b75cda4__02148b75cda4__test_engine.functions.py,9,ast,4004
wolf_engine,G:\BACKUPS ONLY\clearbox-ai-studio-v2-main backup 1\plugins\wolf_engine\tests\test_evidence.py,C:\Users\mydyi\OneDrive\Documents\Desktop\Python_Reasoning_Engines_20260515_172849\files\wolf_engine\acd669bbfdc3__test_evidence.py,C:\Users\mydyi\OneDrive\Documents\Desktop\Python_Reasoning_Functions_20260515_173222\functions_by_source\wolf_engine\acd669bbfdc3__acd669bbfdc3__test_evidence.functions.py,29,ast,14108
wolf_engine,G:\BACKUPS ONLY\clearbox-ai-studio-v2-main backup 1\plugins\wolf_engine\tests\test_gpu.py,C:\Users\mydyi\OneDrive\Documents\Desktop\Python_Reasoning_Engines_20260515_172849\files\wolf_engine\221284de6a1c__test_gpu.py,C:\Users\mydyi\OneDrive\Documents\Desktop\Python_Reasoning_Functions_20260515_173222\functions_by_source\wolf_engine\221284de6a1c__221284de6a1c__test_gpu.functions.py,34,ast,13851
wolf_engine,G:\BACKUPS ONLY\clearbox-ai-studio-v2-main backup 1\plugins\wolf_engine\tests\test_metrics.py,C:\Users\mydyi\OneDrive\Documents\Desktop\Python_Reasoning_Engines_20260515_172849\files\wolf_engine\3b250aad7f97__test_metrics.py,C:\Users\mydyi\OneDrive\Documents\Desktop\Python_Reasoning_Functions_20260515_173222\functions_by_source\wolf_engine\3b250aad7f97__3b250aad7f97__test_metrics.functions.py,17,ast,8125
wolf_engine,G:\BACKUPS ONLY\clearbox-ai-studio-v2-main backup 1\plugins\wolf_engine\tests\test_modules.py,C:\Users\mydyi\OneDrive\Documents\Desktop\Python_Reasoning_Engines_20260515_172849\files\wolf_engine\47e3167f5067__test_modules.py,C:\Users\mydyi\OneDrive\Documents\Desktop\Python_Reasoning_Functions_20260515_173222\functions_by_source\wolf_engine\47e3167f5067__47e3167f5067__test_modules.functions.py,19,ast,7053
wolf_engine,G:\BACKUPS ONLY\clearbox-ai-studio-v2-main backup 1\plugins\wolf_engine\tests\test_reasoning.py,C:\Users\mydyi\OneDrive\Documents\Desktop\Python_Reasoning_Engines_20260515_172849\files\wolf_engine\1e5b04d7eff3__test_reasoning.py,C:\Users\mydyi\OneDrive\Documents\Desktop\Python_Reasoning_Functions_20260515_173222\functions_by_source\wolf_engine\1e5b04d7eff3__1e5b04d7eff3__test_reasoning.functions.py,37,ast,16448
wolf_engine,G:\BACKUPS ONLY\clearbox-ai-studio-v2-main backup 1\plugins\wolf_engine\tests\test_services.py,C:\Users\mydyi\OneDrive\Documents\Desktop\Python_Reasoning_Engines_20260515_172849\files\wolf_engine\4d159ec48468__test_services.py,C:\Users\mydyi\OneDrive\Documents\Desktop\Python_Reasoning_Functions_20260515_173222\functions_by_source\wolf_engine\4d159ec48468__4d159ec48468__test_services.functions.py,14,ast,10217
wolf_engine,G:\BACKUPS ONLY\clearbox-ai-studio-v2-main backup 1\plugins\wolf_engine\tests\test_stress.py,C:\Users\mydyi\OneDrive\Documents\Desktop\Python_Reasoning_Engines_20260515_172849\files\wolf_engine\f8a05c7774bd__test_stress.py,C:\Users\mydyi\OneDrive\Documents\Desktop\Python_Reasoning_Functions_20260515_173222\functions_by_source\wolf_engine\f8a05c7774bd__f8a05c7774bd__test_stress.functions.py,6,ast,6782
wolf_engine,G:\BACKUPS ONLY\clearbox-ai-studio-v2-main backup 1\tests\wolf_engine\conftest.py,C:\Users\mydyi\OneDrive\Documents\Desktop\Python_Reasoning_Engines_20260515_172849\files\wolf_engine\6f97724f29ac__conftest.py,C:\Users\mydyi\OneDrive\Documents\Desktop\Python_Reasoning_Functions_20260515_173222\functions_by_source\wolf_engine\6f97724f29ac__6f97724f29ac__conftest.functions.py,8,ast,3454
wolf_engine,G:\BACKUPS ONLY\clearbox-ai-studio-v2-main backup 1\tests\wolf_engine\test_acceptance.py,C:\Users\mydyi\OneDrive\Documents\Desktop\Python_Reasoning_Engines_20260515_172849\files\wolf_engine\b981e61dfa47__test_acceptance.py,C:\Users\mydyi\OneDrive\Documents\Desktop\Python_Reasoning_Functions_20260515_173222\functions_by_source\wolf_engine\b981e61dfa47__b981e61dfa47__test_acceptance.functions.py,6,ast,4945
wolf_engine,G:\BACKUPS ONLY\clearbox-ai-studio-v2-main backup 1\tests\wolf_engine\test_api.py,C:\Users\mydyi\OneDrive\Documents\Desktop\Python_Reasoning_Engines_20260515_172849\files\wolf_engine\e2493e2e30c5__test_api.py,C:\Users\mydyi\OneDrive\Documents\Desktop\Python_Reasoning_Functions_20260515_173222\functions_by_source\wolf_engine\e2493e2e30c5__e2493e2e30c5__test_api.functions.py,42,ast,19243
wolf_engine,G:\BACKUPS ONLY\clearbox-ai-studio-v2-main backup 1\tests\wolf_engine\test_archon.py,C:\Users\mydyi\OneDrive\Documents\Desktop\Python_Reasoning_Engines_20260515_172849\files\wolf_engine\71a104101520__test_archon.py,C:\Users\mydyi\OneDrive\Documents\Desktop\Python_Reasoning_Functions_20260515_173222\functions_by_source\wolf_engine\71a104101520__71a104101520__test_archon.functions.py,42,ast,16180
wolf_engine,G:\BACKUPS ONLY\clearbox-ai-studio-v2-main backup 1\tests\wolf_engine\test_engine.py,C:\Users\mydyi\OneDrive\Documents\Desktop\Python_Reasoning_Engines_20260515_172849\files\wolf_engine\bb102363c2d7__test_engine.py,C:\Users\mydyi\OneDrive\Documents\Desktop\Python_Reasoning_Functions_20260515_173222\functions_by_source\wolf_engine\bb102363c2d7__bb102363c2d7__test_engine.functions.py,9,ast,3996
wolf_engine,G:\BACKUPS ONLY\clearbox-ai-studio-v2-main backup 1\tests\wolf_engine\test_evidence.py,C:\Users\mydyi\OneDrive\Documents\Desktop\Python_Reasoning_Engines_20260515_172849\files\wolf_engine\f2c14da42694__test_evidence.py,C:\Users\mydyi\OneDrive\Documents\Desktop\Python_Reasoning_Functions_20260515_173222\functions_by_source\wolf_engine\f2c14da42694__f2c14da42694__test_evidence.functions.py,29,ast,14100
wolf_engine,G:\BACKUPS ONLY\clearbox-ai-studio-v2-main backup 1\tests\wolf_engine\test_gpu.py,C:\Users\mydyi\OneDrive\Documents\Desktop\Python_Reasoning_Engines_20260515_172849\files\wolf_engine\7b85821af591__test_gpu.py,C:\Users\mydyi\OneDrive\Documents\Desktop\Python_Reasoning_Functions_20260515_173222\functions_by_source\wolf_engine\7b85821af591__7b85821af591__test_gpu.functions.py,34,ast,13843
wolf_engine,G:\BACKUPS ONLY\clearbox-ai-studio-v2-main backup 1\tests\wolf_engine\test_metrics.py,C:\Users\mydyi\OneDrive\Documents\Desktop\Python_Reasoning_Engines_20260515_172849\files\wolf_engine\b27eebd67233__test_metrics.py,C:\Users\mydyi\OneDrive\Documents\Desktop\Python_Reasoning_Functions_20260515_173222\functions_by_source\wolf_engine\b27eebd67233__b27eebd67233__test_metrics.functions.py,17,ast,8117
wolf_engine,G:\BACKUPS ONLY\clearbox-ai-studio-v2-main backup 1\tests\wolf_engine\test_modules.py,C:\Users\mydyi\OneDrive\Documents\Desktop\Python_Reasoning_Engines_20260515_172849\files\wolf_engine\1820e068b994__test_modules.py,C:\Users\mydyi\OneDrive\Documents\Desktop\Python_Reasoning_Functions_20260515_173222\functions_by_source\wolf_engine\1820e068b994__1820e068b994__test_modules.functions.py,19,ast,7045
wolf_engine,G:\BACKUPS ONLY\clearbox-ai-studio-v2-main backup 1\tests\wolf_engine\test_reasoning.py,C:\Users\mydyi\OneDrive\Documents\Desktop\Python_Reasoning_Engines_20260515_172849\files\wolf_engine\fc447299743f__test_reasoning.py,C:\Users\mydyi\OneDrive\Documents\Desktop\Python_Reasoning_Functions_20260515_173222\functions_by_source\wolf_engine\fc447299743f__fc447299743f__test_reasoning.functions.py,37,ast,16440
wolf_engine,G:\BACKUPS ONLY\clearbox-ai-studio-v2-main backup 1\tests\wolf_engine\test_services.py,C:\Users\mydyi\OneDrive\Documents\Desktop\Python_Reasoning_Engines_20260515_172849\files\wolf_engine\aa8c80e0a7c8__test_services.py,C:\Users\mydyi\OneDrive\Documents\Desktop\Python_Reasoning_Functions_20260515_173222\functions_by_source\wolf_engine\aa8c80e0a7c8__aa8c80e0a7c8__test_services.functions.py,14,ast,10209
wolf_engine,G:\BACKUPS ONLY\clearbox-ai-studio-v2-main backup 1\tests\wolf_engine\test_stress.py,C:\Users\mydyi\OneDrive\Documents\Desktop\Python_Reasoning_Engines_20260515_172849\files\wolf_engine\fd7e70e918d3__test_stress.py,C:\Users\mydyi\OneDrive\Documents\Desktop\Python_Reasoning_Functions_20260515_173222\functions_by_source\wolf_engine\fd7e70e918d3__fd7e70e918d3__test_stress.functions.py,6,ast,6774
